,| 男性的 |,| 女性的 |,不分男女的 :,最常用於男性 = 男女,最常用於女性 = 女男,,,,,,
,,,,,,,,,,,
Sex | 性別 ,Name | 名字,Diminutive | 暱稱,Variant | 變異體,Origin | 起源,Meaning & Information | 意思和訊息,,,,,,
A,,,,,,,,,,,
女,Aaliyah,,,阿拉伯語、英語（現代）、非裔美國人（現代）,Aali 的女性形式。它因歌手 Aaliyah Haughton（1979-2001）而在英語世界流行起來，她簡稱為 Aaliyah。在她於 1994 年發行首張專輯後，以及在她於 2001 年因飛機失事英年早逝後，這個名字的知名度得到了提升。,,,,,,
女,Aaralyn,,,英語（罕見）,使用流行名字後綴 lyn 對Aaron進行女性化闡述。,,,,,,
男女,Aaren,,,Aaron的變體或女性形式。,Aaron 的變體或女性化形式。,,,,,,
男,Aaron,,,英語、法語、德語、芬蘭語、猶太語、聖經、聖經拉丁語、聖經希臘語,來自希伯來名字אַהֲרֹן（「Aharon」），很可能起源於未知的埃及。其他理論聲稱源自希伯來語，並暗示諸如“高山”或“崇高”之類的含義。在舊約中，這個名字是摩西的哥哥所用的。當他的兄弟呼籲法老將以色列人從奴隸制中解放出來時，他充當了他們的發言人。亞倫的杖創造了奇蹟和瘟疫來恐嚇法老王。離開埃及到達西乃山後，上帝任命亞倫為以色列人的第一位大祭司，並應許他的後裔將組成祭司職任。作為一個英語名字，Aaron 自新教改革以來一直在使用。這個名字由美國政治家亞倫·伯爾（Aaron Burr，1756-1836 年）命名，他因在決鬥中殺死亞歷山大·漢密爾頓而聞名。,,,,,,
女,Abbey,,"Abbi, Abbie, Abby",英語,Abigail的暱稱。,,,,,,
女,Abbi,,,英語,Abigail的暱稱。,,,,,,
女,Abbie,,,英語,Abigail的暱稱。,,,,,,
女,Abby,,,英語,Abigail的暱稱。,,,,,,
男,Abe (1),,,英語,Abraham的縮寫形式。,,,,,,
女,Abegail,"Abbey, Abby, Abbi, Abbie, Abi, Abs, Aby, Gail, Gayle","Abegail, Abigail",英語（罕見）,Abigail的變體。,,,,,,
男,Abel,,,英語、法語、西班牙語、葡萄牙語、荷蘭語、格魯吉亞語、亞美尼亞語、聖經、聖經拉丁語、聖經希臘語,來自希伯來名字 הֶבֶל (Hevel)，意思是「呼吸」。在舊約中，他是亞當和夏娃的第二個兒子，被他的兄弟該隱出於嫉妒而謀殺。在英格蘭，這個名字在中世紀開始使用，在清教徒時代很常見。,,,,,,
女,Abi,,,英語,Abigail的縮寫（通常是英國人）。,,,,,,
女,Abigail,"Abbey, Abby, Abbi, Abbie, Abi, Abs, Aby, Gail, Gayle","Abagale, Abagil, Abaigeal, Abbagail, Abbiegail, Abbigale, Abbigayl, Abbigal, Abbiegail, Abbigayle, Abbygail, Abbygale","英語, 聖經, 聖經德語, 聖經義大利語, 聖經葡萄牙語, 聖經拉丁語",源自希伯來文名字 אֲבִגִָל ('Avigayil)，意思是“我的父親是快樂”，源自詞根 אָב ('av) 意思是“父親”，גִּל (gil) 意思是“快樂”。在舊約中，這是拿八妻子的名字。拿八死後，她成為大衛王的第三任妻子。作為一個英語名字，阿比蓋爾（Abigail）在新教改革後首次流行，並在清教徒中流行。聖經中的阿比蓋爾將自己稱為僕人，從 17 世紀開始，這個名字成為僕人的俚語，特別是在以阿比蓋爾為主角的戲劇《輕蔑的女士》（1616）上映之後。這個名字當時已經過時了，但在 20 世紀又重新流行起來。,,,,,,
女,Abigale,"Abbey, Abby, Abbi, Abbie, Abi, Abs, Aby, Gail, Gayle","Abagale, Abagil, Abaigeal, Abbagail, Abbiegail, Abbigale, Abbigayl, Abbigal, Abbiegail, Abbigayle, Abbygail, Abbygale",英語（現代）,Abigail的變體。,,,,,,
女,Abigayle,"Abbey, Abbi, Abbie, Abby, Abi, Gail, Gale, Gayla, Gayle, Gaila","Abagale, Abagil, Abaigeal, Abbagail, Abbiegail, Abbigale, Abbigayl, Abbigal, Abbiegail, Abbigayle, Abbygail, Abbygale",英語（現代）,Abigail的變體。,,,,,,
男,Abner,,,英語、聖經、聖經拉丁語,"在希伯來文的意思是“我的父親是一盞燈”(""my father is a light"")，由אָב ('av) 意為“父親”，נֵר (ner) 意為“燈、光”。在舊約中，押尼珥是掃羅的表弟，也是掃羅軍隊的統帥。他殺了亞撒黑後，自己也被亞撒黑的兄弟約押所殺。一位著名的傳承者是 14 世紀猶太哲學家布爾戈斯的阿布納 (Abner of Burgos)，他皈依基督教後被稱為巴利亞多利德的阿方索 (Alfonso of Valladolid)。自新教改革以來，它一直被用作英國基督徒的名字。它很受清教徒的歡迎，並於 17 世紀將其帶到了美國。",,,,,,
男,Abraham,"Abe, Bram (英語) Avi (希伯來語) Bram (荷蘭語)","Abram, Ibrahim","英語, 希伯來語, 西班牙語, 法語, 荷蘭語, 聖經語言, 聖經德語, 聖經瑞典語, 聖經挪威語, 聖經丹麥語, 聖經拉丁語",這個名字在希伯來文中可以被視為「許多人的父親」的意思，也可以被視為「亞伯蘭 1」和 הָמוֹן（hamon）的縮寫，意思是「許多，眾多」。聖經中的族長亞伯拉罕最初名為亞伯蘭，但上帝改變了祂的名字（參考創世記 17:5）。他和他的父親他拉一起，帶領妻子撒拉、侄子羅得和其他追隨者從吾珥進入迦南。猶太人認為他透過兒子以撒創立了希伯來人，而穆斯林則透過兒子以實瑪利認為他是阿拉伯人的創始人。作為一個英國教名，亞伯拉罕在新教改革後變得普遍。著名的支持者是美國總統亞伯拉罕·林肯（1809-1865），他推動廢除奴隸制並領導國家度過內戰。,,,,,,
男,Abram (1),,,英語、聖經,在希伯來文的意思是「高高的父親」。在舊約中，神將亞伯蘭的名字改為亞伯拉罕,,,,,,
男,Abram (2),Abrasha (俄語),,俄語、烏克蘭語、白俄羅斯語、格魯吉亞語,俄羅斯語、烏克蘭語、白俄羅斯語和格魯吉亞語中 Abraham 的形式。,,,,,,
女,Acacia,,,英語（罕見）,來自一種樹的名稱，最終源自希臘語ἀκή（ake），意思是「刺，點」。,,,,,,
男,Ace,,,英語,源自英語單字，意思是「最高等級」。更常見的是暱稱，偶爾用作名字。,,,,,,
女,Ada,,,英語、義大利語、西班牙語、德語、荷蘭語、挪威語、波蘭語、芬蘭語、日耳曼語,最初是日耳曼名字的縮寫形式，例如 Adelaide 或 Adelina，以元素 adal 開頭，意思是「高貴」。聖艾達是 7 世紀勒芒的法蘭克女修道院院長。這個名字也由拜倫勳爵的女兒洛夫萊斯伯爵夫人（又稱阿達·洛夫萊斯）奧古斯塔·艾達·金（Augusta Ada King，1815-1852）所用。她是早期機械計算機的發明者查爾斯·巴貝奇的助手。,,,,,,
男女,Adair,,,英語（罕見）,源自英語姓氏，源自名字埃德加 (Edgar)。,,,,,,
女,Adelina,"Ada, Alina (義大利語) Aline (葡萄牙語 (巴西)) Ada, Alina (西班牙語) Alina (羅馬尼亞語) Ada (日耳曼語)",,義大利語、葡萄牙語、西班牙語、羅馬尼亞語、保加利亞語、日耳曼語（拉丁語）,源自日耳曼語名稱，源自元素 adal，意思是“高貴”（原始日耳曼語 *aþalaz）。,,,,,,
女,Adaline,"Ada, Addie, Addy, Aline",Adelina,英語,Adelina 的變種。,,,,,,
女,Adalyn,"Addie, Addy, Alene, Aline",Adeline,英語（現代）,Adeline 的變體，使用流行名稱後綴 lyn。,,,,,,
女,Adalynn,"Addie, Addy, Alene, Aline",Adeline,英語（現代）,Adeline 的變體，使用流行名稱後綴 lynn。,,,,,,
男,Adam,,,英語、法語、德語、波蘭語、荷蘭語、瑞典語、挪威語、丹麥語、捷克語、斯洛伐克語、俄語、烏克蘭語、克羅埃西亞語、塞爾維亞語、馬其頓語、羅馬尼亞語、加泰隆尼亞語、希臘文、希伯來文、阿拉伯文、喬治亞語、聖​​經、聖經拉丁文、聖經希臘文、聖經希伯來文,這就是希伯來文中「人」的意思。它最終可能源自希伯來語 אדם ('adam)，意思是“紅色”，指的是人類皮膚的紅潤顏色，或源自阿卡德語 adamu，意思是“製造”。根據舊約《創世記》，亞當是上帝從大地創造出來的（希伯來文有一個雙關語 אֲדָמָה ('adamah)，意思是「地球」）。他和夏娃被認為是最早的人類，幸福地生活在伊甸園裡，直到他們吃了善惡樹上的禁果。結果，他們被從伊甸園驅逐到東方，在那裡生下了第二代，包括該隱、亞伯和塞特。作為一個英國教名，亞當自中世紀以來就很常見，並在新教改革後得到了發展。一位著名的持有者是蘇格蘭經濟學家亞當·斯密（1723-1790）。,,,,,,
女,Adamina,"Ada, Mina",,英語（罕見）,Adam 的女性形式。,,,,,,
女,Addie,,,英語,Adelaide、Adeline、Addison 和其他包含相同發音的名字的縮寫。,,,,,,
女,Addilyn,"Addie, Addy, Alene, Aline",Adeline,英語,Adeline 的變體，使用流行名稱後綴 lyn。,,,,,,
女男,Addison,"Addie, Addy",,英語,來自一個英語姓氏，意思是 “Adam 的兒子”。它最近作為女性名字的流行源於其聲音與 Madison 的相似性。,,,,,,
女,Addy,,"Addi, Addie, Addy",英語,Adelaide、Adeline、Addison 和其他包含相同發音的名字的縮寫。,,,,,,
女,Addyson,"Addie, Addy",Addison,英語（現代）,Addison 的女性變體。,,,,,,
女,Adela,"Delia, Della (英語) Adelita (西班牙語 (拉丁美洲))",Adele,"英語, 西班牙語, 羅馬尼亞語, 波蘭語, 斯洛伐克語, 日耳曼語",最初是一種縮寫形式，以古德語元素 adal 開頭，意思是“高貴的”（原始日耳曼語 *aþalaz）。聖阿德拉 (Saint Adela) 是一位 7 世紀的法蘭克公主，她在法國普法澤爾 (Pfazel) 建立了一座修道院。這個名字也是征服者威廉的女兒的名字。,,,,,,
女,Adelaide,"Addie, Addy, Della",,"英語, 義大利語, 葡萄牙語",意思是“高貴、高貴”，源自日耳曼語名字Adalheidis的法語形式，由adal“高貴”和後綴heit“善良、排序、類型”組成。它是由神聖羅馬帝國皇帝奧託大帝的妻子聖阿德萊德於十世紀誕生的。在英國，源自古法語的平行形式愛麗絲（Alice）在歷史上比阿德萊德（Adelaide）更常見，儘管這種形式在19 世紀確實獲得了一些流行，因為威廉四世國王的德國出生的妻子很受歡迎，阿德萊德是阿德萊德的故鄉。,,,,,,
女,Adele,,Adela,德語、英語、義大利語,Adela 的形式在多種語言中使用。著名的持有者是舞者兼演員阿黛爾·阿斯泰爾（Adele Astaire，1896-1981）。它也由英國歌手阿黛爾·阿德金斯（Adele Adkins，1988-）承擔，簡稱阿黛爾。 2008 年，她發行首張專輯後不久，這個名字就在闊別 40 年後重新進入美國排行榜前 1000 名。,,,,,,
女,Adelia,"Delia, Della (英語) Adelita (西班牙語 (拉丁美洲))",,英語、西班牙語,Adela 的精緻形式。,,,,,,
女,Adeline,"Aline, Lina, Line, Linette, Lyna (法文) Ada, Addie, Addy, Alene, Aline (英文)",,法語、英語,Adelina 的法語和英語形式。,,,,,,
女,Adella,"Delia, Della",,英語,Adela 的精緻形式。,,,,,,
女,Adelle,,,英語,Adele 的精緻形式。,,,,,,
女,Adelyn,"Addie, Addy, Alene, Aline",,英語（現代）,Adeline 的變體，使用流行名稱後綴 lyn。,,,,,,
女,Adelynn,"Addie, Addy, Alene, Aline",,英語（現代）,Adeline 的變體，使用流行名稱後綴 lynn。,,,,,,
男,Aden,,Aidan,英語（現代）,Aidan 的變種。,,,,,,
女,Adena,,Adina,希伯來語 (罕見),可能是 Adina 的變體。,,,,,,
男,Adler,,"Addie, Addy",英語（現代）,來自德國姓氏，意思是“鷹”。,,,,,,
男,Adolph,Dolph,Adolf,英語,Adolf 的英語形式，自二戰以來很少使用。,,,,,,
女,Adria,,,英語,Adriana 的縮寫形式。,,,,,,
男,Adrian,Adi (羅馬尼亞語),,英語、羅馬尼亞語、波蘭語、德語、瑞典語、挪威語、丹麥語、俄語,Hadrianus（請參閱 Hadrian）的變體，在多種語言中使用。多位聖人和六位教宗都曾使用過這個名字，包括唯一的英國教宗阿德里安四世和唯一的荷蘭教宗阿德里安六世。作為一個英文名，它自中世紀以來就一直被使用，但直到現代才開始流行。,,,,,,
女,Adriana,"Adria, Drina",Adrianna,"義大利語, 西班牙語, 葡萄牙語, 羅馬尼亞語, 波蘭語, 斯洛伐克語, 捷克語, 保加利亞語, 英語, 荷蘭語",Adrian 的女性形式。著名的持有者是巴西模特兒阿德里亞娜·利馬（Adriana Lima，1981-）。,,,,,,
女,Adrianna,"Adria, Drina",Adriana,"英語, 波蘭語",Adrian 的女性形式。,,,,,,
女,Adrianne,"Adria, Drina",,英語,Adrian 的女性形式。,,,,,,
女,Adrienne,,,法語、英語,Adrian 的女性形式。,,,,,,
女,Aggie,,,英語,Agnes 或 Agatha 的暱稱。,,,,,,
女,Agnes,"Aggie, Nancy (英語) Nes, Neske (荷蘭語) Age (愛沙尼亞語)",,英語、德語、荷蘭語、瑞典語、挪威語、丹麥語、冰島語、愛沙尼亞語、古希臘語（拉丁語）,希臘文名字Ἁγνή（Hagne）的拉丁化形式，源自希臘文ἁγνός（hagnos），意思是「貞潔」。聖艾格妮絲是一位處女，在羅馬皇帝戴克里先的迫害中殉道。這個名字與拉丁語agnus「羔羊」聯繫在一起，導致聖人經常被描繪成身邊有一隻羔羊。由於她的名氣，這個名字在基督教歐洲變得很常見。作為一個英語名字，它從中世紀到 17 世紀非常流行。它於19世紀復興，並普遍到1920世紀，但在1930年代後逐漸衰落。它最後一次出現在美國 1000 強排行榜上是在 1972 年。,,,,,,
男,Aidan,,"Aiden, Aidyn, Aidin, Adin, Adon, Adan, Aden, Aedan, Aydan, Ayden",愛爾蘭語、英語（現代）,Aodhán的英語形式。在20世紀下半葉，它因其聲音而在美國流行，因為它與Braden和Hayden等名字具有相同的聲音。 2003年，男子排名最高為第39名。,,,,,,
男,Aiden,,,英語（現代）,Aidan 的變種。,,,,,,
女,Aileen,,,蘇格蘭語、愛爾蘭語、英語,Eileen的變種。,,,,,,
女,Aimee,,,英語,Amy 的變體，受法語 Aimée 的影響。,,,,,,
女,Ainslee,,,英語（罕見）,Ainsley 的變體。,,,,,,
女男,Ainsley,,,蘇格蘭語、英語（現代）,來自一個來自地名的英語姓氏：諾丁漢郡的安斯利或沃里克郡的安斯利。這些地名本身源自古英語 anne（孤獨、孤獨）或 ansetl（隱士）和 leah（林地、空地）。在美國，這個名字在 2000 年開始流行，當時電視劇《白宮風雲》中帶有這個名字的角色開始出現。,,,,,,
女,Ainslie,,,英語（罕見）,Ainsley 的變體。,,,,,,
男,Al,,,英語,Albert 和其他以 Al 開頭的名字的縮寫形式。一位著名的持有者是美國演員阿爾·帕西諾（Al Pacino，1940-）。,,,,,,
,Alaia (1),,,巴斯克語,意思是「快樂、幸福」，來自巴斯克語 alai。,,,,,,
女,Alaia (2),"Ali, Laia",,英語（現代）,可能是 Alayah 的變體。它也可能受到時尚品牌 Alaïa 的影響，該品牌以突尼斯裔法國設計師 Azzedine Alaïa（1935-2017 年）的名字命名。他的阿拉伯語姓氏是“Alayyah”，意思是“崇高”。,,,,,,
女,Alaina,Lana,,英語（現代）,Alana 的變體，可能受到 Elaine 的影響。,,,,,,
女,Alaiya,,,英語（現代）,Alayah 的變體。,,,,,,
男,Alan,Al,,"英語, 蘇格蘭語, 布列塔尼語, 法語, 波蘭語",這個名字的含義尚不清楚。它至少早在六世紀就在布列塔尼使用，在布列塔尼語中可能意味著“小岩石”或“英俊”。或者，它可能源自阿蘭人的部落名稱，阿蘭人是伊朗人，於四世紀和五世紀遷移到歐洲。這是布列塔尼幾位公爵的名字，布列塔尼定居者在諾曼征服後將其引入英格蘭。現代著名的承載者包括第一個進入太空的美國人和第五個登上月球的人艾倫·謝潑德（1923-1998）和英國數學家和計算機科學家艾倫·圖靈（1912-1954 ）。,,,,,,
女,Alana,Lana,"Alanna, Alannah, Ilana",英語、布列塔尼語,Alan 的女性形式。,,,,,,
女,Alani,Lana,,英語（現代）,可能是 Alana 的變體，或者可能來自夏威夷語 'alani，意思是“橘子（樹或水果）”。,,,,,,
女,Alanis,Lana,,英語（現代）,艾倫的女性形式。加拿大音樂家艾拉妮絲·莫莉塞特（Alanis Morissette，1974 年-）以她父親艾倫的名字命名。她的父母顯然是在希臘報紙上看到這個字後決定使用這個特殊的拼法。,,,,,,
女,Alanna,Lana,"Alana, Alannah, Ilana",英語,Alan 的女性形式。,,,,,,
女,Alannah,Lana,"Alana, Alanna, Ilana",愛爾蘭語、英語（現代）,阿拉娜的變種。它受到深情的盎格魯-愛爾蘭語單詞alannah的影響，該詞源自愛爾蘭蓋爾語短語a Leanbh，意思是“哦，孩子”。,,,,,,
女,Alannis,,,英語（現代）,Alanis 的變種。,,,,,,
女,Alaya,"Al, Ali, Allie, Laya",Alayah,英語（現代）,Alayah 的變體。它與佛教術語（梵語意為「住」）不謀而合，指的是人類意識的第八層次。,,,,,,
女,Alayah,"Al, Ali, Allie, Layah",Alaya,英語（現代）,可能是 Aaliyah 的變體，基於 Amaya 和 Anaya 等名字。,,,,,,
女,Alayna,Lana,Alaina,英語（現代）,Alaina 的變種。,,,,,,
男,Alban,,,德語、法語、阿爾巴尼亞語、英語（罕見）,來自羅馬語名Albanus，意思是「來自阿爾巴」。阿爾巴（源自拉丁語albus“白色”）是羅馬帝國境內多個地方的名稱，其中包括阿爾巴隆加市。這個名字是由第一位英國殉道者聖奧爾本（Saint Alban）（公元四世紀）起的。根據傳統，他在家裡庇護了一名逃亡的牧師。當他的房子被搜查時，他喬裝成牧師，代替他被捕，並被斬首。另一位 4 世紀的殉道者是美因茨的聖阿爾班 (Saint Alban of Mainz)。作為一個英語名字，Alban 在中世紀偶爾被使用，並在 18 世紀復興，儘管現在已經不常見了。,,,,,,
男,Albert,"Al, Albie, Bert, Bertie (English) Bert (German) Alik (Russian) Bert (Dutch) Altti, Pertti (Finnish)",,英語、德語、法語、加泰隆尼亞語、波蘭語、捷克語、俄語、荷蘭語、瑞典語、挪威語、丹麥語、冰島語、芬蘭語、羅馬尼亞語、匈牙利語、阿爾巴尼亞語、日耳曼語,源自日耳曼語名字 Adalbert，意思是“高貴和光明”，由元素 adal（“高貴”）和 beraht（“光明”）組成。這個名字在中世紀的德國皇室中很常見。諾曼人將其引入英格蘭，並取代了古英語同源詞 Æþelbeorht。雖然到 17 世紀它在英國已經很少見，但在 19 世紀由出生於德國的維多利亞女王的丈夫阿爾伯特親王重新流行起來。這個名字是由 20 世紀比利時的兩位國王所用的。其他著名的承載者包括相對論創始人德國物理學家阿爾伯特·愛因斯坦（1879-1955）和法裔阿爾及利亞作家和哲學家阿爾伯特·加繆（1913-1960）。,,,,,,
女,Alberta,"Bertie, Bertina, Birdie (英語) Albertina (義大利語) Albertina (葡萄牙語)",,"英語, 義大利語, 葡萄牙語, 西班牙語",阿爾伯特的女性形式。這是加拿大一個省的名稱，為紀念維多利亞女王的女兒而命名。,,,,,,
男,Albie,,,英語,Albert 特的小名。,,,,,,
男,Albin,,,"瑞典語, 法語, 英語, 斯洛維尼亞語, 波蘭語",Albinus 在多種語言中的形式。,,,,,,
男,Albinus,,,古羅馬,羅馬名字是阿不思的衍生詞。聖阿爾比努斯（Saint Albinus，也稱為奧賓）是 6 世紀布列塔尼昂熱的主教。,,,,,,
男,Alden,,,英語,源自古英語名字 Ealdwine 的姓氏。,,,,,,
男,Aldous,,,英語（罕見）,可能是以古英語元素 eald“old”開頭的縮寫名稱。自中世紀以來，它一直被用作英語名字，主要在東安格利亞。英國作家奧爾德斯·赫胥黎（Aldous Huxley，1894-1963）是這個名字的著名持有者。,,,,,,
女,Alea,"Al, Ali, Lea","Aaliyah, Aleah",英語（罕見）,Aaliyah 的變體。,,,,,,
女,Aleah,"Al, Ali, Leah","Aaliyah, Alea",英語（罕見）,Aaliyah 的變體。,,,,,,
女,Alease,"Lesia, Lisha, Lyssa, Lecia",Alicia,英語,可能是 Alicia 的變體。,,,,,,
男,Alec,,,英語,Alexander 的縮寫形式。,,,,,,
女,Alecia,"Al, Ali, Lesia, Lisha, Lyssa, Lecia",,英語,Alicia 的變種。,,,,,,
女,Aleesha,"Al, Ali, Lesia, Lisha, Lyssa, Lecia",,英語（罕見）,Alicia 的變體。,,,,,,
女,Alene,,,英語,Aline 的變體。,,,,,,
女,Alesha,"Lesia, Lisha, Lyssa, Lecia",,英語（現代）,Alicia 的變體。,,,,,,
女,Alesia,"Lesia, Lisha, Lyssa, Lecia",,英語,Alicia 的變體。,,,,,,
女,Aleta,,,英語,可能是 Alethea 的變體。這是 1937 年首次出現的漫畫《勇敢王子》中主角妻子的名字。,,,,,,
女,Aletha,Letha,,英語,Alethea 的變種。,,,,,,
女,Alethea,Letha,,英語,源自希臘文ἀλήθεια (aletheia)，意思是「真理」。這個名字是在16世紀創造的。,,,,,,
男女,Alex,Lexa,,英語、荷蘭語、德語、法語、葡萄牙語、羅馬尼亞語、希臘語、瑞典語、挪威語、丹麥語、冰島語、匈牙利語、捷克語、俄語,Alexander、Alexandra 和其他以 Alex 開頭的名字的縮寫形式。,,,,,,
女,Alexa,Lexa,Lexa,"英語, 德語, 匈牙利語",Alexandra 的縮寫形式。,,,,,,
男,Alexander,"Al, Alec, Alex, Lex, Sandy, Xander, Zander (英語) Alex (德語) Alex, Lex, Sander, Xander (荷蘭語) Alex (瑞典語) Alex, Sander (挪威語) Alex, Sander (丹麥語) Alex (冰島語) Alex, Sándor, Sanyi (匈牙利語) Aleš (斯洛伐克語)",,英語、德語、荷蘭語、瑞典語、挪威語、丹麥語、冰島語、匈牙利語、斯洛伐克語、聖經、古希臘語（拉丁語）、希臘神話（拉丁語）,希臘文名稱 Ἀλέбиανδρος (Alexandros) 的拉丁化形式，意思是“保衛人類”，源自希臘語 ἀλέxiω (alexo)，意思是“保衛、幫助”，ἀνήρ (aner) 意思是“人”（屬格ἀ ό ϕ）。在希臘神話中，這是英雄帕里斯的另一個名字，它也屬於新約中的幾個人物。然而，最著名的持有者是馬其頓國王亞歷山大大帝。西元前4世紀，他在希臘、埃及、波斯和印度部分地區建立了一個龐大的帝國。由於他的名氣以及後來涉及他的中世紀故事，他的名字的使用傳遍了整個歐洲。蘇格蘭、波蘭和南斯拉夫國王、俄羅斯皇帝和八位教宗都曾使用過這個名字。其他著名的承載者包括英國詩人亞歷山大·波普（1688-1744）、美國政治家亞歷山大·漢密爾頓（1755-1804）、蘇格蘭-加拿大探險家亞歷山大·麥肯齊（1764-1820）、俄羅斯詩人亞歷山大·普希金（1799-1837）和亞歷山大·格雷厄姆·貝爾（1847-1922），蘇格蘭裔加拿大裔美國人，電話發明者。,,,,,,
女,Alexandra,Al、Alec、Alex、Lex、Sandy、Xander、Zander（英語） Alex（德語） Alex、Lex、Sander、Xander（荷蘭語） Alex（瑞典語） Alex、Sander（德語） Alex、Sander（丹麥語） Alex（冰島語） Alex、Sándor、Sanyi（匈牙利語） Aleš（斯洛伐克語）,,英語、德語、荷蘭語、法語、瑞典語、挪威語、丹麥語、冰島語、希臘語、葡萄牙語、羅馬尼亞語、捷克語、斯洛伐克語、匈牙利語、加泰隆尼亞語、俄語、烏克蘭語、古希臘文、希臘神話,Alexander 的女性形式。在希臘神話中，這是女神赫拉的邁錫尼綽號，也是卡桑德拉的另一個名字。它由幾位早期基督教聖徒以及俄羅斯末代沙皇尼古拉二世的妻子承擔。她來自德國，原名阿利克斯，但加入俄羅斯教會後改名為Александра（亞歷山大）。,,,,,,
女,Alexandrea,"Alex, Alexa, Alexina, Ali, Allie, Ally, Lexa, Lexi, Lexie, Lexine, Lexy, Sandie, Sandy, Zandra, Alyx, Drina",,英語（現代）,Alexandrie 的變種。,,,,,,
女,Alexandria,"Alex, Alexa, Alexina, Ali, Allie, Ally, Lexa, Lexi, Lexie, Lexine, Lexy, Sandie, Sandy, Zandra, Alyx, Drina",,英語,Alexander 的女性形式。亞歷山大大帝在向東擴展他的帝國時，以這個名字建立了幾座城市（或重新命名）。其中最著名的是埃及的亞歷山大，由亞歷山大於公元前 331 年建立。,,,,,,
女,Alexia,"Alexina, Lexi, Lexia, Lexie, Lexine, Lexus, Lexy",,希臘文、法語、西班牙語、英語（現代）,Alexis 的女性形式。,,,,,,
女,Alexina,,,英語,Alex 的女性形式，或 Alexis 的小寫形式。,,,,,,
男女,Alexis,"Alexina, Lexi, Lexia, Lexie, Lexine, Lexus, Lexy",,法語、英語、希臘語、西班牙語、古希臘語,源自希臘文名字Ἄλεψις（Alexis），意思是“幫助者”或“捍衛者”，源自希臘語ἀλέxiω（alexo），意思是“捍衛、幫助”。這是公元前 3 世紀一位希臘喜劇詩人的名字，也是幾位聖人的名字。它在某種程度上與相關名稱 Ἀλέέιος 或 Alexius 互換使用，由五位拜占庭皇帝所使用。在英語世界中，這個名字更常用於女孩。這要歸功於美國女演員亞歷克西斯史密斯（Alexis Smith，1921-1993），她在 20 世紀 40 年代初開始出現在電影中。它在 20 世紀 80 年代因肥皂劇《王朝》中的一個角色而大受歡迎。,,,,,,
女,Alexus,"Alexina, Lexi, Lexia, Lexie, Lexine, Lexus, Lexy",,英語（現代）,Alexis 的變種。,,,,,,
男,Alf,Alfie,,英語,阿爾弗雷德 (Alfred) 的縮寫形式。,,,,,,
男,Alfie,,,英語,Alfred 的小名。,,,,,,
男,Alfred,"Alf, Alfie（英語） Fred（德語）",,英語、法語、瑞典語、挪威語、丹麥語、德語、波蘭語、荷蘭語、阿爾巴尼亞語,意思是“精靈顧問”，源自古英語名稱 Ælfræd，由 ælf“精靈”和 ræd“顧問、建議”組成。阿爾弗雷德大帝是九世紀威塞克斯國王，他不斷地與居住在英格蘭東北部的丹麥人作戰。他也是一位學者，將許多拉丁文書籍翻譯成古英語。即使在諾曼征服之後，他的名聲也確保了這個名字的使用，當時大多數古英語名字都被諾曼名字所取代。到中世紀末，它變得罕見，但在 18 世紀又復活了。著名的得主包括英國詩人阿爾弗雷德·丁尼生（Alfred Tennyson，1809-1892）、瑞典發明家、諾貝爾獎創始人阿爾弗雷德·諾貝爾（Alfred Nobel，1833-1896）和英美電影導演阿爾弗雷德·希區考克（Alfred Hitchcock，1899-1980）。,,,,,,
女,Alfreda,"Freda, Freddie",,英語、義大利語、波蘭語（稀有）、德語（稀有）,Alfred 的女性形式。,,,,,,
男,Algar,,,英語（罕見）,意思是“精靈矛”，源自古英語 ælf“精靈”和 gar“矛”。這個古英語名稱在諾曼征服之後很少使用，被發音相似的名稱以及諾曼和斯堪的納維亞同源詞吸收。它在19世紀曾短暫復興。,,,,,,
男,Alger,,,英語,源自於名字阿爾加 (Algar) 的姓氏。,,,,,,
男,Algernon,,,英語,最初是諾曼法語的暱稱，源自於“aux gernons”“有小鬍子”，適用於征服者威廉的同伴威廉·德·珀西。它第一次被使用是在 15 世紀（威廉·德·珀西的後裔）。這個名字源自於美國作家丹尼爾·凱斯的短篇小說《獻給阿爾傑農的鮮花》（1958年）和同名小說（1966年）中的一個角色（一隻老鼠）。,,,,,,
女,Ali,,,英語,Alison、Alexandra 和其他以相同聲音開頭的名字的縮寫。,,,,,,
女,Aliah,,,英語（罕見）,Aaliyah 的變體。,,,,,,
女,Alice,,,英語、法語、葡萄牙語、義大利語、德語、捷克語、瑞典語、丹麥語、挪威語、荷蘭語,源自古法文名稱 Aalis，Adelais 的縮寫形式，本身就是日耳曼名稱 Adalheidis 的縮寫形式（參見 Adelaide）。這個名字在12世紀開始在法國和英國流行。在 16 世紀之前，它一直是英格蘭最常見的名字之一，之後開始衰落。它在19世紀得到復興。這個名字是由劉易斯·卡羅爾的小說《愛麗絲夢遊仙境》（1865年）和《愛麗絲鏡中奇遇記》（1871年）中的女主角命名的。,,,,,,
女,Alicia,Ali、Allie、Ally、Lesia、Lisha、Lyssa、Alison、Lecia (英語) Alison、Alisson (法語),,"西班牙語, 英語, 瑞典語, 法語",Alice 的拉丁化形式。,,,,,,
男,Alijah,,Elijah,英語（現代）,Elijah 的變種。,,,,,,
女,Aline,Linette (法語),Eileen,法語、葡萄牙語（巴西）、英語,艾德琳的中世紀縮寫形式。作為一個英語名字，在現代它有時被認為是艾琳的變體。這是法國歌手 Christophe 1965 年一首流行歌曲的名稱。,,,,,,
女,Alise (1),,,拉脫維亞語,Alice 的拉脫維亞形式。,,,,,,
女,Alise (2),"Ali, Allie, Ally",,英語（罕見）,Alice 的變體。,,,,,,
女,Alisha,"Lesia, Lisha, Lyssa, Lecia",,英語（罕見）,Alicia 的變體。,,,,,,
女,Alishia,"Lesia, Lisha, Lyssa, Lecia",,英語（罕見）,Alicia 的變體。,,,,,,
女,Alisia,"Lesia, Lisha, Lyssa, Lecia",,英語（罕見）,Alicia 的變體。,,,,,,
女,Alison,"Ali, Allie, Ally",,英語、法語,諾曼法語中 Aalis 的縮寫（見 Alice）。它在中世紀的英格蘭、蘇格蘭和法國很常見，後來在20世紀通過蘇格蘭在英格蘭復興。與大多數其他以 son 結尾的英語名字不同，它不是源自姓氏。,,,,,,
女,Alissa,"Lesia, Lisha, Lyssa, Lecia",,英語,Alyssa 的變體。,,,,,,
女,Alisya,"Lesia, Lisha, Lyssa, Lecia",,英語（罕見）,Alicia 的變體。,,,,,,
女,Alita,,,英語（罕見）,可能是 Alethea 的變體。,,,,,,
女,Alivia,"Liv, Livia, Livvy, Livy, Ollie",Olivia,英語（現代）,Alivia 的變體。,,,,,,
男,Allan,,,"丹麥文, 蘇格蘭文, 瑞典文, 愛沙尼亞文, 英語",艾倫的變種。美國作家愛倫坡（Edgar Allan Poe，1809-1849）的中間名來自收養他的父母的姓氏。,,,,,,
女,Allana,,,英語（罕見）,Alana 的變體。,,,,,,
女,Allannah,,,英語（罕見）,Alannah 的變體。,,,,,,
女,Allegra,,,義大利語、英語（罕見）,在義大利文的意思是「開朗、活潑」。它是由拜倫勳爵（1817-1822）的短命私生女所生。,,,,,,
男,Allen,,,英語,艾倫的變體，或源自同名的姓氏。這個名字的著名持有者是美國垮掉派詩人艾倫·金斯伯格（Allen Ginsberg，1926-1997）。另一位是美國電影導演兼演員伍迪艾倫（Woody Allen，1935-），他的藝名艾倫取自他的真名。,,,,,,
女男,Allie,,,英語,Alison、Alexandra 和其他以相同聲音開頭的名字的縮寫。 1984 年情境喜劇《凱特與艾莉》首映後，這個名字在美國 1000 強排行榜上缺席了 34 年後開始變得越來越受歡迎。,,,,,,
女,Allison,"Ali, Allie, Ally",,英語,從 20 世紀中葉起，這主要被用作女性名字 Alison 的變體。,,,,,,
女,Allissa,"Lesia, Lisha, Lyssa, Lecia",,英語（罕見）,Alyssa 的變體。,,,,,,
女,Ally,,,英語,艾莉森 (Alison)、亞歷珊卓 (Alexandra) 和其他以相同聲音開頭的名字的縮寫。 1997 年美國電視劇《甜心俏佳人》首映後，這個名字迅速流行起來。,,,,,,
女,Allycia,"Lesia, Lisha, Lyssa, Lecia",,英語（罕見）,Alicia 的變體。,,,,,,
男女,Allyn,,,英語,Alan 艾倫的變體或女性形式。,,,,,,
女,Allyson,"Ali, Allie, Ally",,英語,Alison 的變種。,,,,,,
女,Alma,,,英語、西班牙語、義大利語、荷蘭語、德語、瑞典語、挪威語、丹麥語、拉脫維亞語、立陶宛語、阿爾巴尼亞語、斯洛維尼亞語、克羅埃西亞語,這個名字在克里米亞阿爾瑪河附近發生的阿爾瑪戰役（1854年）後開始流行，最終英國和法國取得勝利。然而，這個名字在戰前很少被使用。它的靈感可能來自拉丁語almus“滋養”。它也與西班牙語中“靈魂”的意思相吻合。,,,,,,
男,Alonzo,,,英語（美式）,在美國使用的 Alonso 的變體。,,,,,,
女,Alora,,,英語（現代）,Elora 的變種。,,,,,,
男,Aloysius,,,英語,Aloys 的拉丁化形式，Louis 的古奧克西唐語形式。這是義大利聖人阿洛伊修斯·岡薩加（Aloysius Gonzaga，1568-1591 年）的名字。自他時代以來，這個名字在天主教徒中偶爾使用。,,,,,,
女男,Alpha,,,英語,來自希臘字母表中第一個字母的名稱 A。,,,,,,
男,Alphonso,,,英語,Alfonso 的變種。,,,,,,
男,Alphonzo,,,英語（罕見）,Alfonso 的罕見變異。,,,,,,
男,Alton,,,英語,源自於一個英語姓氏，源自一個地名，在古英語中意為「河源頭的城鎮」。,,,,,,
男,Alva,,,英語,Alva 的變種。這個名字的著名持有者是發明家托馬斯·阿爾瓦·愛迪生（Thomas Alva Edison，1847-1931）。,,,,,,
女,Alvena,,,英語,Alvin 的女性形式。,,,,,,
男,Alvin,,,英語、瑞典語,源自任何古英語名稱 Ælfwine、Æðelwine 或 Ealdwine 的中世紀形式。它在 19 世紀復興，部分源自於源自古英語名字的姓氏。作為一個斯堪的納維亞名字，它源自於 Alfvin，這是古挪威語中 Ælfwine 的同源詞。,,,,,,
女,Alvina,,,英語,Alvin 的女性形式。,,,,,,
女,Alyce,"Ali, Allie, Ally",,英語,Alice 的變種。,,,,,,
女,Alycia,"Lesia, Lisha, Lyssa, Lecia",,英語,Alicia 的變種。,,,,,,
女,Alys,"Ali, Allie, Ally",,英語,Alice 的變種。,,,,,,
女,Alysa,"Lesia, Lisha, Lyssa, Lecia",,英語（現代）,Alicia 的變種。,,,,,,
女,Alyse,"Ali, Allie, Ally",,英語（現代）,Alice 的變種。,,,,,,
女,Alysha,"Lesia, Lisha, Lyssa, Lecia",,英語（現代）,Alicia 的變種。,,,,,,
女,Alysia,"Lesia, Lisha, Lyssa, Lecia",,英語,Alicia 的變種。,,,,,,
女,Alyson,"Ali, Allie, Ally",,英語,Alison 的變種。,,,,,,
女,Alyssa,"Lesia, Lisha, Lyssa, Lecia",,英語,艾莉西亞的變種。這個拼寫可能受到了香薰花的影響，它的名字源自希臘語ἀ（a），一個否定前綴，結合λύσσα（lyssa），意思是“瘋狂，狂犬病”，因為人們相信它可以治愈瘋狂。,,,,,,
女,Alyssia,"Lesia, Lisha, Lyssa, Lecia",,英語（現代）,Alicia 的變種。,,,,,,
女,Alyx,,,英語（罕見）,Alex 的女性變體。,,,,,,
女,Amabel,"Bella, Mabel, Mabelle, Mable, Mae, May, Maybell, Maybelle, Mabella, Maybelline",,英語（罕見）,Amabilis 的中世紀女性形式。,,,,,,
女,Amanda,"Mandi, Mandy",,英語、西班牙語、葡萄牙語、義大利語、荷蘭語、瑞典語、挪威語、丹麥語、芬蘭語、匈牙利語、拉脫維亞語、晚期羅馬語,在某種程度上，這是 Amandus 的女性形式。然而，它在中世紀並未被使用。 17世紀，作家和詩人直接以拉丁語amanda為基礎重新創作了它，意思是「可愛的，值得愛的」。值得注意的是，劇作家科利·西伯 (Colley Cibber) 在他的戲劇《愛的最後轉變》(1696) 中使用了它作為一個角色。它在 19 世紀開始被常規使用。,,,,,,
女,Amaya,,,巴斯克語、西班牙語、英語（現代）,阿瑪亞的變種。在美國，這個名字於 1999 年因電視真人秀節目《真實世界》中的一名參賽者而流行起來。,,,,,,
女,Amayah,,,英語（現代）,Amaya 的變種。,,,,,,
女,Amber,"Abby, Bambi, Amy, Ambie, Amz",,英語、荷蘭語,來自英語單字 amber，表示由化石樹脂形成的寶石或橙黃色。這個字最終源自阿拉伯語 Ñ бур ('anbar)。它在 19 世紀末開始被用作名字，但直到凱瑟琳溫莎的小說《永遠的琥珀》（1944 年）出版後才開始流行。,,,,,,
女,Amberly,"Abby, Bambi, Amy, Ambie, Amz, Lee",,英語（現代）,Amber 的精雕細琢，受到金伯利 (Kimberly) 名字拼寫的影響。,,,,,,
女,Amberlynn,"Amber, Lynn, Amby, Amberly, Lynnie, Bambi",,英語（罕見）,使用流行名稱後綴 lyn 對 Amber 進行精製。,,,,,,
男,Ambrose,,,英語,源自晚期拉丁文名字Ambrosius，源自希臘文名字Ἀμβρόσιος (Ambrosios)，意思是「不朽」。聖安布羅斯是一位 4 世紀的神學家和米蘭主教，被認為是教會聖師。由於這位聖人的緣故，這個名字在基督教歐洲得到了普遍使用，儘管它在英國從未特別常見。,,,,,,
女,Ambrosine,"Ambro, Ambra, Rosie, Ambi, Brose, Brosie, Sine",,英語（罕見）,Ambrose 的女性形式。,,,,,,
女,Amelia,"Millie, Milly",,英語、西班牙語、義大利語、波蘭語、中世紀法語,Amalia 的變種，儘管有時會與起源不同的艾米莉亞混淆。 18世紀德國漢諾威王朝登上英國王位後，這個名字在英國開始流行——它是喬治二世和喬治三世的女兒所生的。作者亨利·菲爾丁（Henry Fielding）在他的小說《阿米莉亞》（Amelia，1751）中用它作為標題人物。另一位著名的攜帶者是阿米莉亞·埃爾哈特（Amelia Earhart，1897-1937），她是第一位獨自飛越大西洋的女性。這個名字在 20 世紀末變得越來越流行。這是2011年至2015年英格蘭和威爾斯最受歡迎的女孩名字。,,,,,,
女,America,,,英語,在英語世界中，這個名稱通常指美利堅合眾國（參見 Amerigo）。它在 19 世紀開始作為美國名字使用。,,,,,,
男女,Amery,,,英語（罕見）,Emery 的變種。,,,,,,
女,Amethyst,"Amy, Amme, Ammy",,英語（罕見）,來自紫色半寶石的名稱，源自希臘語否定前綴ἀ（a）和μέθυστος（methystos），意思是“陶醉的，醉酒的”，因為它被認為是一種防止醉酒的藥物。它是二月的傳統生日石。,,,,,,
女,Ami,,,英語,Amy 的變種。,,,,,,
男,Amias,,,英語（罕見）,Amyas 的變種。,,,,,,
女,Amie,,,英語,Amy 的變種。,,,,,,
女,Amilia,,,英語（罕見）,Amalia 或 Emilia 的變種。,,,,,,
女,Amity,,,英語（罕見）,源自英語單字，意思是“友誼”，最終源自拉丁語 amicitia。,,,,,,
女,Amora,,,英語（現代）,顯然是一個基於拉丁語 amor 的現代造詞，意思是「愛」。,,,,,,
男,Amos,,,"英語, 希伯來文, 聖經, 聖經拉丁文, 聖經希臘文, 聖經希伯來文",源自希伯來文 עָמַס ('amas)，意思是「負荷、負擔」。阿摩司是舊約十二小先知之一，也是《阿摩司書》的作者，這本書反對貪婪、腐敗和壓迫窮人。它大約寫於公元前 8 世紀，是最古老的預言書之一。作為一個英語名字，阿莫斯自新教改革以來一直被使用，並在清教徒中流行。,,,,,,
女,Amoura,,,英語（現代）,Amor 的變體（可能基於法國愛情）。,,,,,,
女,Amy,,,英語,古法語名字Amée的英語形式，意思是“心愛的”（現代法語aimée），是拉丁語Amata的白話形式。作為一個英語名稱，它在中世紀使用（儘管並不常見），並在 19 世紀復興。,,,,,,
男,Amyas,,,英語（罕見）,意思未知，可能是 Amis 的衍生字。或者，它可能來自一個姓氏，最初表明持有者來自法國亞眠市。埃德蒙·史賓塞在他的史詩《仙后》（The Faerie Queene，1590）中用這個名字來稱呼一個小角色。,,,,,,
女,Anabella,"Ann, Annie, Anna, Bella, Elle, Ellie, Abbie, Bell, Abelle, Anella, Abella, Ana'lle, Ana'lla, Allie, Nell, Nellie, Nella, Nallie, Nalla, Nallie, Bea, Lea",,英語（現代）,Annabel 的變種。,,,,,,
女,Anabelle,"Bella, Mabel, Mabella, Mabelle, Mable, Mae, May, Maybell, Maybelle, Maybelline",,英語（現代）,Annabel 的變種。,,,,,,
女,Anastasia,"Natasa, Tasia, Tasoula(希臘語) Asya, Nastasia, Nastasya, Nastia, Nastya, Stasya(俄語) Nastassia(白俄羅斯語) Stace, Stacey, Staci, Stacia, Stacie, Stacy, Stacee(英語)",Anastasiya(俄語) Anastasiya(烏克蘭語) Anastasiya(白俄羅斯語) Anastacia(西班牙語(拉丁美洲)),希臘語、俄語、烏克蘭語、白俄羅斯語、英語、西班牙語、義大利語、喬治亞語、古希臘語,Anastasius 的女性形式。這是一位 4 世紀達爾馬提亞聖人的名字，他在羅馬皇帝戴克里先的迫害中殉道。由於她的緣故，這個名字在東正教基督教中很常見（有各種拼寫形式）。作為一個英語名稱，它自中世紀以來一直在使用。一位著名的持有者是俄羅斯末代沙皇尼古拉二世最小的女兒，據傳她在 1918 年家人被處決時逃脫了死刑。,,,,,,
女,Anaya,,,英語（現代）,含義未知，可能來自西班牙姓氏 Anaya（本身來自西班牙城鎮的名稱），因為與 Amaya 相似而使用。,,,,,,
男,Anderson,,,英語,來自一個姓氏，意思是“Andrew 的兒子”。,,,,,,
女,Andi,,,英語,Andrea 的小個子。,,,,,,
男女,Andie,,,英語,Andrew 或 Andrea 的暱稱。,,,,,,
男,Andre,Dre,,英語、非裔美國人,André 的英語形式。,,,,,,
女,Andrea,Andi、Andie、Andy、Drea (英語) Ea (挪威語) Ea (丹麥語),,英語、德語、西班牙語、捷克語、斯洛伐克語、匈牙利語、瑞典語、挪威語、丹麥語、冰島語、荷蘭語、克羅埃西亞語、塞爾維亞語,Andrew 的女性形式。作為一個英語名稱，它自 17 世紀以來一直被使用，但直到 20 世紀才普遍使用。,,,,,,
男,Andrew,"Andie, Andy, Drew",,英語、聖經,希臘文名字Ἀνδρέας（Andreas）的英語形式，源自ἀνδρεῖος（andreios），意思是“男子氣概，陽剛”，是ἀνήρ（aner）的衍生詞，意思是“男人”。在新約聖經中，使徒安得烈是第一個加入耶穌的門徒，他是西門彼得的兄弟。據傳說，他後來在黑海地區傳教，有傳說說他被釘在X形十字架上。安德魯是一個希臘名字，可能只是他真正的希伯來名字的暱稱或翻譯，目前尚不清楚。這個名字在整個基督教世界很常見（有各種拼寫），並且在中世紀變得非常流行。聖安德魯被視為蘇格蘭、俄羅斯、希臘和羅馬尼亞的守護神。這個名字由三位匈牙利國王、美國總統安德魯·傑克遜（Andrew Jackson，1767-1845 年）以及最近的英國作曲家安德魯·勞埃德·韋伯（Andrew Lloyd Webber，1948-）使用。,,,,,,
女,Andrina,"Andi, Andie, Andy, Drea",,英語（罕見）,Andrew 的女性形式。,,,,,,
男女,Andy,,,英語,安德魯（Andrew）或有時安德里亞（Andrea）的小稱。美國普普藝術家和電影製片人安迪沃荷（Andy Warhol，1928-1987）是這個名字的著名持有者。,,,,,,
女,Anemone,,,英語（罕見）,來自銀蓮花的名字，它源自希臘語ἄνεμος（anemos），意思是“風”。,,,,,,
男女,Angel,Angjelko（馬其頓語）,,"英語, 保加利亞語, 馬其頓語",來自中世紀拉丁文男性名字Angelus，源自天上生物的名字（本身源自希臘文ἄγγελος（angelos），意思是「信差」）。它在英語世界中從來都不是很常見，在現代有時被用作女性名字。,,,,,,
女,Angela,"Angie (英語) Angelina, Lina (義大利語)",,英語、 義大利語、 德語、 荷蘭語、 羅馬尼亞語、 斯洛維尼亞語、 斯洛伐克語、 俄語、 馬其頓語、 希臘語、 晚期羅馬語,Angelus 的女性形式（參見 Angel）。作為一個英語名稱，它於18世紀開始使用。德國前總理梅克爾（Angela Merkel，1954 年－）就是一位著名的持有者。,,,,,,
女,Angelia,"Angie, Lia",,英語,Angela 的精緻造型。,,,,,,
女,Angelica,,Anjelica (英語),英語、義大利語、羅馬尼亞語、加洛林循環,源自拉丁語angelicus，意思是“天使”，最終與希臘語ἄγγελος（angelos）相關，意思是“信使”。詩人博亞多和阿里奧斯託在他們的奧蘭多詩歌（1483年和1532年）中使用了這個名字，其中她是奧蘭多和里納爾多的愛人。自 18 世紀以來，它一直被用作名字。,,,,,,
女,Angelina,"Lina (義大利語) Angie, Lina (英語) Lina (德語) Lina (西班牙語) Lina (葡萄牙語)",Anzhelina (俄語),義大利語、英語、俄語、保加利亞語、塞爾維亞語、德語、荷蘭語、西班牙語、葡萄牙語、希臘語、亞美尼亞語,Angela 的拉丁語縮寫。著名的持有者是美國女演員安潔莉娜裘莉（Angelina Jolie，1975-）。,,,,,,
女,Angelle,,,英語（罕見）,Angel 的女性變體。,,,,,,
女,Angie,,,英語,Angela 的小個子。 1973 年滾石樂隊的歌曲 Angie 使這個名字迅速流行起來。,,,,,,
男,Angus,Gus,,蘇格蘭語、愛爾蘭語、英語,Aonghus 的英語形式。,,,,,,
女,Anima (1),, ,印地語,來自梵文अणिमन (aṇiman)，意思是「微小」。在瑜珈經文中，這是讓自己變得無限渺小、無形無影的能力的名稱。,,,,,,
女,Anima (2),"Nema, Nima",,英語 (罕見),在拉丁語中的意思是「靈魂、精神」。在榮格心理學中，阿尼瑪是個人真正的內在自我，或是靈魂。,,,,,,
女,Anise,,,英語（罕見）,源自英語單字“茴香”。,,,,,,
女,Anissa,Nissa,,英語,這個名字於 1966 年由童星安妮莎瓊斯（Anissa Jones，1958-1976）首次引起公眾注意。就她而言，這是阿拉伯語名字“ÐniasÉ”（見阿尼薩）的轉錄，是為了紀念她的黎巴嫩血統。此後使用這個名字的其他父母可能會將其簡單地視為安娜使用流行名字後綴 issa 的闡述。,,,,,,
女,Anita (1),"Ankica (克羅地亞語) Ankica, Nuša (斯洛文尼亞語) Nita (英語)",,"西班牙語, 葡萄牙語, 克羅埃西亞語, 斯洛維尼亞語, 英語, 荷蘭語, 德語, 瑞典語, 挪威語, 丹麥語, 芬蘭語, 波蘭語, 拉脫維亞語, 匈牙利語",西班牙語、葡萄牙語、克羅埃西亞語和斯洛維尼亞語中 Ana 的縮寫。,,,,,,
女,Anita (2),,,印地語、馬拉提語、尼泊爾語、泰米爾語,Anit 的雌性形式。,,,,,,
女,Anjanette,,,英語,也許是 Angela 和 Antonette，或是Ann 和 Janette 的混合體。 1960年代，女演員安珍妮特·科默（Anjanette Comer，1939-）活躍時，它在美國小幅流行。,,,,,,
女,Angelica,Angie,,英語（現代）,Angelica 的變種。,,,,,,
女,Ann,"Annette, Annie, Nan, Nance, Nancy, Nanette, Nannie, Nanny",,英語、馬恩島語,安妮的英語和馬恩島形式。在英語世界中，這種拼字和 Anne 自中世紀晚期以來一直在使用。目前，Ann 的受歡迎程度低於 Anne（兩者都低於其親戚 Anna 和 Hannah）。,,,,,,
女,Anna,"Annetta(義大利) Anika, Anina, Anneli, Annelie, Anni, Anelie, Anuschka(德國) Anika, Anke, Anneke, Anouk, Ans, Antje, Annuska, Anouschka, Anouska, Anuschka(荷蘭) Annica, Annika(瑞典) Anniken(挪威) Anika, Anni(丹麥) Anni, Anniina, Annikki、 Annukka、Anu、Niina(芬蘭語) Anni、Anu(愛沙尼亞語) Anikó、Panka、Panna、Panni(匈牙利語) Aneta、Anika、Anka(波蘭語) Ania、Annushka、Anya(俄羅斯語) Aneta(捷克語) Anelia、Aneliya、Aneta、Ani、Anka、Neli(保加利亞語) Annaig、Annick(布列塔尼語) Nandag(蘇格蘭蓋爾語)",,英語、義大利語、德語、荷蘭語、瑞典語、挪威語、丹麥語、芬蘭語、愛沙尼亞語、拉脫維亞語、希臘語、匈牙利語、波蘭語、俄語、烏克蘭語、白俄語、捷克語、斯洛伐克語、保加利亞語、亞美尼亞語、冰島語、法羅語、加泰隆尼亞語、奧克西唐語、布列塔尼語、蘇格蘭蓋爾語、聖經語、聖經希臘語、聖經拉丁語、古教會斯拉夫語,希臘文和拉丁文《舊約》中所使用的 Channah（參見 Hannah）的形式。許多後來的舊約翻譯，包括英語，都使用漢娜拼字而不是安娜。這個名字在新約中曾短暫出現過，屬於一位承認耶穌是彌賽亞的女先知。它很早就在拜占庭帝國是一個流行的名字，在中世紀，由於對聖安娜（通常在英語中稱為聖安妮）的崇拜，這個名字在西方基督徒中變得很常見，傳統上這個名字是指聖安娜的母親。在英格蘭，自中世紀晚期以來，這種拉丁形式一直與白話形式 Ann 和 Anne 一起使用。 Anna 目前是所有英語國家中最常見的拼字（自 20 世紀 70 年代以來），但聖經形式 Hannah 目前比這三個拼字更受歡迎。這個名字由多位俄羅斯皇室成員使用，其中包括一位 18 世紀的俄羅斯皇后。它也是列夫·托爾斯泰的小說《安娜·卡列尼娜》（1877）中主角的名字，該小說講述了一位已婚貴族與渥倫斯基伯爵開始了一段最終悲劇性的關係的故事。,,,,,,
女,Annabel,,,英語、荷蘭語,阿瑪貝爾（Amabel）的變體，拼法似乎是結合了「安娜」（Anna）和法文的「belle」（美麗）而成。這個名字似乎起源於中世紀的蘇格蘭。,,,,,,
女,Annabella,透過 DeepL.com（免費版）翻譯,,義大利語、現代英語,Annabel 的拉丁化形式。也可以理解為「安娜」（Anna）與拉丁語/義大利語   「bella」（美麗）的結合。,,,,,,
女,Annabelle,"Bella, Mabel, Mabella, Mabelle, Mable, Mae, May, Maybell, Maybelle, Maybelline",,英語、法語,Annabel 的變體。也可以理解為「安娜」（Anna）與法語「belle」（美麗）的結合。,,,,,,
女,Annabeth,,,英語（罕見）,「安娜」（Anna）與「貝絲」（Beth）的結合。,,,,,,
女,Annalee,,,英語（現代）,「安娜」（Anna）與「李」（Lee）的結合。,,,,,,
女,Annalise,,,丹麥語、英語（現代）,「安娜」（Anna）與「莉絲」（Lise）的結合。,,,,,,
女,Anne,,,法語、英語、瑞典語、挪威語、丹麥語、芬蘭語、愛沙尼亞語、德語、荷蘭語、巴斯克語,Anna 的法語形式。此名字於13世紀傳入英格蘭，但直到三個世紀後才開始流行。在那個時期，拼寫變體 Ann 也很常見，並一直沿用至今。此名字曾由17世紀的英國女王和亨利八世的第二任妻子安妮‧博林（Anne Boleyn，伊麗莎白一世女王的母親）所使用，安妮‧博林最終在倫敦塔被處決。此外，另一位著名的持有者是德裔猶太日記作家安妮‧法蘭克（Anne Frank，本名 Annelies Frank），她在1945年成為大屠殺的年輕受害者。這名字也是加拿大作家L.M.蒙哥馬利1908年小說《綠山牆的安妮》（Anne of Green Gables）中女主角的名字。,,,,,,
女,Anneka,,,英語（罕見）,Annika 的變體。,,,,,,
女,Annette,Nettie,,法語、英語、德語、丹麥語、瑞典語、挪威語、荷蘭語,Anne 的法語小名形式。在英語世界中也被廣泛使用，並於20世紀50年代末因女演員安妮特·弗尼切洛（Annette Funicello，1942–2013）的名聲而在美國流行起來。,,,,,,
女,Annice,Annie,,英語,Annis 的變體。,,,,,,
女,Annie,,,英語、法語、荷蘭語,Anne 的小名形式。,,,,,,
女,Annika,"Annie, Ika, Nika",,瑞典語、荷蘭語、芬蘭語、愛沙尼亞語、德語、英語（現代）,Anna 的瑞典語小名形式。,,,,,,
女,Annis,"Aggie, Nan, Nance, Nancy",,英語,Agnes 的中世紀英語形式。,,,,,,
女,Annmarie,"Annie, Marie",,英語,「安」（Ann）與「瑪麗」（Marie）的結合。,,,,,,
女,Annora,"Nonie, Nora, Norah",,英語（罕見）,Honora 的中世紀英語變體。,,,,,,
女,Anona,,,英語,意思不詳。可能受1903年由Vivian Grey創作並由音樂家Vess Ossman錄製的美國歌曲啟發。歌曲的歌詞講述了一位來自亞利桑那州的美洲印第安女性，名叫Anona。,,,,,,
男,Ansel,,,英語,來自一個英語姓氏，該姓氏源自給定名Anselm。一位著名的持有者是美國攝影師安塞爾·亞當斯（Ansel Adams，1902-1984）。,,,,,,
男,Anselm,,,德語、英語（罕見）、日耳曼語源自古德語元素ansi（神）和helm（頭盔、保護）。這個名字是由聖安塞爾（Saint Anselm）於11世紀末帶到英格蘭的，他出生於義大利北部，曾任坎特伯雷大主教並是教會博士。,,,,,,,
女,Ansley,,,英語（現代）,Ainsley 的變體。,,,,,,
男,Anson,,,英語,來自一個英語姓氏，意思是「阿格尼絲的兒子」。,,,,,,
男,Anthony,Tony,,英語,羅馬家族名Antonius的英語形式，源自不明的伊特魯里亞語。羅馬家族最著名的成員是將軍馬庫斯·安東尼（Marcus Antonius，英語稱為Mark Antony），他在公元前1世紀曾與奧古斯都共同統治羅馬帝國。當他們的關係破裂時，他和他的情婦克利奧帕特拉遭到攻擊並被迫自殺，這段故事在莎士比亞的悲劇《安東尼與克麗奧佩特拉》（1606年）中有所描述。,,,,,,
男,Anton,,,德語、俄語、瑞典語、挪威語、丹麥語、冰島語、荷蘭語、保加利亞語、烏克蘭語、白俄羅斯語、斯洛維尼亞語、斯洛伐克語、馬其頓語、克羅地亞語、羅馬尼亞語、愛沙尼亞語、芬蘭語、喬治亞語、英語,Antonius（見Anthony）在多種語言中的形式。著名的持有者有俄羅斯劇作家安東·契訶夫（Anton Chekhov，1860-1904）。,,,,,,
女,Antonette,,,英語,Antonia 的小名形式。,,,,,,
女,Antonia,"Antonella, Antonietta, Nella, Tonina (義大利語) Antonieta, Antoñita (西班牙語) Nia, Tawnya, Toni, Tonia, Tonya (英語) Teuna (荷蘭語) Antica, Tonka (克羅埃西亞語)",,義大利語、西班牙語、英語、德語、瑞典語、挪威語、丹麥語、荷蘭語、羅馬尼亞語、希臘語、克羅地亞語、保加利亞語、古羅馬語,Antonius（見 Anthony）的女性形式。,,,,,,
男,Antony,Tony,,英語,Anthony 的變體。這曾是英語中該名字的常見拼寫，但在17世紀，字母 h 開始被加入進來。,,,,,,
女,Anya,,,俄語、英語,Anna 的俄語小名形式。,,,,,,
女,Apple,,,英語（罕見）,來自英語單詞「蘋果」，源自中英語appel，古英語æppel。美國女演員格溫妮絲·帕特洛（Gwyneth Paltrow）和英國音樂家克里斯·馬丁（Chris Martin）於2004年將這個名字給了他們的女兒。,,,,,,
女,April,,,英語,來自月份的名稱，可能最初源自拉丁語aperire「打開」，指的是花朵的綻放。自20世紀40年代以來，它才開始普遍用作名字。,,,,,,
女,Arabella,"Bella, Mabel, Mabella, Mabelle, Mable, Mae, May, Maybell, Maybelle, Maybelline",,英語,中世紀蘇格蘭的名字，可能是Annabel的變體。這個名字長期以來與拉丁語的orabilis（意思是「可祈禱的，屈從於祈禱」）相關聯，並且該名字常以類似形式記錄。,,,,,,
女,Araminta,"Minta, Minty",,英語（罕見）,意思不詳。這個名字首次由威廉·孔格里夫（William Congreve）在他的喜劇《老單身漢》（The Old Bachelor，1693年）中使用，後來約翰·范布魯（John Vanbrugh）在他的喜劇《聯盟》（The Confederacy，1705年）中也使用了這個名字。這是廢奴運動者哈麗雅特·塔布曼（Harriet Tubman，1820-1913）的原名，她出生時名叫Araminta Ross。,,,,,,
男,Archer,,,英語,來自英語姓氏，意思是「弓箭手」，源自古法語。儘管這個名字已經在緩慢增長其流行度，但在2009年美國電視劇《Archer》首播後，它的受歡迎程度急劇上升。,,,,,,
男,Archibald,Archie,,蘇格蘭語、英語,源自日耳曼名字Ercanbald，由元素erkan（意思是「純潔的，神聖的，真誠的」）和bald（意思是「大膽的，勇敢的」）組成。由於受希臘名字以ἀρχός（archos，意思是「主人」）為開頭的影響，第一個元素被改變。諾曼人將這個名字帶到英格蘭，並且它在中世紀時在蘇格蘭變得流行（有時用來使蓋爾名字Gilleasbuig（原因不明）更具英格蘭風格）。,,,,,,
男,Archie,,,蘇格蘭語、英語,Archibald 的小名形式。這個名字由美國漫畫角色Archie Andrews所持有，該角色於1941年創造。哈利王子和梅根·馬克爾也為他們2019年出生的兒子取了這個名字。,,,,,,
女,Ardath,,,英語,來自《以斯德拉二書》（2 Esdras，9:26節）中的一個平原的名字，這在一些舊約版本中出現。這個地名被瑪麗·科雷利（Marie Corelli）用作她1889年小說的書名，這可能是它作為名字在那段時間後變得流行的原因。,,,,,,
男女,Arden,,,英語,來自英語姓氏，最初源自各種地名，這些地名源自一個凱爾特詞語，意思是「高的」。,,,,,,
女,Ardith,,,英語,Ardath 的變體。,,,,,,
女,Aretha,,,英語,可能源自希臘語 ἀρετή（arete），意思是「美德」。這個名字在1960年代由美國歌手阿麗莎·富蘭克林（Aretha Franklin，1942-2018）所推廣。,,,,,,
女,Aria,,,英語（現代）,在意大利語中意味著「歌曲，旋律」（字面意思是「空氣」）。Aria 是一種精緻的獨唱，通常在歌劇中表演。作為一個英語名字，它自20世紀以來才開始使用，並在2010年電視劇《美麗小謊言》（Pretty Little Liars）首播後迅速流行，該劇中的一個角色也使用這個名字。在意大利傳統中並不常用這個名字。,,,,,,
女,Ariah,,,英語（現代）,Aria 1 的變體。,,,,,,
女,Ariana,,,葡萄牙語、英語（現代）,Ariadne 的葡萄牙語形式。這個名字在20世紀最後幾十年在美國逐漸增長。著名的持有者是美國流行歌手阿莉安娜·格蘭德（Ariana Grande，1993年–）。,,,,,,
女,Arianna,,,意大利語、英語（現代）,Ariadne 的意大利語形式。,,,,,,
男,Aric,,,英語,Eric 的變體。,,,,,,
男女,Ariel,,,希伯來語、英語、法語、西班牙語、波蘭語、聖經、聖經希臘語,在希伯來語中意味著「神的獅子」，來自 אֲרִי（ʾari，意思是「獅子」）和 אֵל（ʾel，意思是「神」）。在舊約中，它是耶路撒冷的另一個名字。莎士比亞在他的戲劇《暴風雨》（The Tempest，1611年）中使用了這個名字，亞歷山大·波普在他的詩《鎖的強姦》（The Rape of the Lock ，1712年）中使用了這個名字， 並且天王星的一顆衛星也以此命名，以紀念他。作為英語名字，它在1980年代變得更加常見，特別是在迪士尼電影《小美人魚》（1989年）中作為主角的名字使用後，這個名字在女性中變得流行。,,,,,,
女,Ariella,,,英語（現代）,Ariel 的純粹女性形式。,,,,,,
女,Arielle,,,法語、英語,Ariel 的法語女性形式，也作為英語變體。,,,,,,
女,Arienne,,,英語（罕見）,Ariane 的變體。,,,,,,
男女,Arin,,,英語（罕見）,rin 或 Aaron 的變體。,,,,,,
女,Ariyah,,,英語（現代）,Aria 1 的變體。,,,,,,
女,Arleen,,,英語,Arline 的變體。自20世紀初以來，這是這個名字最常見的拼寫形式。,,,,,,
男,Arlen,,,英語,意思不詳，可能來自一個姓氏。,,,,,,
女,Arlene,Arlie,,英語、菲律賓語,Arline 的變體。自20世紀初以來，這是這個名字最常見的拼寫形式。,,,,,,
男女,Arlie,,,英語,Arline 和其他以 Arl 開頭的名字的小名形式。,,,,,,
女,Arline,Arlie,,英語,意思不詳，可能由Michael William Balfe在其歌劇《波希米亞女孩》（The Bohemian Girl，1843年）中的主要角色創造。,,,,,,
男,Arlo,,,英語,意思不確定。它可能受埃德蒙·斯賓塞（Edmund Spenser）於1590年所作的詩《仙女女王》（The Faerie Queene）中的虛構地名 Arlo Hill 启发。斯賓塞可能通過改變真實的愛爾蘭地名Aherlow來創造了 Arlo，Aherlow 的意思是「在兩個高地之間」。,,,,,,
男女,Armani,,,英語（現代）,來自意大利姓氏，意思是「埃爾曼諾的兒子」。由於時尚品牌阿瑪尼 （Armani），該品牌由服裝設計師喬治·阿瑪尼（Giorgio Armani，1934年–） 創立，這個名字成為了人名。,,,,,,
男,Arn,,,英語,Arnold 的簡寫形式。,,,,,,
男,Arnie,,,英語,Arnold 的小名形式。,,,,,,
男,Arnold,"Arn, Arnie（英語） Arnd, Arndt, Arne, Arno（德語） Arno（荷蘭語）",,英語、德語、荷蘭語、波蘭語、日耳曼語,來自一個日耳曼名字，意思是「鷹之力量」，由元素 arn（意思是「鷹」）和 walt（意思是「力量，權威」）組成。諾曼人將這個名字帶到英格蘭，取代了古英語的同源名 Earnweald。這個名字在中世紀後作為 英語名字消失，但在19世紀被復興。,,,,,,
男,Arron,,,英語,Aaron 的變體。,,,,,,
男,Art,,,英語,Arthur 的簡寫形式。,,,,,,
男,Arthur,"Art, Artie（英文） Tuur（荷蘭文）",,英語、法語、德語、荷蘭語、挪威語、丹麥語、瑞典語、威爾士語 神話、亞瑟王傳說,這個名字的意思不詳。它可能源自凱爾特元素 *artos（意思是「熊」）（古威爾士語 arth）和 *wiros（意思是「人」）（古威爾士語 gur），或 *rīxs（意思是「國王」）（古威爾士語 ri）。另有一種可能性是它與一個不太為人所知的羅馬家族名Artorius有關。,,,,,,
男女,Artie,,,英語,Arthur 的小名形式，也可作為女性名字。,,,,,,
男,Arvel,,,英語,意思不詳，可能是 Arwel 的變體。,,,,,,
f,Aryana,,,英語（現代）,Ariana 的變體。,,,,,,
男女,Ash,,,英語,Ashley 的簡寫形式。它也可以直接來自英語，表示「梣樹」或「火的灰燼」。,,,,,,
男,Asher,,,希伯來語、英語、聖經、聖經希伯來語,在希伯來語中意思是「快樂的，受祝福的」，源自 אָשַׁר（ʾashar），意為「快樂，祝福」。在舊約中，Asher 是雅各與利亞的婢女悉帕的兒子，也是以色列十二支派之一的祖先。他名字的意思在《創世記》30:13 中被解釋。,,,,,,
女,Ashlea,,,英語（現代）,Ashley 的女性變體。,,,,,,
女,Ashlee,,,英語（現代）,Ashley 的女性變體。,,,,,,
女,Ashleigh,,,英語（現代）,Ashley 的女性變體。,,,,,,
男女,Ashley,,,英語,來自一個英語姓氏，最初源於地名，意為「梣樹空地」，由古英語 æsc（梣樹）和 leah（空地）組成。在1960年代之前，Ashley 在美國更常用於男孩，但現在最常用於女孩。它在1987年達到在美國的流行高峰，但直到1991年才成為排名最高的名字，此前一直被同樣受歡迎的 Jessica 壓制。在英國，Ashley 仍然更常作為男性名字。,,,,,,
女,Ashlie,,,英語（現代）,Ashley 的女性變體。,,,,,,
女,Ashlyn,,,英語（現代）,Ashley 和受歡迎的名字後綴 lyn 的結合。,,,,,,
女,Ashlynn,,,英語（現代）,Ashlyn 的變體。,,,,,,
男女,Ashton,,,英語（現代）,來自一個英語姓氏，本身源自一個地名，其意思是古英語中的「梣樹之鎮」。這是一個罕見的男性名字，直到1980年代逐漸變得更常見，並在1986年至1997年間受到1985年迷你劇《南北戰爭》中女性角色 Ashton Main 的啟發，美國的父母更常用於女孩。然而，自那以後， 它再次壓倒性地用於男性，這可能部分歸因於演員 Ashton Kutcher （1978年生）的名聲。,,,,,,
男女,Ashtyn,,,英語（現代）,Ashton 的變體。,,,,,,
女,Asia,,,英語（現代）、義大利語（現代）,來自大陸的名稱，可能源於阿卡德語 asu，意思是「東方」。,,,,,,
女,Aspen,,,英語（現代）,來自英語，指屬於白楊屬的一種落葉樹，源於古英語 æspe。這也是科羅拉多州一個滑雪勝地的名稱。,,,,,,
女,Aspyn,,, 英語（現代）,Aspen 的變體。,,,,,,
男女,Aster,,,英語（罕見）,來自花的名稱，通過拉丁語源自希臘語 ἀστήρ (aster)，意思是「星星」。,,,,,,
男女,Aston,,,英語（罕見）,源自一個姓氏，最初來自一個地名，意為古英語中的「東鎮」或來自名字 Æðelstan。,,,,,,
男,Astor,,,英語（罕見）,源自一個德語和法語姓氏，該姓氏來自奧克語 astur，意思是「鷹」。著名的 Astor 家族，活躍於英國和美國的上流社會，起源於意大利阿爾卑斯山地區。,,,,,,
女,Astoria,,,英語（罕見）,Astor 的女性形式。這也是一些美國城鎮的名字，以商人 John Jacob Astor 命名。,,,,,,
女,Astra,,,英語（罕見）,意思是「星星」，最終源自希臘語 ἀστήρ (aster)。此名字自20世紀以來僅偶爾被使用。,,,,,,
女,Astrid,,,瑞典語、挪威語、丹麥語、德語、法語、英語,現代斯堪的納維亞語形式的 Ástríðr。瑞典作家阿斯特麗德·林格倫 （Astrid Lindgren，1907-2002），《長襪子皮皮》的作者， 便以此名為人熟知。這也是一位瑞典公主（1905-1935）的名字， 她作為利奧波德三世的妻子成為比利時王后。,,,,,,
男,Athelstan,,,英語（古老）,Æðelstan 的現代形式。此名字於19世紀下半葉在英國復興。,,,,,,
女,Athena,,,希臘神話、英語,意思未知。雅典娜是希臘的智慧與戰爭女神，也是希臘城市雅典的守護神。她的名字可能源自這座城市的名字，而非相反。最早提到她的記錄似乎是一份公元前15世紀來自克里特島克諾索斯的邁錫尼希臘語銘文。,,,,,,
女,Aubree,,,英語（現代）,Aubrey 的女性形式。,,,,,,
男女,Aubrey,,,英語,來自 Auberi，為諾曼人帶到英格蘭的古法語形式，源自 Alberich。此名在中世紀很常見，並於19世紀復興。自1970年代中期以來，因為 Bread 樂隊1972年的歌曲《Aubrey》及其與傳統女性名 Audrey 的相似性，該名更頻繁地用於女性。,,,,,,
f,Aubriana,,,英語（現代）,Aubrianna 的變體。,,,,,,
f,Aubrianna,,,英語（現代）,Aubrey 和 Anna 的結合。,,,,,,
f,Aubrie,,,英語（現代）,Aubrey 的變體。,,,,,,
f,Aubrielle,,,英語（現代）,Aubrey 和流行名稱後綴 elle 的結合。,,,,,,
男女,Audie,,,英語,在著名的美國士兵奧迪·墨菲（Audie Murphy，1925-1971）的情況下，該名字的意思不明。作為女性名字時，它可以是 Audrey 的暱稱。,,,,,,
男,Audley,,,英語,源自一個姓氏，該姓氏取自地名，意為「Ealdgyð 的空地」，來自古英語。,,,,,,
女,Audra,,,英語,Audrey 的變體，自19世紀以來使用。在美國，這個名字的流行度 在電視劇《大山谷》（The Big Valley，1965-1969） 首播後飆升，該劇中 有角色 Audra Barkley。,,,,,,
女,Audrea,Audie,,英語（罕見）,Audrey 的變體。,,,,,,
女,Audrey,Audie,,英語、法語,來自中世紀縮寫形式 Æðelþryð。這是東盎格利亞的公主、 一位7世紀的聖徒的名字，她在伊利創立了一座修道院。在中世紀末期，由於與  tawdry（一個源自聖奧黛麗名字的詞，代表在廉價蕾絲出售的 市集上售賣的物品）相關聯，該名字變得少見，但在19世紀復興。一位著名的名字擁有者是英國女演員奧黛麗·赫本（Audrey Hepburn，1929-1993）。,,,,,,
男,August,,,德語、波蘭語、瑞典語、挪威語、丹麥語、芬蘭語、加泰羅尼亞語、英語,Augustus 的德語、波蘭語、斯堪的納維亞語和加泰羅尼亞語形式。這是三位波蘭國王的名字。,,,,,,
女,Augusta,,,意大利語、葡萄牙語、英語、德語、古羅馬語,Augustus 的陰性形式。1768年，漢諾威王朝的英國國王喬治三世將此名字賜予他的次女，將此名引入英國。,,,,,,
男,Augustine (1),,,英語,來自羅馬名字 Augustinus，其本身源自羅馬名字 Augustus。聖奧古斯丁（Saint Augustine of Hippo）是5世紀來自北非的基督教神學家和作家，因其對基督教哲學的貢獻，被譽為「教會博士」。由於他的聲望，此名字在基督教世界廣泛使用。該名在中世紀的英格蘭特別受歡迎，部分原因是另一位同名的聖人——坎特伯雷的奧古斯丁（Augustine of Canterbury），一位6世紀的義大利僧侶，奉命前往英格蘭皈依盎格魯-撒克遜人。,,,,,,
女,Augustine (2),,,法語,法文中 Augustinus 的陰性形式（參見 Augustine 1）。,,,,,,
女,Aura,,,英語、意大利語、西班牙語、芬蘭語,來自單詞 aura（源自拉丁語，最終來自希臘語 αὔρα，意為「微風」），代表獨特的氛圍或光輝。,,,,,,
女,Aurora,,,意大利語、西班牙語、葡萄牙語、英語、羅馬尼亞語、芬蘭語、挪威語、瑞典語、羅馬神話,拉丁語中意為「黎明」。Aurora 是羅馬的晨曦女神。自文藝復興時期以來，偶爾被用作名字。,,,,,,
男,Austen,,,英語（現代）,Austin 的變體形式。,,,,,,
男,Austin,,,英語,Augustine 1 的中世紀簡化形式。該名的現代使用可能也部分受到同源姓氏 Austin 的啟發。此外，這也是美國德克薩斯州首府奧斯汀的名稱。,,,,,,
男,Auston,,,英語（現代）,Austin 的變體形式。,,,,,,
男女,Austyn,,,英語（現代）,Austin 的變體形式或陰性形式。,,,,,,
女,Autumn,,,英語,來自季節名稱，最終源於拉丁語 autumnus。「秋天」這一名字自1960年代以來開始廣泛使用。,,,,,,
女,Ava,,,英語,Eve 的變體形式。一位著名的名字持有者是美國女演員艾娃·加德納（Ava Gardner，1922-1990）。這一名字在21世紀初於英語世界迅速流行，在美國、英國、愛爾蘭、加拿大、澳大利亞和紐西蘭的女孩名字排名中進入前十名。自1997年起該名聲名鵲起，可能是因為演員希瑟·洛克萊爾（Heather Locklear）與音樂家里奇·桑博拉（Richie Sambora）在那一年為他們的女兒選用了這個名字。,,,,,,
女,Avah,,,英語（現代）,Ava 的變體形式。,,,,,,
女,Avaline,,,英語（罕見）,英語（罕見）,,,,,,
女,Avalon,,,英語（罕見）,源自傳說中古英國亞瑟王去世後被帶往的樂園島的名稱。這座島的名稱可能與威爾士語 afal（意為「蘋果」）相關，蘋果常被視為天堂的象徵。,,,,,,
女,Aveline,,,英語（罕見）,源自日耳曼名字 Avelina 的諾曼法語形式，Avelina 是 Avila 的小名形式。諾曼人將這個名字帶到英國。中世紀後，該名作為英語名字變得罕見，但在美國一直保留至19世紀。,,,,,,
女,Averie,,,英語（現代）,Avery 的變體形式。,,,,,,
男女,Averill,,,英語（罕見）,源自英國姓氏，最初由女性名字 Eoforhild 演化而來。,,,,,,
男女,Avery,,,英語,"源自一個英國姓氏，該姓氏本身來自諾曼法語形式的名字 Alberich 或 Alfred。作為名字，這在美國情景喜劇《墨菲·布朗》（Murphy Brown, 1988-1998）中被用於主角的母親和兒子名字。到1998年，該名在美國更常用於女孩，可能部分受到1996年電影《甜心先生》（Jerry Maguire）中的一個角色啟發。",,,,,,
女,Aviana,,,英語（現代）,可能是 Ava 1 的延伸形式，受 Ariana 等名字的影響。在某些情況下，也可能源自單詞 avian（意為「鳥」或「與鳥相關、像鳥的」）。,,,,,,
女,Avianna,,,英語（現代）,Aviana 的變體形式。,,,,,,
女,Avice,,,英語（罕見）,Avis 的變體形式。,,,,,,
女,Avis,,,英語,可能是日耳曼名字 Aveza 的拉丁化形式，該名字源於元素 awi（意義未知）。諾曼人將此名引入英國，在中世紀時變得適度常見，並與拉丁語 avis（「鳥」）相關聯。,,,,,,
女,Avonlea,,,英語（罕見）,由 L. M. Montgomery 創作，作為她1908年小說《綠山牆的安妮》的設定地名稱。她可能將該名稱基於亞瑟王傳說中的島嶼 Avalon，雖然它也類似於河流名稱 Avon 和單詞 leah（意為「林地、空地」）。,,,,,,
女,Avril,,,法語（罕見）、英語（罕見）,"法語形式的 April（四月）。著名持有者是加拿大音樂家艾薇兒·拉維尼（Avril Lavigne, 1984-）。",,,,,,
男,Axel,,,丹麥語、瑞典語、挪威語、德語、法語、英語,中世紀丹麥形式的 Absalom。,,,,,,
男,Axl,,,英語（現代）,Axel 的變體形式，以音樂家 Axl Rose（1962年出生）而聞名。,,,,,,
男,Aydan,,,英語（現代）,Aidan 的變體形式。,,,,,,
男,Ayden,,,英語（現代）,Aidan 的變體形式。,,,,,,
女,Ayla,,,文學名、英語（現代）,由作家 Jean M. Auel 為1980年小說《石洞裡的熊族》創造。在小說中，Ayla 是一個被尼安德特人收養的孤兒克羅馬儂人女孩。Ayla 是尼安德特人對她真正名字的發音，而她的真名未被揭示。,,,,,,
男,Aylmer,,,英語（罕見）,來自一個英語姓氏，是 Elmer 的變體。,,,,,,
女,Azalea,,,英語（現代）,來自花卉的名稱（杜鵑花屬灌木），最終源於希臘語 ἀζαλέος（azaleos），意為「乾燥的」。,,,,,,
男女,Azaria,,,希伯來語、英語（現代）,希伯來語形式的男性名字 Azariah，在英語世界中也是女性的變體形式。,,,,,,
女,Azura,,,英語（罕見）,Azure 的延伸形式。,,,,,,
男女,Azure,,,英語（罕見）,來自表示「天空藍」的英語單詞，最終源自波斯語 لاجورد (lājvard)，意為「天青石，青金石」。,,,,,,
B,,,,,,,,,,,
男女,Babe,,,英語,源於表示「嬰兒」的綽號，也是一個俚語，意指「有吸引力的人」。作為女性名字，有時是 Barbara 的暱稱形式。,,,,,,
女,Babette,,,法語、德語、荷蘭語、英語,法語中 Élisabeth 或 Barbara 的暱稱形式。,,,,,,
女,Babs,,,英語,Barbara 的暱稱形式。,,,,,,
女,Bailee,,,英語（現代）,Bailey 的變體形式。,,,,,,
男女,Beiley,,,英語,源於一個英語姓氏，該姓氏來自中古英語 baili，意為「執法官」，最初用來指一位執法官。作為男性名字相對罕見，從1978年美國情景喜劇《辛辛那提廣播電台》中一個角色的名字開始，該名在美國女孩中逐漸流行。雖然它在女性中更常見，但在1994年的電視劇《五口之家》中，另一位男性角色讓該名在男孩中也有所流行。在英國和澳大利亞，該名一直更受男性喜愛。,,,,,,
男,Baker,,,英語（現代）,來自一個英語職業姓氏，源於古英語 bakere，意為「麵包師」。,,,,,,
男,Baldric,,,英語（古代）,源於古德語元素 bald（勇敢、大膽）和 rih（統治者、國王）。這是7世紀一位法蘭克聖人、蒙福孔修道院的創建者所使用的名字。諾曼人將此名引入不列顛，並在中世紀相當流行。,,,,,,
男,Baldwin,Baldo,,英語、日耳曼語,意為「勇敢的朋友」，來自古德語元素 bald（勇敢、大膽）和 wini（朋友）。在中世紀，該名在法蘭德斯地區和諾曼人中廣受歡迎，並被帶入不列顛。這是第一十字軍東征的一位領袖、一位法蘭德斯貴族的名字。他在十字軍征服耶路撒冷後，被加冕為耶路撒冷王國的國王。,,,,,,
男,Balfour,,,英語（罕見）,源於一個蘇格蘭姓氏，其來源是多個地名，這些地名本身源自蓋爾語 baile（村莊）和 pòr（牧場、莊稼、農田）。,,,,,,
女,Bambi,,,英語,源自意大利語 bambina，意為「小女孩」。美國小說家 Marjorie Benton Cooke 在她1914年的小說《Bambi》中使用了這個名字。這也是迪士尼卡通中一隻雄性小鹿的名字，該卡通改編自瑞士作家 Felix Salten 1923年的小說。,,,,,,
男,Banks,,,英語（現代）,來自一個英語姓氏，該姓氏用於居住在山坡或土地堤岸附近的人。,,,,,,
女,Barb,,,英語,Barbara 的縮寫形式。,,,,,,
女,Barbara,Babe、Babs、Barb、Barbie、Bobbi、Bobbie（英語）Babette（法語）Bärbel（德語）Basia（波蘭語）Boróka（匈牙利語）Bara、Barica（克羅埃西亞語）,,英語、意大利語、法語、德語、波蘭語、匈牙利語、斯洛文尼亞語、克羅埃西亞語、荷蘭語、瑞典語、丹麥語、挪威語、晚期拉丁語,源自希臘語 βάρβαρος (barbaros)，意為「外國的、非希臘的」。根據傳說，聖芭芭拉是一位年輕女子，被父親 Dioscorus 殺害，而父親隨後被一道閃電擊中身亡。她是建築師、地質學家、石匠和炮兵的主保聖人。由於她的聲譽，該名字在中世紀基督教世界廣泛使用。宗教改革後，該名在英格蘭變得罕見，但在19世紀得以復興。,,,,,,
女,Barbie,,,英語,Barbara 的昵稱。這是 Mattel 玩具公司自 1959 年起生產的一種娃娃的名字，以設計師的女兒命名。,,,,,,
女,Barbra,"Babe, Babs, Barb, Barbie, Bobbi, Bobbie",,英語,Barbara 的變體形式。,,,,,,
男,Barclay,,,英語（罕見）,源自一個蘇格蘭和英格蘭的姓氏，該姓氏來自英格蘭地名 Berkeley，其本身源自古英語 beorc（樺樹）和 leah（森林、林地空地）。,,,,,,
男,Barnabas,Barney,,德語（罕見）、英語（罕見）、聖經名、拉丁語聖經名、希臘語聖經名,希臘形式的阿拉姆名字。在《新約聖經·使徒行傳》中，Barnabas 是一位名為 Joseph 的猶太人（來自賽普勒斯）的別名，他是保羅傳教旅程的夥伴。原始的阿拉姆語形式尚未記載，但可能源自 בּר נביא (bar navi)，意為「先知之子」。然而，在《使徒行傳》4:36 中，該名字被解釋為「鼓勵之子」。作為英語名字，Barnabas 在 12 世紀後偶爾使用。如今較為罕見，但變體 Barnaby 在英國仍較為常見。,,,,,,
男,Barnaby,Barney,,英語（英國）,Barnabas 的英語形式，最初是一種中世紀的口語形式。,,,,,,
男,Barney,,,英語,Barnabas、Bernard 或 Barnaby 的暱稱。,,,,,,
男,Baron,,,英語,源自貴族頭銜，該頭銜來自拉丁語 baro（屬格 baronis），意為「男子，自由人」，可能最終源自法蘭克語。,,,,,,
男,Barret,,,英語（罕見）,源自 Barrett 的變體姓氏。,,,,,,
男,Barrett,,,英語（罕見）,來自一個姓氏，可能在中古英語中意為「好爭吵的，虛偽的」，最初給予好爭辯的人。,,,,,,
男,Barrie,,,英語,Barry 的變體。,,,,,,
男,Barry,,,愛爾蘭語、英語,Barra 的英語化形式。,,,,,,
男,Bart,,,英語、荷蘭語,Bartholomew 或 Bartholomeus 的縮寫形式。這是電視系列《辛普森一家》中一個調皮的卡通男孩的名字。,,,,,,
男,Bartholomew,"Bart, Tolly",,英語、聖經名,Βαρθολομαῖος（Bartholomaios）的英語形式，這是亞拉姆語名字的希臘形式，意為「Talmai 的兒子」。在《新約聖經》中，Bartholomew 是一位使徒的別名，可能與另一位使徒 Nathanael 是同一人。根據傳統，他曾是印度的傳教士，後返回西方到亞美尼亞，在那裡他被剝皮而殉道。由於這位聖徒的受歡迎程度，該名字在中世紀英格蘭變得普遍。,,,,,,
男,Basil,,,英語,源自希臘名字 Βασίλειος (Basileios)，該名字源自 βασιλεύς (basileus)，意為「國王」。聖 Basil 大帝是公元 4 世紀的該撒利亞主教，也是早期基督教教會的奠基人之一。由於他的影響，該名字（有各種拼法）在基督教世界普遍使用，在東方基督徒中特別流行。該名字還被兩位拜占庭皇帝使用。,,,,,,
男,Baxter,,,英語,來自一個職業姓氏，意為「（女性）烘焙師」，源自古英語 bæcere 和一個女性詞綴。,,,,,,
女,Baylee,,,英語（現代）,Bailey 的變體。,,,,,,
男女,Bayley,,,英語（現代）,Bailey 的變體。,,,,,,
男女,Baylor,,,英語（現代）,來自一個姓氏，可能是德國姓氏 Beiler 的美國化形式，該姓氏源自中古高地德語 beile，意為「測量棒」。,,,,,,
男,Baz,,,英語（英國）,主要是英國用語，Barry 或 Basil 的暱稱。,,,,,,
男,Bazza,,,英語（英國）,主要是英國用語，Barry 或 Basil 的暱稱。,,,,,,
女,Bea,,,英語、匈牙利語、荷蘭語,Beatrix 或 Beáta 的縮寫形式。,,,,,,
男,Bear,,,英語（現代）,來自動物名稱「熊」，源自古英語 bera，可能來自意為「棕色」的詞根。,,,,,,
女,Beatrice,"Bice（義大利語）Bea, Bee（英語）",,意大利語、英語、瑞典語、羅馬尼亞語,Beatrix 的意大利語形式。Beatrice Portinari (1266-1290) 是意大利詩人 Dante Alighieri 所愛的女子。她在但丁的史詩《神曲》（1321）中作為他的導引，帶領他穿越天堂。這也是莎士比亞喜劇《無事生非》（1599）中的角色名字，在劇中 Beatrice 和 Benedick 被設計承認彼此的愛意。,,,,,,
女,Beatrix,Bea（匈牙利語）Bea（荷蘭語）Bea、Bee、Trix、Trixie（英語）,,德語、匈牙利語、荷蘭語、英語、晚期羅馬名,可能來自 Viatrix，這是晚期拉丁名字 Viator 的女性形式，意為「旅行者，旅人」。這是一個早期基督徒中常見的名字，拼寫因與拉丁語 beatus（「幸福的，快樂的」）相關聯而改變。Viatrix 或 Beatrix 是一位 4 世紀的聖徒，她在戴克里先迫害基督徒時被勒死。,,,,,,
男女,Beau,,,英語、荷蘭語（現代）,在法語中意為「美麗的，英俊的」。自 20 世紀中葉以來用作名字。在瑪格麗特·米切爾的小說《飄》（1936）中，這是 Ashley 和 Melanie 的兒子的名字。,,,,,,
男,Beauden,Beau,,英語（新西蘭，現代）,源於法語 beau（「美麗的」），加上流行的語音後綴 den（如 Hayden 和 Aidan 中所見）。這個名字因橄欖球運動員 Beauden Barrett（1991 年生）而在新西蘭流行。,,,,,,
男,Beaumont,Beau,,英語（罕見）,來自一個法語姓氏，意為「美麗的山」。,,,,,,
男,Beauregard,,,英語（罕見）,來自一個法語姓氏，意為「美麗的景色」。,,,,,,
f,Becca,,,英語,Rebecca 的縮寫形式。,,,,,,
f,Becci,,,英語（現代）,Rebecca 的愛稱形式。,,,,,,
男女,Beck,,,英語（罕見）,源自英語、德語或斯堪的納維亞語姓氏，這些姓氏均來自意為「小溪」的相關詞語。作為女性名字，有時是 Rebecca 的縮寫。一位著名的使用者是美國搖滾音樂家 Beck Hansen（1970 年生），本名 Bek David Campbell，以 Beck 作為藝名。,,,,,,
女,Becka,,,英語,Rebecca 的縮寫形式。,,,,,,
女,Beckah,,,英語,Rebecca 的縮寫形式。,,,,,,
男,Beckett,,,英語（現代）,源於英語姓氏，可以來自不同來源，包括中古英語 bec（意為「鳥嘴」）或 bekke（意為「溪流，小溪」）。,,,,,,
男,Beckham,,,英語（現代）,源於英語姓氏，該姓氏來自地名，意為「Becca 的家園」。古英語中的 Becca 是一個綽號，意為「鶴嘴鋤」。著名使用者包括已退役的英國足球運動員 David Beckham（1975 年生）。,,,,,,
女,Becki,,,英語,Rebecca 的愛稱形式。,,,,,,
女,Becky,,,英語,Rebecca 的愛稱形式。,,,,,,
女,Bee,,,英語,Beatrix 或其他以 B 開頭的名字的縮寫形式。,,,,,,
女,Bekki,,,英語（現代）,Rebecca 的愛稱形式。,,,,,,
女,Belinda,Bindy,,英語,此名字的確切含義尚不確定。第一部分可能與義大利語 bella（意為「美麗」）相關；第二部分可能是古德語 lind（意為「柔軟、靈活、溫柔」，進一步延伸為「蛇」）。此名首次出現於 17 世紀，後來被亞歷山大·蒲柏在其詩作《卷髮劫》（1712）中使用。,,,,,,
女,Bella,,,英語,Isabella 或其他以 bella 結尾的名字的簡稱，也與義大利語 bella（意為「美麗」）相關。美國作家斯蒂芬妮·梅爾（Stephenie Meyer）將此名用於其 2005 年出版的《暮光之城》系列小說的女主角，該小說後來於 2008 年改編為電影系列。,,,,,,
男女,Bellamy,,,英語（現代）,源於英語姓氏，來自古法語 bel ami（意為「美好的朋友」）。,,,,,,
女,Belle,,,英語,Isabella 或其他以 belle 結尾名字的簡稱，也與法語 belle（意為「美麗」）相關。一位著名的使用者是美國西部的不法之徒 Belle Starr（1848-1889），她的本名是 Maybelle。,,,,,,
男,Ben,,,英語、德語、荷蘭語,Benjamin、Benedict 或其他以 Ben 開頭名字的簡稱。著名使用者包括英國詩人和劇作家 Ben Jonson（1572-1637）。,,,,,,
男,Benedict,"Ben, Bennie, Benny",,英語,來自晚期拉丁名字 Benedictus，意為「受祝福的」。聖本篤是 6 世紀義大利修道士，創立了本篤會。此名在他的時代之後在基督教世界中非常流行，共有 16 位教宗使用此名。在英格蘭，該名字直到 12 世紀才開始使用，隨後變得非常普遍。美國將軍 Benedict Arnold（1741-1801）也使用此名，他在美國獨立戰爭期間叛投英國。,,,,,,
男,Benj,,,英語,Benjamin 的簡稱。,,,,,,
男,Benjamin,Ben、Benj、Benji、Benjy、 Bennie、Benny（英文）Ben（德文）Ben（荷蘭文）,,英語、法語、德語、荷蘭語、丹麥語、瑞典語、挪威語、芬蘭語、斯洛文尼亞語、克羅埃西亞語、聖經名,源自希伯來名字 בִּנְיָמִין (Binyamin)，意為「南方之子」或「右手之子」，由 בֵּן (ben)（意為「兒子」）和 יָמִין (yamin)（意為「右手、南方」）組成。在《舊約》中，Benjamin 是雅各的第十二個兒子，也是最小的兒子，並成為希伯來人南方部族之一的創始人。,,,,,,
男,Benji,,,英語,Benjamin 的愛稱形式。,,,,,,
男,Benjy,,,英語,Benjamin 的愛稱形式。,,,,,,
男,Bennett,"Ben, Bennie, Benny",,英語,中世紀形式的 Benedict。直到 18 世紀，這是英格蘭更常見的拼寫形式。該名字的現代使用可能也受到常見姓氏 Bennett 的影響，該姓氏本身源自中世紀的名字。,,,,,,
男,Bennie,,,英語,Benjamin 或 Benedict 的暱稱形式。,,,,,,
男,Benny,,,英語,Benjamin 或 Benedict 的暱稱形式。,,,,,,
男,Benson,"Ben, Bennie, Benny",,英語,源自英國姓氏，最初意為「Benedict 的兒子」。,,,,,,
男,Bentley,"Bennie, Benny",,英語,來自一個姓氏，該姓氏源自地名，其本意為古英語中的 beonet（意為「彎曲的草」）和 leah（意為「樹林、空地」）。英格蘭有多個城鎮以此命名。,,,,,,
男,Benton,"Bennie, Benny",,英語,源自一個姓氏，該姓氏來自地名，包含古英語 beonet（意為「彎曲的草」）和 tun（意為「圍場」）。,,,,,,
女,Berenice,"Bernie, Berny",,英語、義大利語、古希臘語（拉丁化）,拉丁化形式的 Βερενίκη (Berenike)，是希臘名字 Φερενίκη (Pherenike) 的馬其頓形式，意為「帶來勝利」，來自 φέρω (phero)（意為「帶來」）和 νίκη (nike)（意為「勝利」）。該名字在托勒密王朝的埃及統治家族中很常見，在《新約聖經》中短暫出現，屬於希律·亞基帕二世王的妹妹。在新教改革後，Berenice 作為英語名字開始使用。,,,,,,
女,Bernadette,"Bernie, Berny",,法語、英語、德語、荷蘭語,Bernard 的法語女性形式。Bernadette Soubirous（1844-1879）是來自法國盧爾德的一位女子，她聲稱曾見到聖母瑪利亞的異象，並於 1933 年被封為聖人。,,,,,,
女,Bernadine,"Bernie, Berny",,英語,Bernard 的女性形式。,,,,,,
男,Bernard,"Barney, Bernie, Berny",,英語、法語、荷蘭語、波蘭語、克羅埃西亞語、斯洛文尼亞語、捷克語、日耳曼語,源自古德語 bern（意為「熊」）和 hart（意為「堅硬、勇敢、強壯」）。諾曼人將此名帶到英格蘭，取代了古英語相應的名字 Beornheard。此名由幾位聖人使用，包括建立瑞士阿爾卑斯山療養院的聖伯納，以及 12 世紀的神學家和教會博士聖伯納德。,,,,,,
女,Bernetta,Netta,,英語,Berenice 的暱稱。,,,,,,
女,Bernice,"Bernetta, Bernie, Berny, Birdie, Bunny, Netta",,英語、聖經名、聖經拉丁語,Berenice 的縮略形式。在《新約聖經》中短暫出現，屬於希律·亞基帕二世王的妹妹。,,,,,,
男女,Bernie,"Berie, Nie",,英語,Bernard、Bernadette、Bernice 和其他以 Bern 開頭名字的暱稱。,,,,,,
女,Berniece,"Bernetta, Bernie, Berny, Birdie, Bunny, Netta",,英語,Bernice 的變體。,,,,,,
男女,Berny,,,英語,Bernie 的變體。,,,,,,
男,Berry,,,英語,Barry 的變體。,,,,,,
女,Berry (2),,,英語（罕見）,來自英語中表示小型水果的單詞，最終源於古英語 berie。作為名字，自 20 世紀以來才開始使用。,,,,,,
男,Bert,,,英語、德語、荷蘭語,Albert 和其他包含 bert 的名字的簡稱，通常來自古德語元素 beraht（意為「明亮」）。,,,,,,
女,Bertha,,,德語、英語、日耳曼語,最初是日耳曼名字的縮寫，其開頭含有古法蘭克語或古薩克遜語元素 berht 或古高地德語 beraht（意為「明亮」）。數位早期聖人使用過此名，包括嫁給肯特國王埃塞爾伯特的法蘭克公主，以及查理曼的母親。該名字在中世紀後期於英語中逐漸消失，但在 19 世紀復興。,,,,,,
男女,Bertie,,,英語,Albert、Herbert 和其他包含 bert 的名字的暱稱，通常源於古德語元素 beraht（意為「明亮」）。,,,,,,
女,Bertina,,,英語,Bert 的女性形式。,,,,,,
男,Bertram,,,英語、德語、日耳曼語,意為「明亮的烏鴉」，源自古德語元素 beraht（意為「明亮」）和 hram（意為「烏鴉」）。諾曼人將此名引入英格蘭，莎士比亞在其戲劇《皆大歡喜》中使用了這個名字。,,,,,,
男,Bertrand,,,法語、英語、日耳曼語,源自古德語元素 beraht（意為「明亮」）和 rant（意為「盾的邊緣」）。該名字與 Bertram 在很早以前就被混淆。聖伯特蘭是一位 11 世紀的法國主教，著名哲學家 Bertrand Russell（1872-1970）也是此名的使用者。,,,,,,
女,Beryl,,,英語,來自英語中表示透明或淡綠色寶石的單詞，其起源可追溯至梵語。作為名字，從 19 世紀開始使用。,,,,,,
女,Bess,,,英語,Elizabeth 的暱稱。,,,,,,
女,Bessie,,,英語,Elizabeth 的暱稱。,,,,,,
女,Beth,,,英語,Elizabeth 的縮略形式，有時也用於 Bethany。,,,,,,
女,Bethanie,Beth,,英語,Bethany 的變體。,,,,,,
女,Bethany,Beth,,英語,來自聖經中一個名為 Bethania（希臘語）的城鎮，可能源於亞拉姆語或希伯來語，意為「痛苦之家」或「無花果之家」。在《新約聖經》中，這是拉撒路及其姐妹瑪利亞與馬大的家鄉。,,,,,,
女,Bethel,Beth,,英語,來自《舊約聖經》中地名，意為「上帝的家」的希伯來語。這是一個耶路撒冷北部的城鎮，雅各在此見到了天梯的異象。,,,,,,
女,Bethney,Beth,,英語（罕見）,Bethany 的變體。,,,,,,
女,Betony,Bette,,英語（罕見）,源自薄荷類藥草的名字。,,,,,,
女,Betsy,,,英語,Elizabeth 的暱稱。,,,,,,
女,Bette,,,英語,Elizabeth 的暱稱。著名使用者包括美國演員 Bette Davis（1908-1989）。,,,,,,
女,Bettie,,,英語,Elizabeth 的暱稱。,,,,,,
女,Betty,,,英語,Elizabeth 的暱稱。,,,,,,
女,Bettye,,,英語,Betty 的變體。,,,,,,
女,Beulah,,,聖經名、英語,意為「已婚」的希伯來語。此名在《舊約聖經》中用於指代以色列的土地（以賽亞書 62:4）。作為英語名字，自宗教改革以來被使用。,,,,,,
女,Bev,,,英語,Beverly 的縮略形式。,,,,,,
男,Bevan,,,英語,源自威爾士姓氏，意為 ap Evan（伊凡之子）。作為名字，在紐西蘭與澳大利亞尤為常見。,,,,,,
女,Beverley,Bev ,,英語,Beverly 的變體。,,,,,,
男女,Beverly,Bev ,,英語,源於一個英國姓氏，該姓氏最初取自約克郡的一座城市，名字來自古英語 beofor（海狸）和（可能的）licc（溪流）。在 19 世紀開始用作男性名字，後來在 20 世紀初因小說《格勞斯塔克的貝弗利》（1904）被女性廣泛使用。,,,,,,
男,Bevis,,,英語（罕見）,源自一個英國姓氏，可能來自法國城鎮 Beauvais 的名字。,,,,,,
女,Biddy,,,愛爾蘭語、英語,Bridget 的暱稱。,,,,,,
男,Biff,,,英語（罕見）,來自一個基於英語單詞 biff 的暱稱，該單詞意為「拳擊、擊打」。,,,,,,
男,Bill,,,英語,William 的縮略形式。19 世紀之前，這種拼寫形式並不常見。名字開頭輔音的改變可能受到早期愛爾蘭語發音的影響。著名使用者包括籃球運動員 Bill Russell、喜劇演員 Bill Cosby、美國總統 Bill Clinton 和微軟創始人 Bill Gates。,,,,,,
男女,Billie,,,英語,Bill 的暱稱，也作為 William 的女性形式使用。,,,,,,
男,Billy,,,英語,Bill 的暱稱。著名使用者包括美國無法無天者 Billy the Kid（1859-1881），他的真名是 William H. Bonney。以及導演 Billy Wilder、演員 Billy Crystal 和音樂家 Billy Joel。,,,,,,
女,Bindy,,,英語,Belinda 的暱稱。,,,,,,
女,Birdie,,,英語,Bertha、Bernice 和其他相似名字的暱稱，有時也直接來自英語單詞 bird。,,,,,,
男,Bishop,,,英語,來源於英語的職業姓氏，或直接取自英語字詞。其最終源自希臘文 ἐπίσκοπος（episkopos），意思是「監督」。,,,,,,
男,Blaine,,,英語,來源於蘇格蘭的姓氏，此姓氏源於古愛爾蘭名字 Bláán。,,,,,,
男女,Blair,,,英語、蘇格蘭,來源於蘇格蘭的姓氏，源自蓋爾語的 blàr，意思是「平原、田野、戰場」。在蘇格蘭，這個名字通常為男性使用。,,,,,,
女,Blaire,,,英語（現代）,是 Blair 的變體。,,,,,,
男女,Blake,,,英語,來源於一個英語姓氏，此姓氏源自古英語 blæc（意為「黑色」）或 blac（意為「蒼白」）。著名的姓氏持有者包括詩人及藝術家威廉·布雷克（William Blake，1757-1827）。該名字原本多用於男性，但自 2007 年起，演員布蕾克·萊芙莉（Blake Lively，1987 年出生）主演影集《花邊教主》後，這名字在女性中也變得流行。,,,,,,
女,Blakely,,,英語（現代）,來源於一個英語姓氏，該姓氏源自古英語 blæc（「黑色」）和 leah（「林地空地」）。,,,,,,
女,Blanch,,,英語,Blanche 的變體。,,,,,,
女,Blanche,,,法語、英語,來源於中古法語的暱稱，意為「白色、淺色膚色」。這個詞及其在其他語言中的同源詞最終來自日耳曼語 *blankaz。一位早期的使用者是 12 世紀的納瓦拉布蘭卡（Blanca of Navarre），她是卡斯提爾桑喬三世的妻子。,,,,,,
男,Blaze,,,英語（現代）,是 Blaise 的現代變體，受英語字詞「blaze」（火焰）影響。,,,,,,
男女,Blessing,,,英語（非洲地區常用）,取自英語單詞「blessing」，來源於古英語。這個名字在奈及利亞、辛巴威以及非洲其他地區尤為常見。,,,,,,
女,Blondie,,,英語（罕見）,來源於用來形容金髮者的暱稱。這也是漫畫家 Chic Young 創作的一部連環漫畫的主角名字。,,,,,,
女,Blossom,,,英語,取自英語單詞「blossom」（花朵），最終來源於古英語 blóstm。該名字於 19 世紀開始用作少見的名字。,,,,,,
男女,Blue,,,英語（罕見）,取自英語表示「藍色」的單詞，通過諾曼法語源於法蘭克語（取代了本來的古英語同源詞 blaw）。儘管美國音樂家碧昂絲（Beyoncé）和傑斯（Jay-Z）於 2012 年為他們的女兒取名 Blue，但這個名字在美國並未廣泛流行。,,,,,,
男女,Blythe,,,英語（罕見）,來源於一個表示「快樂的」的古英語姓氏。,,,,,,
男,Bob,"Bobbie, Bobby",,英語、荷蘭語,是 Robert 的簡稱。比起 Dob、Hob 和 Nob（都是中世紀 Robert 的押韻暱稱），這個稱呼出現得稍晚一些。,,,,,,
女,Bobbi,,,英語,Roberta 或 Barbara 的暱稱。,,,,,,
男女,Bobbie,,,英語,Bobby 的變體。作為女性名字，常作為 Roberta 或 Barbara 的暱稱。,,,,,,
男,Bobby,,,英語,是 Bob 的暱稱。,,,,,,
男,Bodhi,,,英語（現代）,來源於佛教中指「覺悟」的術語，該術語源自梵文 बोधि（bodhi）。,,,,,,
男,Bodie,,,英語（現代）,Bodhi 的變體。,,,,,,
男,Boniface,,,法語、英語（現代）,來源於拉丁名字 Bonifatius，意為「好命運」，由 bonum（「好」）和 fatum（「命運」）組成。,,,,,,
女,Bonita,Nita,,英語,在西班牙語中意為「漂亮」，最終來源於拉丁文 bonus（「好」）。,,,,,,
女,Bonnie,,,英語,取自蘇格蘭語 bonnie，意為「漂亮」，該詞本身源於中古法語 bon（「好」）。,,,,,,
男,Booker,,,英語,來源於一個英國職業姓氏，意為「書本製作者」。,,,,,,
男,Boone,,,英語,來源於一個英國姓氏，該姓氏可能來自古法語的 bon（意為「好」）。,,,,,,
男,Boston,,,英語,來源於美國馬薩諸塞州的波士頓市，該城市名來自英格蘭林肯郡的波士頓小鎮，小鎮名稱據說意為「Botwulf 的石頭」。,,,,,,
男,Bowen,,,英語（現代）,來源於威爾士的姓氏，源自於「ap Owain」，意思是「Owain 之子」。,,,,,,
男女,Bowie,,,英語（現代）、荷蘭語（現代）,來源於蘇格蘭的姓氏，源自蓋爾語 buidhe，意思是「黃色」。這個名字被用來向英國音樂家大衛·鮑伊（David Bowie，1947-2016）致敬。他本名為大衛·羅伯特·瓊斯（David Robert Jones），其藝名來自美國先驅詹姆斯·鮑伊（James Bowie，1796-1836），但發音不同。,,,,,,
男,Boyce,,,英語,來源於一個英國姓氏，該姓氏源自古法語的 bois，意思是「森林」。,,,,,,
男,Boyd,,,英語,來源於蘇格蘭的姓氏，可能源自布特島（Bute）的名字，蓋爾語為 Bód。,,,,,,
男,Brad,,,英語,是 Bradley、Bradford 等以 Brad 開頭的名字的簡稱。一位著名的名字持有者是美國演員布萊德·彼特（Brad Pitt，1963-）。,,,,,,
男,Braden,,,英語,來源於一個愛爾蘭姓氏，是 Ó Bradáin 的英語化形式，而 Ó Bradáin 又源自綽號 Bradán。像 Hayden 和 Aidan 等其他類似發音的名字一樣，Braden 及其變體 Brayden 在 20 世紀末於美國變得流行。,,,,,,
男,Bradford,Brad,,英語,來源於英國姓氏，最初來自一個地名，其意思在古英語中為「寬闊的渡口」。,,,,,,
男,Bradley,,,英語,來源於英國姓氏，最初來自一個地名，其意思在古英語中為「寬闊的林地空地」。著名的姓氏持有者包括第二次世界大戰中的美國將軍奧馬爾·布萊德利（Omar Bradley，1893-1981）。,,,,,,
男,Brady,,,英語,來源於一個愛爾蘭姓氏，是 Ó Brádaigh 的英語化形式，而 Ó Brádaigh 又源自綽號 Brádach。一位著名的姓氏持有者是美國橄欖球四分衛湯姆·布雷迪（Tom Brady，1977-）。這個名字也被虛構家庭《布雷迪一家》（The Brady Bunch，1969-1974）所使用。,,,,,,
男,Braeden,,,英語（現代）,是 Braden 的變體。,,,,,,
女,Braelyn,,,英語（現代）,最近創造的名字，使用流行的名字後綴「lyn」組成。,,,,,,
女,Braelynn,,,英語（現代）,是 Braelyn 的變體。,,,,,,
男,Braiden,,,英語（現代）,是 Braden 的變體。,,,,,,
男女,Braidy,,,英語（罕見）,是 Brady 的變體。,,,,,,
男,Braith,,,英語（澳洲用、罕見）,意思不確定，可能源自威爾士語的 brith 或 braith，意為「斑駁的」。,,,,,,
男,Bram,,,英語、荷蘭語,是 Abraham 的簡稱。這個名字的著名持有者是布萊姆·斯托克（Bram Stoker，1847-1912），他是撰寫《德古拉》的愛爾蘭作家。,,,,,,
男,Brand,,,英語（罕見）,來源於一個姓氏，是 Brant 的變體。,,,,,,
女,Branda,,,英語（罕見）,可能是 Brandy 的變體，或是 Brand 的女性形式。,,,,,,
女,Brande,,,英語,是 Brandy 的變體。,,,,,,
女,Brandee,,,英語,是 Brandy 的變體。,,,,,,
男,Branden,,,英語,是 Brandon 的變體。,,,,,,
女,Brandi,,,英語,是 Brandy 的變體。,,,,,,
女,Brandie,,,英語,是 Brandy 的變體。,,,,,,
男,Brandon,,,英語,來源於一個英國姓氏，該姓氏源自一個地名，其在古英語中的意思是「覆蓋著金雀花的小山」。,,,,,,
男,Brandt,,,英語,來源於一個姓氏，是 Brant 的變體。,,,,,,
女,Brandy,,,英語,來自英語單詞「brandy」，指的是一種酒精飲料。其詞源最終來自荷蘭語 brandewijn，意思是「燒酒」。自1960年代以來，它開始用作人名。,,,,,,
男,Brannon,,,英語,來自愛爾蘭姓氏，是 Brennan 的變體。,,,,,,
男,Branson,,,英語（現代）,來自英國姓氏，意思是「Brandr 之子」。,,,,,,
男,Brant,,,英語,來自英國姓氏，其來源於古諾爾斯語名字 Brandr。此外，這也是一種野鵝的名字。,,,,,,
男,Brantley,,,英語（現代）,來自一個姓氏，是德國姓氏 Brändle 的美式化形式，其最終來源是古高地德語 brant，意為「火」。,,,,,,
男,Braxton,,,英語,來自一個英國姓氏，其起源於一個地名，意思是「Bracca 的村莊」(古英語)。在某些情況下，它是為了紀念邦聯將軍布拉克斯頓·布拉格（Braxton Bragg，1817-1876）而取的名字。,,,,,,
男,Brayden,,,英語（現代）,是 Braden 的變體。目前這是該名字的更流行拼法。,,,,,,
男,Braydon,,,英語（現代）,是 Braden 的變體。,,,,,,
男,Braylen,,,英語（現代）,是 Braylon 的變體。,,,,,,
男,Braylon,,,英語（現代）,一個新創名字，使用像 Braden 和 Jalen 這類名字中的音組合而成。,,,,,,
女,Breana,"Bree, Bria, Brie",,英語（現代）,是 Briana 的變體。,,,,,,
女,Breann,"Bree, Bria, Brie",,英語（現代）,是 Brian 的女性形式。,,,,,,
女,Breanna,"Bree, Bria, Brie",,英語（現代）,是 Briana 的變體。,,,,,,
女,Breanne,"Bree, Bria, Brie",,英語（現代）,是 Brian 的女性形式。,,,,,,
女,Bree,,,英語,是 Brígh 的英語化形式，也可以是 Brianna、Gabriella 和其他包含 bri 的名字的簡稱。,,,,,,
女,Brenda,,,英語,可能是古諾爾斯語名字 Brandr 的女性形式，意思是「火、火炬、劍」。此名字在中世紀被帶到不列顛，有時也作為 Brendan 的女性形式使用。,,,,,,
男,Brendan,,,愛爾蘭語、英語、不列塔尼語,來自 Brendanus，是古愛爾蘭名字 Bréanainn 的拉丁化形式，而此名字源自古威爾士語 breenhin，意為「國王，王子」。聖布倫丹（Saint Brendan）是六世紀的一位愛爾蘭修道院院長，據傳說，他和其他17位修士穿越大西洋到達了北美。,,,,,,
男,Brenden,,,英語,是 Brendan 的變體。,,,,,,
男,Brendon,,,英語,是 Brendan 的變體。,,,,,,
女,Brenna,,,英語,可能是 Brenda 的變體，或者是 Brennan 的女性形式。,,,,,,
男,Brennan,,,英語,來自一個愛爾蘭姓氏（由愛爾蘭蓋爾語 Ó Braonáin 英語化而來），其來源於別名 Braonán，該別名來自愛爾蘭語 braon，意思是「雨、水分、液滴」，加上了一個指小詞綴。自1960年代以來，它被用作 Brendan 或 Brandon 的替代名稱，但未如它們一般流行。,,,,,,
男,Brent,,,英語,來自一個英國姓氏，最初取自不同的地名，可能源自一個凱爾特詞，意思是「山丘」。,,,,,,
男,Brenton,,,英語,來自一個姓氏，其來源於一個地名，意思是「Bryni 的村莊」。Bryni 是一個古英語名字，意思是「火」。,,,,,,
男,Bret,,,英語,是 Brett 的變體。,,,,,,
男,Brett,,,英語,來自中世紀英語的一個姓氏，意思是「布列塔尼人」，指的是布列塔尼的一位居民。一位著名持有者是美式橄欖球四分衛布雷特·法夫（Brett Favre，1969年生）。,,,,,,
女,Bria,,,英語,是 Brianna、Gabriella 和其他包含 bri 的名字的簡稱。,,,,,,
男,Brian,,,英語，愛爾蘭語，古愛爾蘭語,意思不確定，可能與古凱爾特詞根 brixs（「山丘，高處」，古愛爾蘭語 brií）或相關詞根 brigā（「力量，威力」，古愛爾蘭語 briíg）有關。愛爾蘭國王布萊恩·博魯（Brian Boru）曾在11世紀挫敗了維京人征服愛爾蘭的企圖。他在克朗塔夫戰役中陣亡，但其軍隊取得了決定性的勝利。此名字在他之後在愛爾蘭廣為流行，並由諾斯-蓋爾人引入到英格蘭北部。此名字也在布列塔尼地區使用，並在諾曼征服後被布列塔尼人帶到英格蘭。雖然它最終在英語世界中變得罕見，但在20世紀它重新流行起來，成為多數地區男孩名字的前十名之一。,,,,,,
女,Briana,"Bree, Bria, Brie",,英語,Brian 的女性形式。此名字出現在愛德蒙·斯賓塞（Edmund Spenser）於1590年創作的史詩《仙后》（The Faerie Queene）中。直到1970年代，它才開始被廣泛使用，並迅速在美國流行起來。,,,,,,
女,Brianna,"Bree, Bria, Brie",,英語,Briana 的變體。目前這是該名字更為流行的拼法。,,,,,,
女,Brianne,"Bree, Bria, Brie",,英語（現代）,Brian 的女性形式。,,,,,,
男女,Briar,,,英語（現代）,來自英語單詞「briar」，意指荊棘植物。,,,,,,
男,Brice,,,法語、英語,來自名字 Bricius，這可能是高盧名字的拉丁化形式，意思是「斑駁的」。這是5世紀的一位聖徒的名字，他是聖馬丁·德·圖爾（Saint Martin of Tours）的門徒。,,,,,,
男,Bridger,,,英語（現代）,來自一個英國姓氏，最初表示住在橋附近或在橋上工作的人。,,,,,,
女,Bridget,"Bedelia, Biddy, Bidelia (愛爾蘭語) Biddy (英語)",,英語，愛爾蘭語,愛爾蘭名字 Brighid 的英語化形式，古愛爾蘭語為 Brigit，來源於古凱爾特語 Brigantī，意思是「崇高的」。在愛爾蘭神話中，這是火、詩歌和智慧女神的名字，她是神 Dagda 的女兒。5世紀時，這是聖布里吉德（Saint Brigid）的名字，她是基爾代爾修道院的創始人，也是愛爾蘭的守護聖徒。由於這位聖徒的影響，該名字在愛爾蘭被視為神聖，直到17世紀才廣泛使用。此名字以 Birgitta 的形式在斯堪的納維亞地區很常見，因為14世紀的瑞典聖徒布里吉塔（Saint Birgitta of Sweden，歐洲的守護聖徒）而受到歡迎。,,,,,,
女,Bridgette,Biddy,,英語,Bridget 的變體。,,,,,,
女,Brie,,,英語,是 Brianna、Gabriella 和其他包含 bri 的名字的簡稱。,,,,,,
女,Briella,,,英語（現代）,是 Gabriella 的簡稱。,,,,,,
女,Brielle,,,英語（現代）,是 Gabrielle 的簡稱。這也是荷蘭和美國新澤西州一些城鎮的名字，不過它們的名字來源於不同的來源。,,,,,,
男,Briggs,,,英語（現代）,來自一個姓氏，其來源是中古英語 brigge，古英語 brycg，意為「橋」。,,,,,,
男,Brigham,,,英語（罕見）,來自一個姓氏，其起源於地名，意思是「橋上的定居地」（古英語）。,,,,,,
女,Briley,,,英語（現代）,現代名字，可能是基於其他名字（如 Bryson 和 Riley）中的發音所創造的。它也與姓氏 Briley 相同。,,,,,,
女,Brinley,,,英語（現代）,由 Bryn 和流行的音韻後綴 lee 組合而成。它也與一個源自地名的英國姓氏相同，該地名在古英語中意為「燒過的空地」。,,,,,,
男,Brion,,,英語,Brian 的變體。,,,,,,
女,Briony,,,英語（罕見）,Bryony 的變體。,,,,,,
男,Briscoe,,,英語（罕見）,來自一個英國姓氏，源自一個地名，意為「樺樹林」在古諾斯語中。,,,,,,
女,Bristol,,,英語（現代）,來自英國西南部城市布里斯托的名字，意指「橋的位置」。,,,,,,
女,Britannia,,,英語（罕見）,來自拉丁語中對不列顛島的稱呼，自18世紀以來偶爾作為英語名字使用。這也是羅馬女性擬人化不列顛的名字，出現在某些英國硬幣上。,,,,,,
女,Britney,,,英語（現代）,Brittany 的變體。這個名字由美國流行歌手 Britney Spears（1981年生）所使用。,,,,,,
女,Brittani,,,英語（現代）,Brittany 的變體。,,,,,,
女,Brittania,,,英語（罕見）,Britannia 的變體。,,,,,,
女,Brittany,,,英語,來自法國西北部的布列塔尼（Bretagne）地區的名字。這個地名源於在西羅馬帝國衰亡和盎格魯-撒克遜人入侵後，定居在那裡的布立吞人。,,,,,,
女,Brittney,,,英語（現代）,Brittany 的變體。,,,,,,
女,Brittni,,,英語（現代）,Brittany 的變體。,,,,,,
女,Brittny,,,英語（現代）,Brittany 的變體。,,,,,,
男,Britton,,,英語,來自中古英語姓氏，意指「不列顛人」（英格蘭的凱爾特人）或「布列塔尼人」（布列塔尼的居民）。這兩個族名與地名不列顛（Britain）有關。,,,,,,
男,Brock,,,英語,來自英國姓氏，源自古英語 brocc，意為「獾」。,,,,,,
男,Brodie,,,英語（現代）,Brody 的變體。,,,,,,
男,Brody,,,英語,來自蘇格蘭姓氏，最初源自蘇格蘭的摩雷地區。它可能在蓋爾語中意為「壕溝、泥沼」。,,,,,,
男,Bronson,,,英語（現代）,來自英國姓氏，意為「棕色之子」。,,,,,,
男女,Bronte,,,英語（罕見）,來自一個姓氏，是愛爾蘭姓氏 Ó Proinntigh 的英語化形式，該姓氏源自名字 Proinnteach，可能來自愛爾蘭語 bronntach，意為「慷慨的」。布朗特姐妹——夏洛蒂、艾米莉和安——是19世紀的英國小說家。她們的父親將家族姓氏從 Brunty 改為 Brontë，可能是為了讓其與希臘語 βροντή（意為「雷聲」）相契合。,,,,,,
女,Bronwyn,,,英語,Bronwen 的變體，主要在英語國家（尤其是澳大利亞和紐西蘭）使用。,,,,,,
男女,Brook,,,英語,來自英國姓氏，表示「住在溪流旁的人」。,,,,,,
女,Brooke,,,英語,Brook 的變體。此名字於1950年代開始使用，可能受美國社交名媛 Brooke Astor（1902-2007）的影響。後來由女演員 Brooke Shields（1965年生）進一步普及。,,,,,,
女男,Brooklyn,,,英語（現代）,來自紐約市的一個區域名，最初來自荷蘭城鎮 Breukelen，其意為「破碎的土地」（荷蘭語 breuk）或「沼澤地」（荷蘭語 broek）。它也可以被視為 Brook 和流行名字後綴 lyn 的組合。在美國，它通常被視為女性名字，但在英國則更多作為男性名字使用。,,,,,,
女,Brooklynn,,,英語（現代）,Brooklyn 的變體。,,,,,,
男,Brooks,,,英語,來自英國姓氏，是 Brook 的變體。,,,,,,
男,Bruce,,,蘇格蘭語、英語,來自蘇格蘭姓氏，源自諾曼語，可能最初指的是法國的 Brix 小鎮。此姓氏由14世紀蘇格蘭英雄羅伯特·布魯斯（Robert the Bruce）所使用，他成功使蘇格蘭脫離英格蘭的統治並成為蘇格蘭國王。自19世紀以來，這個名字在英語國家中逐漸使用，並在1940年代和1950年代特別流行。著名人物包括華裔美國演員李小龍（Bruce Lee，1940-1973）、美國音樂家布魯斯·斯普林斯廷（Bruce Springsteen，1949-）、和美國演員布魯斯·威利斯（Bruce Willis，1955-）。此外，布魯斯（Bruce Wayne）是漫畫超級英雄蝙蝠俠（Batman）的真實名字，創作於1939年；布魯斯（Bruce Banner）則是綠巨人（Hulk）的真實名字，創作於1962年。,,,,,,
男,Bryan,,,英語,Brian 的變體，根據源自名字的姓氏的常見拼寫。,,,,,,
女,Bryana,"Bree, Bria, Brie",,英語（現代）,Briana 的變體。,,,,,,
女,Bryanna,"Bree, Bria, Brie",,英語（現代）,Briana 的變體。,,,,,,
女,Bryanne,"Bree, Bria, Brie",,英語（罕見）,Brian 的女性形式。,,,,,,
男,Bryant,,,英語,來自英國姓氏，源自名字 Brian。,,,,,,
男,Bryce,,,英語,Brice 的變體。,,,,,,
男,Brycen,,,英語（現代）,Bryson 的變體。,,,,,,
女,Brylee,,,英語（現代）,Briley 的變體。,,,,,,
男女,Bryn,,,威爾語，士英語（現代）,在威爾士語中意為「山丘、土堆」。在威爾士幾乎總是作為男性名字使用，但在其他英語國家則可為中性名（參見 Brynn）。,,,,,,
女,Brynlee,,,英語（現代）,Brinley 的變體。,,,,,,
女,Brynn,,,英語（現代）,Bryn 的女性變體。此名字於1978年被美國女演員 Brynn Thayer（1949年生）使用並出現在美國肥皂劇《One Life to Live》中，從而得到有限的公眾關注。,,,,,,
女,Brynne,,,英語（罕見）,Brynn 的變體。,,,,,,
男,Bryon,,,英語,Brian 的變體。,,,,,,
女,Bryony,,,英語（罕見）,來自一種歐亞藤本植物的名字，曾被用作藥材。最終來自希臘語 βρύω（bryo），意為「膨脹」。,,,,,,
男,Bryson,,,英語,來自英國姓氏，意為「Brice 的兒子」。自1970年代以來，這個名字穩步增長，可能是因為它擁有與其他流行名字如 Brice 和 Tyson 相似的發音。,,,,,,
男,Buck,,,英語,來自英國綽號，簡單意為「雄鹿」，最終來自古英語 bucc。,,,,,,
男,Bud,,,英語,Buddy 的縮寫。,,,,,,
男,Buddy,Bud,,英語,來自英語單詞，意為「朋友」。它可能最初是「兄弟」一詞的幼兒語形式。,,,,,,
女,Buffy,,,英語,Elizabeth 的小名，源自孩子發音最後一個音節。現在這個名字與電視劇《吸血鬼獵人巴菲》（Buffy the Vampire Slayer，1997-2003）中的主角巴菲有關。,,,,,,
男,Bugsy,,,英語,"來自一個綽號，源自俚語 bugsy，意為「瘋狂、不穩定」。這個名字由美國黑幫分子本傑明·「Bugsy」·西格爾（Benjamin ""Bugsy"" Siegel，1906-1947）所使用。",,,,,,
女,Bunny,,,英語,Berenice 的小名。,,,,,,
女,Burgundy,,,英語（罕見）,這個名字可以指法國的 勃艮第 地區、該地區的酒（源自該地區的名字），或是該酒所命名的顏色。,,,,,,
男,Burke,,,英語, 來自英國姓氏，源自古英語 burg，意為「堡壘」。,,,,,,
男,Burt,,,英語,Burton 的簡稱。,,,,,,
男,Burton,Burt,,英語,來自英國姓氏，最初源自一個地名，意為「有堡壘的城鎮」，源自古英語。著名的持此姓氏的人物包括理查德·伯頓（Richard Burton，1821-1890），一位非洲和亞洲的探險家。,,,,,,
男,Buster,,,英語,最初是個綽號，用來形容會摔壞東西的人，源自「bust」一詞，該詞是「burst」的方言變體。著名的持此名字的人物包括美國默片明星巴斯特·基頓（Buster Keaton，1895-1966），他的真名是約瑟夫（Joseph）。,,,,,,
男,Butch,,,英語,來自英語俚語「butch」，意為「男性化、陽剛」，最初源自「butcher」一詞。這通常是個綽號。著名的持此名字的人物包括美國亡命之徒巴奇·卡西迪（Butch Cassidy，1866-1908），本名羅伯特·勒羅伊·帕克（Robert LeRoy Parker）。,,,,,,
男,Buzz,,,英語,"來自一個綽號，源自擬聲詞「buzz」，意為「嗡嗡聲、嗡嗡響」。著名的持此名字的人物包括美國宇航員埃德溫·「巴茲」·奧德林（Edwin ""Buzz"" Aldrin，1930-），他是登上月球的首批人之一。電影《玩具總動員》（Toy Story，1995）中的角色巴茲·光年（Buzz Lightyear）即是以奧德林命名的。",,,,,,
男,Byrne,,,英語（罕見）,來自愛爾蘭姓氏，為 Ó Broin 的英語化形式，該姓氏源自名字 Bran 1。,,,,,,
男,Byron,,,英語,來自一個姓氏，最初源自一個地名，意為「牛棚的地方」，來自古英語。這是浪漫詩人勃朗（Lord Byron，1788-1824）的姓氏，他是《唐璜》（Don Juan）及其他多部作品的作者。,,,,,,
男,Bysshe,,,英語（罕見）,來自英國姓氏，是姓氏 Bush 的變體，最初指的是住在灌木叢旁的人。這是浪漫詩人珀西·比希·雪萊（Percy Bysshe Shelley，1792-1822）的中間名。,,,,,,
C,,,,,,,,,,,
男,Cade,,,英語,來自英國姓氏，最初源自一個綽號，意為「圓形」，來自古英語。,,,,,,
男,Caden,,,英語（現代）,有時解釋為源自愛爾蘭姓氏 Caden，這是愛爾蘭蓋爾語 Mac Cadáin 的英語化形式，該姓氏源自名字 Cadán（意思不明）。實際上，這個名字在美國自1990年代開始流行，主要是因為它的發音——它與其他時髦名字如 Hayden、Aidan 和 Braden 具有相似的後綴音。,,,,,,
女,Cadence,,,英語（現代）,來自英語單詞，意為「節奏、流暢」，自20世紀以來才開始使用。,,,,,,
男,Caelan,,,英語,愛爾蘭名字 Caolán（男性形式）的英語化形式，或是 Kaylyn（女性形式）的變體。,,,,,,
女,Caelie,,,英語（罕見）,Kaylee 的變體。,,,,,,
女,Caetlin,,,英語（罕見）,Caitlin 的變體。,,,,,,
男,Caiden,,,英語（現代）,Caden 的變體。,,,,,,
女,Caileigh,,,英語（罕見）,Kayleigh 的變體。,,,,,,
女,Cailin,,,英語（罕見）,Kaylyn 的變體。它也與愛爾蘭語單詞 cailín 意為「女孩」相同。,,,,,,
女,Cailyn,"Kay, Lyn",,英語（現代）,Kaylyn 的變體。,,,,,,
男,Cairo,,,英語（現代）,源自埃及城市開羅（Cairo）的名字，阿拉伯語名稱為 القاهرة (al-Qāhira)，意為「勝利者」。,,,,,,
女,Caitlin,,,愛爾蘭語，英語,Caitlín 的英語化形式。,,,,,,
女,Caitlyn,,,英語（現代）,Caitlin 的變體。,,,,,,
男,Cal,,,英語,Calvin 或其他以 Cal 開頭的名字的簡稱。,,,,,,
女,Calanthe,,,英語（罕見）,源自一種蘭花的名稱，最終意為「美麗的花」，源自希臘語 καλός (kalos) 意為「美麗」和 ἄνθος (anthos) 意為「花」。,,,,,,
女,Calanthia,,,英語（罕見）,Calanthe 的延伸形式。,,,,,,
男,Cale,,,英語,Caleb 的簡稱。,,,,,,
男,Caleb,,,英語，聖經名,可能與希伯來語 כֶּלֶב (kelev) 意為「狗」有關。另一種理論認為其源自希伯來語 כֹּל (kol) 意為「全部」與 לֵב (lev) 意為「心」。在《舊約》中，這是摩西派往迦南的十二名探子之一的名字。,,,,,,
女,Caleigh,,,英語（現代）,Kayleigh 或 Callie 的變體。,,,,,,
女,Cali,,,英語（現代）,Callie 的變體。,,,,,,
女,Calista,,,英語，葡萄牙語（罕見），西班牙語（罕見）,Callistus 的女性形式。在英語中，也可能是 Kallisto 的變體。,,,,,,
女,Calla,,,英語,源自兩種植物的名稱：真正的馬蹄蓮（Calla palustris）和白色的馬蹄蓮（Calla aethiopica），它們都開白花，生長於沼澤地區。該名字的使用也可能受到希臘語 κάλλος (kallos) 意為「美」的啟發。,,,,,,
男,Callahan,,,英語,源自愛爾蘭姓氏，為 Ó Ceallacháin 的英語化形式，該姓氏源自名字 Cellachán。,,,,,,
男,Callan,,,英語,源自愛爾蘭姓氏，為 Ó Cathaláin 的英語化形式，源自名字 Cathalán。,,,,,,
女,Calleigh,,,英語（現代）,Callie 的變體。,,,,,,
女,Callie,,,英語,Caroline 的暱稱，有時也用於以 Cal 開頭的名字。,,,,,,
女,Callista,,,英語（罕見）,Calista 的變體。,,,,,,
男,Calvin,Cal,,英語,源自法語姓氏 Cauvin，該姓氏來自 chauve，意為「禿頭」。該姓氏由法國神學家讓·加爾文（Jean Cauvin，1509-1564）使用，他是新教改革的領導者之一。名字在19世紀開始用以紀念他。,,,,,,
男女,Cam,,,英語,Cameron 的簡稱。,,,,,,
男,Camden,"Cam, Kam",,英語（現代）,源自英國姓氏，該姓氏來自一個地名，可能意為「封閉的山谷」，源自古英語。,,,,,,
女,Camellia,,,英語（罕見）,源自山茶花的名稱，該植物的名字來自植物學家和傳教士 Georg Josef Kamel。,,,,,,
男女,Cameron,"Cam, Kam",,英語,源自蘇格蘭姓氏，意為「彎曲的鼻子」，來自蓋爾語 cam（彎曲的）和 sròn（鼻子）。作為名字，主要用於男性，但在1990年代後期因女演員卡麥蓉·狄亞茲（Cameron Diaz，1972-）的名氣，該名字在女性中也略有流行。,,,,,,
女,Camilla,"Cammie, Millie, Milly (英語) Milla (丹麥語) Milla (瑞典語) Milla (挪威語) Milla (芬蘭語)",,英語，意大利語，丹麥語，瑞典語，挪威語，芬蘭語，德語，古羅馬語，羅馬神話,源自 Camillus 的女性形式。這是沃爾斯基傳說中的一位傳奇戰士少女的名字，維吉爾在《埃涅阿斯記》中提到過她。,,,,,,
女男,Camille,,,英語，法語,法語中 Camilla 的女性與男性形式。在英語中，主要用於女性。,,,,,,
女,Cammie,,,英語,Camilla 的暱稱。,,,,,,
男女,Campbell,,,英語,源自蘇格蘭姓氏，意為「彎曲的嘴」，來自蓋爾語 cam（彎曲的）和 beul（嘴）。,,,,,,
男,Camron,,,英語（現代）,Cameron 的變體。,,,,,,
女男,Camryn,,,英語（現代）,Cameron 的變體（通常為女性形式）。,,,,,,
女,Candace,,,英語，聖經名，聖經拉丁語,源自埃塞俄比亞女王的世襲頭銜，《新約·使徒行傳》中提到。該名字顯然來自庫施語 kdke，意為「皇后母親」。,,,,,,
女,Candi,,,英語,Candy 的變體。,,,,,,
女,Candice,,,英語,Candace 的變體。,,,,,,
女,Candida,,,晚期羅馬語、英語,源自晚期拉丁語的名字，意為「白色」，由單詞 candidus 衍生而來。這是數位早期聖人的名字，包括據說被聖彼得治癒的一位女性。在英語中，這個名字因喬治·伯納德·蕭的戲劇《Candida》（1898年）而開始使用。,,,,,,
女,Candis,,,英語,Candace 的變體。,,,,,,
女,Candy,,,英語,Candace 的暱稱，也受到英語單詞「糖果」的影響。,,,,,,
女,Candyce,,,英語,Candace 的變體。,,,,,,
男,Cannon,,,英語,來自一個英語姓氏，源於中古英語 canon，意指教會官員或在神職人員住所工作的僕人。這個名字也可能與英語詞彙「大炮」有關，該詞來自義大利語 cannone（意為「大管」），而其又源於拉丁語 canna（意為「蘆葦」）。,,,,,,
女,Capri,,,英語（現代）,來自義大利風景秀麗的小島卡普里（Capri）的名字。該名稱可能來自希臘語 κάπρος（kapros），意為「野豬」，或者源自拉丁語 capri，意為「山羊」。,,,,,,
女,Caprice,,,英語,來自英語詞彙，意為「衝動」，最終來源於義大利語 capriccio，通過法語演變而來。,,,,,,
女,Caprica,,,英語（罕見）,Caprice 的延伸形式。,,,,,,
女,Cara,,,英語,源自義大利語，意為「摯愛」，或愛爾蘭語，意為「朋友」。自19世紀以來即用作名字，但直到1950年代之後才流行。,,,,,,
女,Careen,,,英語（罕見）,Carreen 的變體。,,,,,,
女,Caren,,,英語,Karen 1 的變體。,,,,,,
男女,Carey,,,英語,源自一個愛爾蘭姓氏，為 Ó Ciardha 的英語化形式，該姓氏來源於名字 Ciardha。,,,,,,
女,Cari,,,英語,Carrie 的變體。,,,,,,
女,Carina,,,英語、葡萄牙語、西班牙語、德語、晚期羅馬語,源自晚期拉丁語，意為「親愛的、摯愛的」。這是4世紀一位聖徒及殉道者的名字。這也是南天星座之一「船底座」的名字，其在拉丁語中意為「船的龍骨」，指的是伊阿宋（Jason）的阿爾戈船（Argo）的一部分。,,,,,,
女,Caris,,,英語（罕見）,Carys 的變體。,,,,,,
女,Carissa,,,英語,Charissa 的變體。,,,,,,
男,Carl,,,德語、瑞典語、丹麥語、挪威語、英語,德語和斯堪的納維亞語中 Karl 的變體（參見 Charles）。著名的名字持有者包括瑞典生物學家 Carl Linnaeus（1707-1778），他創立了現代分類法；德國數學家 Carl Gauss（1777-1855），在數論、代數、物理和天文領域有重要貢獻；以及瑞士心理學家 Carl Jung（1875-1961），分析心理學的創始人。19世紀時由德國移民帶入美國。,,,,,,
女,Carla,,,義大利語、葡萄牙語、西班牙語、加泰羅尼亞語、英語、德語、荷蘭語,Carlo、Carlos 或 Carl 的女性形式。,,,,,,
女,Carlene,,,英語,Carl 的女性化暱稱。,,,,,,
男,Carleton,,,英語,Charlton 的變體。,,,,,,
女,Carley,,,英語（現代）,Carly 的變體。,,,,,,
女,Carli,,,英語（現代）,Carly 的變體。,,,,,,
女,Carlie,,,英語,Carly 的變體。,,,,,,
女,Carlisa,,,英語（罕見）,Carla 和 Lisa 的組合名稱。,,,,,,
男女,Carlisle,,,英語（罕見）,來自一個姓氏，該姓氏源於英格蘭北部的一座城市名字。這座城市原 名 Luguvalium，羅馬人給予的名稱，意為「盧格斯 （Lugus） 的 堡壘」 。 後來，布立吞語元素 ker（意為「堡壘」）被加到了 城市名稱中。,,,,,,
男,Carlton,,,英語,Charlton 的變體。,,,,,,
女,Carly,,,英語,Carl 的女性形式。一位著名的名字持有者是美國歌手 Carly Simon（1945年生），她使得這個名字在1970年代流行起來。,,,,,,
男,Carlyle,,,英語,Carlisle 的變體。,,,,,,
女,Carlyn,,,英語,Caroline 的縮略變體。,,,,,,
女男,Carmel,,,英語、猶太語,源自聖母瑪利亞的稱號「我們的加爾默羅聖母」（Our Lady of Mount Carmel）。כַּרְמֶל (Karmel) 在希伯來語中意為「花園」，是以色列《舊約》中提到的一座山。這裡是幾個早期基督教修道院的所在地。在英語名字中，主要被天主教徒使用；作為猶太名字則為中性名。,,,,,,
女,Carmella,,,英語,Carmel 的拉丁化形式。,,,,,,
女,Carmen,,,西班牙語、英語、義大利語、葡萄牙語、法語、羅馬尼亞語、德語,中世紀西班牙語中 Carmel 的形式，出現在聖母瑪利亞的敬禮稱號 Nuestra Señora del Carmen（意為「我們的加爾默羅聖母」）中。該拼寫與拉丁語單詞 carmen（意為「歌曲」）相關聯。這是喬治·比才（George Bizet）歌劇《Carmen》（1875年）的主角名字。,,,,,,
女男,Carol (1),,,英語,Caroline 的簡稱。它最初是一個男性名字，源於 Carolus。這個名字也可以根據英語詞彙賦予，意為「歌曲」或「聖歌」。,,,,,,
女,Carolann,,,英語,Carol 1 和 Ann 的組合。,,,,,,
女,Carolina,,,義大利語、西班牙語、葡萄牙語、英語、瑞典語,Carolus 的女性拉丁化形式。這是美國的兩個州（北卡羅來納和南卡羅來納）的名字。它們以英格蘭國王查理一世（Charles I）命名。,,,,,,
女,Caroline,,,法語、英語、德語、瑞典語、挪威語、丹麥語、荷蘭語,Carolus 的法語女性形式。,,,,,,
女,Carolyn,,,英語,Caroline 的變體。,,,,,,
女,Carreen,,,英語（罕見）,"瑪格麗特·米切爾（Margaret Mitchell）在其小說《飄》（Gone with the Wind, 1936）中使用的名字，是 Caroline 和 Irene 的組合。",,,,,,
女,Carrie,,,英語,Caroline 的暱稱。在1976年上映的恐怖電影《魔女嘉莉》（Carrie）發行後，這個名字的使用頻率下降。電影改編自史蒂芬·金（Stephen King）於1974年出版的小說。,,,,,,
男女,Carrol,,,英語,Carroll（男性形式）或 Carol 1（女性形式）的變體。,,,,,,
女,Carry,,,英語,Caroline 的暱稱。,,,,,,
男女,Carson,,,英語,源自一個蘇格蘭姓氏，其意義尚不明確。著名的名字持有者包括美國探險家 Kit Carson（1809-1868）。,,,,,,
男,Carter,,,英語,"源自一個英語姓氏，意為「駕車人」。著名的名字持有者是前美國總統吉米·卡特（Jimmy Carter, 1924年生）。",,,,,,
男,Carver,,,英語（罕見）,源自一個英語姓氏，意為「木雕匠」。,,,,,,
男女,Cary,,,英語,"Carey 的變體。一位著名的名字持有者是英裔美國演員加里·格蘭特（Cary Grant, 1904-1986）。",,,,,,
女,Caryl,,,英語,Carol 1 的變體。,,,,,,
女,Caryn,,,英語,Karen 1 的變體。,,,,,,
男,Case,,,英語（現代）,Casey 的縮略形式。,,,,,,
男女,Casey,,,英語,源自愛爾蘭姓氏，為 Ó Cathasaigh 的英語化形式，該姓氏來源於名字 Cathassach。這個名字也可能為紀念火車工程師 Casey Jones（1863-1900），他為了拯救乘客而犧牲自己。Casey 是他的綽號，因為他在肯塔基州的 Cayce 鎮長大。,,,,,,
男,Cash,,,英語,"源自一個英語職業姓氏，意為「製作箱子的人」，來自諾曼法語詞 casse，其源於拉丁語 capsa。它與英語單詞 cash（意為「金錢」）同源。著名的名字持有者是美國音樂家約翰尼·卡什（Johnny Cash, 1932-2003）。",,,,,,
男,Casimir,,,英語、法語,波蘭名字 Kazimierz 的英語形式，由斯拉夫語元素 kaziti（意為「摧毀」）和 mirŭ（意為「和平、世界」）組成。四位波蘭國王曾使用過這個名字，包括14世紀大大加強波蘭國家的 Casimir III the Great。該名字也由15世紀的波蘭王子聖 Casimir 所持有，他是波蘭和立陶宛的主保聖人。這個名字通過德國進入西歐。,,,,,,
男,Cason,,,英語（現代）,源自英語姓氏 Cason。在21世紀初美國獲得適度使用，因為它與其他流行名字如 Mason 和 Jason 相似。,,,,,,
女男,Cass,,,英語,Cassandra、Cassidy 及其他以 Cass 開頭的名字的縮略形式。,,,,,,
女,Cassandra,,,英語、法語、希臘神話（拉丁化形式）,來自希臘名字 Κασσάνδρα（Kassandra），可能源於 κέκασμαι（kekasmai，意為「卓越、閃耀」）和 ἀνήρ（aner，意為「男人」，屬格為 ἀνδρός）。在希臘神話中，Cassandra 是特洛伊國王普里阿摩斯（Priam）和赫卡柏（Hecuba）的女兒，擁有預言能力，但因拒絕阿波羅的追求而被詛咒，沒有人會相信她的預言。,,,,,,
女,Cassarah,,,英語（罕見）,"最近創建的名字，意為「未來的事隨它去吧」。源於1956年歌曲《Que Sera, Sera》的標題，該詞語來自義大利語短語 che sarà sarà。該短語在任何羅曼語言中語法都不正確。",,,,,,
女男,Cassidy,,,英語（現代）,源自愛爾蘭姓氏（由愛爾蘭蓋爾語 Ó Caiside 英語化），該姓氏來源於綽號 Caiside。在1970年代之前，作為名字非常罕見，於1980年代開始使用，並在1990年代流行起來。,,,,,,
f,Cassie,,,英語,Cassandra 及其他以 Cass 開頭名字的暱稱。,,,,,,
f,Cassy,,,英語,Cassandra 及其他以 Cass 開頭名字的暱稱。,,,,,,
女男,Cat,,,英語,Catherine 的暱稱。也可以是來自英語中指代這種動物的單字的暱稱。,,,,,,
女,Cate,,,英語（罕見）,Kate 的變體。一位著名的使用者是澳大利亞女演員 Cate Blanchett (1969-)。,,,,,,
女,Catharine,"Cat, Cathie, Cathy, Kat, Kate, Katey, Kathi, Kathie, Kathy, Katie, Katy, Kay, Kit, Kittie, Kitty, Cate, Kaety, Katee",,英語,Katherine 的變體。,,,,,,
女,Catherine,"Cat, Cathie, Cathy, Kat, Kate, Katey, Kathi, Kathie, Kathy, Katie, Katy, Kay, Kit, Kittie, Kitty, Cate, Kaety, Katee",,英語（罕見）,Katherine 的變體。,,,,,,
女,Catherin ,"Cat, Cathie, Cathy, Kat, Kate, Katey, Kathi, Kathie, Kathy, Katie, Katy, Kay, Kit, Kittie, Kitty, Cate, Kaety, Katee",,英語（罕見）,Katherine 的變體。,,,,,,
女,Catherina,"Cat, Cathie, Cathy, Kat, Kate, Kathi, Kathie, Kathy, Kay, Kit, Kittie, Kitty, Cate",,"法語, 英語",Katherine 的法語形式，也是常見的英語變體。,,,,,,
女,Catherine,"Cat, Cathie, Cathy, Kat, Kate, Katey, Kathi, Kathie, Kathy, Katie, Katy, Kay, Kit, Kittie, Kitty, Cate, Kaety, Katee",,"法語, 英語",Catherine 的暱稱。,,,,,,
女,Cathie,,,英語,Catherine 的暱稱。,,,,,,
女,Cathleen,,,"愛爾蘭語, 英語",Kathleen 的變體。,,,,,,
女,Cathryn,,,英語,Katherine 的變體。,,,,,,
女,Cathy,,,英語,Catherine 的暱稱。,,,,,,
男,Cavan,,,英語,來源於愛爾蘭的郡名，該名字來自愛爾蘭語 cabhán，意為“山谷”，或源自愛爾蘭姓氏 Cavan。,,,,,,
男,Cayden,,,英語（現代）,Caden 的變體。,,,,,,
女,Cayla,,,英語（現代）,Kayla 的變體。,,,,,,
女,Caylee,,,英語（現代）,Kaylee 的變體。,,,,,,
女,Cayley,,,英語（罕見）,Kaylee 的變體。,,,,,,
男,Cayson,,,英語（現代）,Cason 的變體。,,,,,,
女,Ceara,,,英語（罕見）,Ciara 2 的變體。,,,,,,
女,Cearra,,,英語（罕見）,Ciara 2 的變體。,,,,,,
女,Cece,"Cecie, E",,英語（罕見）,Ciara 2 的變體。,,,,,,
女,Cecelia,"Cecie, Elia",,英語,Cecilia 和其他包含類似發音名字的暱稱。,,,,,,
男,Cecil,"Cecie, Il",,英語,Cecilia 和其他包含類似發音名字的暱稱。,,,,,,
女,Cecilia,"Cecie, Ilia",,"英語, 義大利語, 西班牙語, 瑞典語, 丹麥語, 挪威語, 荷蘭語, 羅馬尼亞語, 芬蘭語",Caecilius 家族名字的女性化形式，源自拉丁語 caecus，意為“盲”。聖西西莉亞是公元 2 或 3 世紀的一位殉道者，由於拒絕崇拜羅馬神祇而被判處死刑。,,,,,,
女,Cecily,"Cecie, Ily",,英語,Cecilia 的英語形式。在中世紀英格蘭是常見形式。,,,,,,
女男,Cedar,"Cedie, Ar",,英語（罕見）,來自英語單詞 cedar，指的是針葉樹。,,,,,,
男,Cedric,"Cedie, Ric",,英語,Walter Scott 在他的小說《艾凡赫》中為一個角色創造的名字。,,,,,,
女,Celandine,"Celie, Andine",,英語（罕見）,來自植物名，源自希臘語 χελιδών (chelidon)，意為“燕子（鳥）”。,,,,,,
女男,Celeste,"Celie, Este",,"義大利語, 葡萄牙語, 西班牙語, 英語",Caelestis 的義大利語女性和男性形式。,,,,,,
女,Celestia,,,英語（罕見）,Caelestius 的女性形式。,,,,,,
女男,Clestine,"Cleie, Stine",,英語,Caelestinus 的英語形式，更常用作女性名字。,,,,,,
女,Celia,"Celie, Ia",,"英語, 西班牙語",羅馬家族名 Caelius 的女性形式。,,,,,,
女,Celinda,"Celie, Inda",,英語（罕見）,可能是 Celia 和 Linda 的結合體。,,,,,,
女,Celine,"Celie, Ine",,"德語, 英語",Céline 的變體。,,,,,,
男,Chace,"Chaie, Ce",,英語（現代）,Chase 的變體。,,,,,,
男,Chad,"Chaie, D",,英語,"來自古英語名字 Ceadda，含義未知，可能源自古威爾士語中的 ""cat""（戰鬥）。這是7世紀英格蘭聖人的名字。主要由天主教徒使用，直到1960年代，這個名字才開始在大眾中變得更為普遍。這也是非洲一個國家的名字，儘管其來源不同。",,,,,,
男,Chadwick,"Chaie, Dwick",,英語,來自一個姓氏，該姓氏源自英國的城鎮名字，意為“屬於查德的聚落” (來自古英語)。,,,,,,
女,Chalice,"Chaie, Lice",,英語（罕見）,直接來自英語單詞“chalice”（聖杯，酒杯），源自拉丁語 calix。,,,,,,
男,Chance,"Chaie, Nce",,英語,最初是 Chauncey 的暱稱。現在通常用來指代英語單詞 “chance”（運氣、機會），最終來自拉丁語 cadens（墜落）。,,,,,,
男女,Chandler,"Chaie, Ndler",,英語,來自職業姓氏，意思是“蠟燭賣家”或“蠟燭製造者”，源自中世紀英語，最終來自拉丁語“candela”經由古法語。自1994年美國情景喜劇《六人行》中的角色登場後，這個名字的流行度大增。,,,,,,
女,Chanel,"Chaie, Nel",,英語,來自法國姓氏，意為“水道”，指的是住在水道附近的人，或是“壺、瓶、瓶子”，指的是製作壺的工匠。自1970年代以來，這個名字被用作美國女性的名字，受到香奈兒品牌名稱的影響，該品牌以法國時尚設計師 Coco Chanel (1883-1971) 命名。,,,,,,
女,Chanelle,"Chaie, Nelle",,英語（現代）,Chanel 的變體。,,,,,,
男女,Channing,"Chaie, Nning",,英語（現代）,來自一個英語姓氏，其來源不明。,,,,,,
女,Chantal,"Chaie, Ntal",,法語、英語、荷蘭語,來自一個法國姓氏，該姓氏源自一個地名，意為“多石的地方”。最初是為了紀念聖人 Jeanne-Françoise de Chantal（香塔爾·珍妮-弗朗索瓦），她是17世紀創立「訪問會修會」的創始人。這個名字與法語單詞 chant（歌曲）聯繫在一起。,,,,,,
女,Chanté,  ,"Chante, Shantae, Shaunte",非裔美國人（現代）,來自法語單詞 chanter，意為“唱歌”。這種拼寫形式對應過去分詞，意為“已唱”。,,,,,,
女,Chantel,,,英語,Chantal 的變體。,,,,,,
女,Chantelle,,,英語,Chantal 的變體。,,,,,,
女,Charisma,,,英語（罕見）,來自英語單詞“Charisma”，意為“個人魅力”，最終源自希臘語 χάρις (charis)，意為“恩典、善意”。,,,,,,
女,Charissa,,,英語、荷蘭語,Charis 的延伸形式。愛德蒙·斯賓塞（Edmund Spencer）在他的史詩《仙后》（The Faerie Queene，1590年）中使用了這個名字。,,,,,,
女,Charisse,,,英語,來自一個法國姓氏，意義不明。這個名字是為了紀念美國女演員和舞者 Cyd Charisse (1921-2008) 而使用的。,,,,,,
女,Charity,"Chaie, Rity",,英語,來自英語單詞“Charity”（慈愛），最終源自晚期拉丁語 caritas，意為“慷慨的愛”，來自拉丁語 carus，意為“親愛的、可愛的”。Caritas 曾被用作羅馬基督徒的名字。在新教改革後，英語名字 Charity 開始在清教徒中流行。目前這個名字在一些受英語影響的非洲地區最為常見。,,,,,,
女,Charla,"Chaie, Rla",,英語,Charles 的女性形式。,,,,,,
女,Charlee ,,,英語（現代）,,,,,,,
女,Charleen,"Chaie, Rleen",,英語,Charlie 的女性變體。,,,,,,
女,Charleigh,"Chaie, Rleigh",,英語（現代）,Charlene 的變體。,,,,,,
女,Charlene,"Chaie, Rlene",,英語（現代）,Charlie 的女性變體。,,,,,,
男,Charles,Charley、Charlie、Charly、Chas、Chaz、Chip、Chuck、Chuckie、Chucky（英文）Charlot（法文）,,英語、法語,"法語和英語形式的 Carolus，為拉丁語形式的日耳曼名字 Karl，該名字源於一個意為“男人”的單詞（原始日耳曼語 *karlaz）。另一種理論認為它源自通用日耳曼名字元素 *harjaz，意為“軍隊”。
此名字在歐洲大陸的流行主要歸功於查理大帝（742-814，常被稱為 Charlemagne），他是法蘭克人的國王，曾統治歐洲大部分地區。他的祖父查理·馬特（Charles Martel）也是法蘭克人的著名領袖。後來，數位神聖羅馬皇帝以及法國、西班牙、葡萄牙、瑞典和匈牙利的統治者（以不同拼寫形式）都使用此名字。
在查理大帝之後，他的名字在許多東歐語言中成為“國王”的代稱，例如捷克語 král、匈牙利語 király、俄語 король (korol) 和土耳其語 kral。
此名字直到17世紀才在英國變得常見，因為斯圖亞特王朝的國王查理一世使用了此名字。蘇格蘭女王瑪麗（瑪麗女王）將此名字引入斯圖亞特王室，她是在法國長大的。英國另外兩位國王也使用了這個名字，包括現任君主。
其他著名使用者包括自然學家查爾斯·達爾文（1809-1882），他以進化論徹底改變了生物學；小說家查爾斯·狄更斯（1812-1870），其作品包括《遠大前程》和《雙城記》；法國政治家查爾斯·戴高樂（1890-1970）；以及美國漫畫家查爾斯·舒茲（1922-2000），他是《花生漫畫》的創作者。",,,,,,
男女,Charley,"Chaie, Rley",,英語,Charles 的小名或女性形式。,,,,,,
女,Charli,"Chaie, Rli",,英語,Charlie 的變體，通常是女性名稱。,,,,,,
男女,Charlie,"Chaie, Rlie",,英語,"Charles 的小名或女性形式。一位著名的使用者是英國喜劇演員查理卓別林 (Charlie Chaplin, 1889-1977)。這一名字也用於《花生漫畫》(Peanuts) 的主角查理·布朗 (Charlie Brown)，該漫畫由查爾斯·舒爾茨 (Charles Schulz) 創作。",,,,,,
女,Charlotte,,,法文、英語、德文、瑞典文、挪威文、丹麥文、荷蘭文,"Charles 的法文女性小名。 17世紀引進英國。曾為一位出生於德國的18世紀英國和愛爾蘭的王后。另一位著名的使用者是夏洛蒂·勃朗特(Charlotte Brontë, 1816-1855)，是三位勃朗特姐妹中年長的一位，作品包括《簡愛》(Jane Eyre) 和《維萊特》(Villette)。一位著名的虛構角色是兒童小說《夏洛的網》(Charlotte's Web, 1952, E.B. White) 中的蜘蛛夏洛特 (Charlotte)。",,,,,,
男,Charlton,,,英語,源自於一個姓氏，原本是一個地名，意為古英語中的「自由民的定居點」。,,,,,,
男女,Charly,,,英語,Charlie 的變體。,,,,,,
女,Charmaine,,,英語,意義不明，可能是 Charmian 或英語單字 charm 與來自 Lorraine 的 aine 後綴的結合。此名字首次(?)用於1924年的戲劇《What Price Glory》中，並在1926年改編成廣受歡迎的電影。,,,,,,
女,Charnette,,,英語（罕見）,可能是個發明的名字。,,,,,,
男,Chas,,,英語,Charles 的小名。,,,,,,
男,Chase,,,英語,來自一個英語姓氏，在中世紀英語中意為“追逐、狩獵”，最初是獵人的綽號。,,,,,,
女,Chasity,,,英語,Chastity 的變體。,,,,,,
女,Chastity,,,英語,源自英語單字“chastity”，最後來自拉丁文“castus”，意為“純潔”。由 Sonny Bono 和 Cher 的孩子所使用，這可能導致該名字在1970年代的流行。,,,,,,
男,Chauncey,,,英語,來自一個意義不明的諾曼姓氏。在美國，此名為紀念哈佛大學校長 Charles Chauncey (1592-1672) 而使用。,,,,,,
男,Chaz,,,英語,Charles 的小名。,,,,,,
女,Chelle,,,英語,Michelle 的小名。,,,,,,
女,Chelsea,,,英語,來自倫敦的一個地區的名字，最初來自古英語，意為“石灰或白堊的登陸地”。自1970年代以來，該名字已成為英語名字中常見的用法。,,,,,,
女,Chelsey,,,英語（現代）,Chelsea 的變體。,,,,,,
女,Chelsie,,,英語（現代）,Chelsea 的變體。,,,,,,
女,Cher,,,英語,Cheryl 的簡化形式。美國音樂家 Cher (1946-) 使用的名字是其本名 Cherilyn 的簡稱。,,,,,,
女,Cherette,,,英語（罕見）,Cherie 的小名形式。,,,,,,
女,Cheri,,,英語,Cherie 的變體。,,,,,,
女,Cherice,,,英語（罕見）,Charisse 的變體。,,,,,,
女,Cherie,,,英語,源自法文的“chérie”，意為“親愛的”。在美國，Cherie 在 Sherry 變體出現後開始流行，但使用頻率不如 Sherry。,,,,,,
女,Cherilyn,,,英語,Cheryl 與流行名字後綴 lyn 的組合。,,,,,,
女,Cherise,,,英語,Charisse 的變體。,,,,,,
女,Cherish,,,英語,源自英語單詞，意為「珍愛」。,,,,,,
女男,Cherokee,,,英語（罕見）,可能源自克里克語“tciloki”，意為“不同語言的人”。這是生活在北美東部的美洲原住民民族的名字。,,,,,,
女,Cherry,,,英語,意為“櫻桃”，源自拉丁語 cerasium 和希臘語 κεράσιον (kerasion)。也可作為 Charity 的小名。從19世紀晚期開始使用。,,,,,,
女,Cherryl,,,英語,Cheryl 的變體。,,,,,,
女,Cheryl,,,英語,Cherie 的擴展形式，可能受到 Beryl 的影響。這個名字在20世紀之前非常罕見。在美國，似乎因演員 Cheryl Walker (1918-1971) 的影響而流行起來，她在1943年的電影《Stage Door Canteen》中扮演了一個重要角色。這個名字在1950年代達到高峰，之後逐漸淡出流行榜。,,,,,,
男女,Chesley,,,英語（罕見）,源自一個姓氏，該姓氏原本來自古英語中意為“營地草地”的地名。,,,,,,
男,Chester,Chet,,英語,源自一個姓氏，該姓氏原屬於來自 Chester 的人，這是一個位於英國的古羅馬聚居地。該地名來自拉丁語 castrum，意為“營地、堡壘”。,,,,,,
男,Chet,,,英語,Chester 的簡稱。,,,,,,
女,Chevonne,,,英語（罕見）,Shavonne 的變體。,,,,,,
女,Cheyanne,,,英語（現代）,Cheyenne 的變體，可能受到名字 Anne 的影響。,,,,,,
女,Cheyenne,,,英語,來自拉科塔語 šahiyena，意為“紅色語者”。這是美洲大平原上一個美洲原住民族的名字。這個名字據說是由拉科塔人給予 Cheyenne 人的，因為他們的語言與拉科塔語無關。作為名字，從1950年代開始使用。,,,,,,
m,Chile,,,英語（罕見）,Kyle 的變體。,,,,,,
女,China,,,英語（現代）,來自亞洲國家中國的名字，最終源於秦朝 (Qin)，這是一個公元前三世紀的朝代。,,,,,,
男,Chip,,,英語,Charles 或 Christopher 的簡稱。它也可能來自於諺語“a chip off the old block”，用於形容一個與父親相似的兒子。,,,,,,
女,Chloe,,,英語、聖經、聖經拉丁文、聖經希臘文、古希臘文、希臘神話,希臘語中意為“綠芽”，指春天的新植物生長。這是希臘女神得墨忒耳 (Demeter) 的別名之一。名字還在《新約》中被保羅在其書信中提及。,,,,,,
女,Chloë,,,荷蘭文、英語,Chloe 的荷蘭形式與英語變體。,,,,,,
男女,Chris,,,英語、荷蘭文、德文、丹麥文,Christopher、Christian、Christine 和其他以 Chris 開頭的名字的簡稱。,,,,,,
女,Chrissie,,,英語,Christine 或 Christina 的簡稱。,,,,,,
女,Chrissy,,,英語,Christine 或 Christina 的簡稱。在1977年首播的美國情境喜劇《Three's Company》中出現一個同名角色後，此名字的流行度短暫上升。,,,,,,
女,Christa,,,德文、丹麥文、英語,Christina 的簡稱。,,,,,,
女,Christabel,,,英語（罕見）,Christina 與名字後綴 bel 的組合（靈感來自於拉丁文的 bella，意為“美麗”）。這個名字出現在中世紀文學中，後來被塞繆爾·泰勒·柯勒律治 (Samuel Taylor Coleridge) 用於1816年的詩作《Christabel》。,,,,,,
女,Christabella,,,英語（罕見）,Christabel 的拉丁化形式。,,,,,,
女,Christabelle,,,英語（罕見）,Christabel 的變體。,,,,,,
女,Christal,,,英語,Crystal 的變體。,,,,,,
女,Christen,,,英語,Kristin 的變體。,,,,,,
女,Christi,,,英語,Christine 或 Christina 的簡稱。,,,,,,
男,Christian,"Chris, Kris（英文） Chris（德文） Krister（瑞典文） Chris, Kris（丹麥文）",,英語、法文、德文、瑞典文、挪威文、丹麥文,來自中古拉丁文名字 Christianus，意為“基督徒”。在英格蘭，自中世紀以來即被使用，當時此名字用於男性與女性，但直到17世紀才開始普及。在丹麥，自15世紀以來，已有十位國王使用此名字。,,,,,,
女,Christiana,"Chris, Chrissie, Chrissy, Christa, Christi, Christie, Christy, Ina, Kiki, Kristi, Kristie, Kristy, Tiana, Tianna, Tina, Kristia",,英語、晚期羅馬文,拉丁文中 Christian 的女性形式。,,,,,,
女男,Christie,,,英語、愛爾蘭文,Christine、Christina、Christopher 和其他以 Christ 開頭名字的簡稱。在愛爾蘭，這個名字通常是男性名，但在其他英語國家（尤其是美國和加拿大）更常見於女性名。,,,,,,
女,Christina,"Chris, Chrissie, Chrissy, Christa, Christi, Christie, Christy, Ina, Kiki, Kris, Krista, Kristi, Kristie, Kristy, Tiana, Tina, Kristia (英文) Chris, Christa, Christel, Ina, Kiki, Krista, Tina (Selk) Christel, Christin, Ina, Kia, Krisbina, Kia) Kjersti, Kristin, Stina, Stine, Tina, Tine (挪威語) Christa, Christel, Ina, Kirsten, Stina, Stine, Tina, Tine (丹麥語) Chris, Christel, Ina, Ine, Ineke, Kiki, Kristel, Stien, Tina, Tineke (荷蘭語)",,英語、德文、瑞典文、挪威文、丹麥文、荷蘭文、希臘文,來自 Christiana，Christian 的拉丁文女性形式。這是早期一位可能為傳奇的聖徒的名字，她被異教徒的父親折磨。17世紀瑞典女王克里斯蒂娜 (Christina) 也使用此名，她為藝術贊助人，放棄王位成為天主教徒。,,,,,,
女,Christine,"Christel, Christèle, Christelle, Chrystelle (法語) Chris, Chrissie, Chrissy, Christi, Christie, Christy, Kiki, Kris, Kristi, Kristie, Kristy (英語) Chris, Christ a, Christel, Ina, Kiki, Krista, Tina (德語) Christel, Christin, Ina, I Ine, Kine, Krista, Kjine, Kjina, Kjina, Ijina, Ijina, Kjina, Kjina, Kjina, Ijina, Ijina, Kjina, Kjina, Kjina, Kjina, Ijina, Kjina, Kjina, Kjina, Kjina, Ijina, Kjina, Kjina, Kjina, Ijina,S挪威語》 Christel, Ina, Kirsten, Stina, Stine, Tina, Tine (丹麥語) Christel, Christin, Ina, Kia, Kristin, Stina, Tina (瑞典語) Chris, Christel, Ina, Ine, Ineke, Kiki, Kristel, Stien, Tina (荷蘭語)",,英語、英語、德文、挪威文、丹麥文、瑞典文、荷蘭文,Christina 的法文形式，也作為其他語言的變體使用。法國作家加斯東·勒魯 (Gaston Leroux) 在其小說《歌劇魅影》(1910) 中，為女主角 Christine Daaé 使用了此名。,,,,,,
男女,Christmas,"Chrie, Istmas",,英語（罕見）,來自節日的名字，意為“基督的節日”。,,,,,,
女,Christobel,"Chrie, Istobel",,英語 (古老),Christabel 的變體。,,,,,,
男,Christopher,"Chip, Chris, Christie, Christy, Kit, Kris, Topher, Kester",,英語,源自晚期希臘名字 Χριστόφορος (Christophoros)，意為“承載基督者”，由 Χριστός (Christos) 與 φέρω (phero) 組成，意為“攜帶”。,,,,,,
女男,Christy,"Chrie, Isty",,英語、愛爾蘭文,Christine、Christina、Christopher 和其他以 Christ 開頭名字的簡稱。在愛爾蘭，這名字多為男性使用，而在其他英語國家更常用於女性。,,,,,,
女,Chrysanta,"Chrie, Ysanta",,英語（罕見）,縮短自菊花 (chrysanthemum) 的名字，該植物名字意為“金色的花”，源自希臘語。,,,,,,
女,Chrystal,"Chrie, Ystal",,英語,Crystal 的變體。,,,,,,
男,Chuck,"Chuie, Ck",,英語,"Charles 的簡稱，起源於20世紀初的美國。兩位著名使用者是飛行員查克·葉格 (Chuck Yeager, 1923-2020)，第一位突破音速的人，以及音樂家查克·貝里 (Chuck Berry, 1926-2017)，搖滾音樂的先驅之一。",,,,,,
男,Chuckie,"Chuie, Ckie",,英語,Chuck 的簡稱。,,,,,,
男,Chucky,"Chuie, Cky",,英語,Chuck 的簡稱。,,,,,,
女,Chyna,"Chyie, Na",,英語（現代）,China 的變體。,,,,,,
女,Ciara (2),"Ciaie, Ra",,英語（現代）,Sierra 的變體。此名字的使用可能受到1973年由 Revlon 推出的香水品牌 Ciara 的影響。,,,,,,
女,Cicely,"Cicie, Ely",,英語,Cecily 的中世紀變體。,,,,,,
女,Ciera,"Cieie, Ra",,英語（現代）,Sierra 的變體。,,,,,,
女,Cierra,"Cieie, Rra",,英語（現代）,Sierra 的變體。,,,,,,
女,Cinda,"Cinie, Da",,英語,Lucinda 的簡稱。,,,,,,
女,Cindi,"Cinie, Di",,英語,Cynthia 的簡稱。,,,,,,
女,Cindra,,,英語（罕見）,Cindy 與 Sandra 的結合。,,,,,,
女,Cindy,"Cinie, Dy",,英語,Cynthia 或 Lucinda 的簡稱。如同 Cynthia，此名在美國於1957年達到流行高峰。,,,,,,
女,Cissy,"Cisie, Sy",,英語,Sissy 的變體。,,,,,,
男,Clair,"Claie, Ir",,法文、英語,Clarus 的法文形式（參見 Clara）。,,,,,,
女,Claire,"Claie, Ire",,法文、英語,Clara 的法文形式。這個名字在20世紀的法國很常見，儘管之後 Clara 的使用更為普遍。,,,,,,
男女,Clancy,"Claie, Ncy",,英語（罕見）,來自愛爾蘭姓氏 (Anglicized 自 Mac Fhlannchaidh)，該姓氏來自名字 Flannchadh，意為“紅色戰士”。,,,,,,
女,Clara,,,德語、西班牙語、葡萄牙語、義大利語、法語、加泰隆語、羅馬尼亞語、英語、瑞典語、丹麥語、後期羅馬語,Clara 是拉丁名字 Clarus 的女性形式，Clarus 意為「清晰、明亮、著名」。這個名字曾由數位早期的聖人使用。13世紀的阿西西聖克萊爾 (Saint Clare of Assisi) 推廣了此名字的女性形式。她是聖方濟的朋友和追隨者，放棄了自己的富裕家庭，創立了被稱為「貧窮的克萊爾修女會」的修女團體。在中世紀，作為英語名字，它以 Clare 的形式使用；然而，19世紀以來，拉丁化的拼寫 Clara 超越了 Clare 並變得非常流行。20世紀期間，該名字的受歡迎程度下降（在英語國家，法語形式 Claire 取代了它），但近年來其使用率又有所回升。,,,,,,
女,Clare,,,英語,Clare 是 Clara 的中世紀英語形式。在英語世界中，現在更偏好法語形式 Claire，但 Clare 在英國和澳大利亞仍然相當受歡迎。這也是愛爾蘭一個郡的名字，其名稱可能源於愛爾蘭語 clár，意為「木板、平坦的表面」。,,,,,,
男,Clarence,"Claie, Rence",,英語,來自英國的貴族頭銜，起源於克拉倫斯公爵 (Duke of Clarence)。這個地名來自拉丁語，意為“明亮或清晰”。名字的使用始於19世紀。,,,,,,
女,Clarette,Clara,,英語（罕見）,Clara 的延伸形式，或 Claire 的變體。,,,,,,
女,Claribel,,,英語,Clara 與常見名字字尾 bel 的組合，源自拉丁文 bella「美麗」。埃德蒙·斯賓塞 (Edmund Spenser) 在他的詩歌《仙后》(1590；以 Claribell 形式) 中使用了這個名字，莎士比亞在他的戲劇《暴風雨》(1611) 中使用了這個名字。阿爾弗雷德·丁尼生還寫了一首詩，名為《克拉麗貝爾》（1830 年）。,,,,,,
女,Clarice,"Clare, Rice",,英語,晚期拉丁文名 Claritia 的中世紀俗語形式，是 Clara 的衍生字。,,,,,,
女,Carlinda,"Carie, Linda",,英語,克拉拉 (Clara) 與流行名字後綴 inda 的組合。埃德蒙·斯賓塞 (Edmund Spenser) 在他的史詩《仙后》(1590) 中首次使用了它。,,,,,,
女,Clarissa,,,英語、義大利語,克拉麗斯 (Clarice) 的拉丁語形式。這是塞繆爾理查森 (Samuel Richardson) 1748 年小說中主角的名字。小說中，克拉麗莎‧哈洛是個賢慧的女人，但她卻慘遭家人和情人的剝削。另一個同名的文學人物是弗吉尼亞伍爾夫的小說《達洛維夫人》 (1925) 中的克拉麗莎達洛維 (Clarissa Dalloway)。,,,,,,
女,Clarity,,,英語（罕見）,簡單的說，意思是“清晰，明晰”，源自英語單字“clarity”，最終源於拉丁語“clarus”，“清晰”。,,,,,,
男,Clark,,,英語,源自英語姓氏，意為“牧師”或“抄寫員”，源自古英語 clerec，原意為“牧師”。擁有這個姓氏的著名人物是威廉·克拉克 (1770-1838)，他是一位北美西部的探險家。這個名字由美國演員克拉克蓋博 (1901-1960) 和漫畫人物克拉克肯特 (超人溫文爾雅的另一個自我，於 1938 年首次創作) 所用。,,,,,,
男,Claud,,,英語,Claude 的變體。,,,,,,
男女,Claude,,,法文、英語,法語中 Claudius 的男性和女性形式。在法國，由於 7 世紀貝桑鬆的聖克勞德 (Saint Claude of Besançon)，男性名字自中世紀以來就很常見。它於 16 世紀由與法國有聯繫的貴族漢密爾頓家族引入英國。擁有這個名字的著名人物是法國印象派畫家克勞德·莫奈 (1840-1926)。,,,,,,
女,Claudia,,,英語、德語、荷蘭語、瑞典語、義大利語、西班牙語、羅馬尼亞語、聖經、聖經拉丁語、古羅馬語,克勞狄斯的女性形式。新約中曾簡單提到它。作為一個基督教名字，直到 16 世紀它還非常罕見。,,,,,,
男,Clay,,,英語,源自英語姓氏，原指居住在黏土附近或與黏土一起工作的人。這個名字也可以是 Clayton 的縮寫。,,,,,,
男,Clayton,,,英語,源自最初源自於各種英語地名的姓氏，在古英語中均表示「黏土定居點」。,,,,,,
男,Clem,,,英語,Clement 的縮寫。,,,,,,
女,Clematis,,,英語（罕見）,源自英語單字“一種開花藤蔓”，最終源自於希臘文 κλήμα (klema)，意為“小枝、枝條”。,,,,,,
女,Clemence,Clemmie,,英語,克萊門蒂烏斯 (Clementius) 的女性形式（參見克萊門特 (Clement)）。它自中世紀以來就已被使用，但在 17 世紀後變得稀少。,,,,,,
女,Clemency,Clemmie,,英語（罕見）,Clemence 的中世紀變體。它也可以簡單地表示“仁慈，憐憫”，源自英語單字 clemens“仁慈”。,,,,,,
男,Clement,Clem,,英語,晚期拉丁名 Clemens（或有時是其派生詞 Clementius）的英語形式，意為「仁慈的、溫柔的」。這是 14 位教宗的名字，包括第三任教宗、使徒教父之一聖克萊門特一世。另一位同名的聖人是亞歷山大的克萊門特，他是一位 3 世紀的神學家和教父，他試圖調和基督教和柏拉圖哲學。自古以來，它就是基督教歐洲普遍使用的名字（有多種拼寫方式）。在英國，新教改革後它已變得罕見，儘管它在 19 世紀又重新興起。,,,,,,
女,Clementine,Clemmie,,英語,Clémentine 的英語形式。,,,,,,
女男,Cleo,,,英語,Cleopatra、Cleon 或 Cleopas 的縮寫。,,,,,,
男,Cletis,,,英語（罕見）,Cletus 的變體。,,,,,,
男,Cletus,,,英語,Anacletus 的縮寫。此名字有時用於指第三任教宗聖阿納克萊特。它也可以作為 Kleitos 的英語化形式。,,,,,,
男,Cleve,,,英語,Cleveland 的簡稱。,,,,,,
男,Cleveland,,,英語,源自於一個英語姓氏，該姓氏源自於一個地名，意為「懸崖之地」（源自古英語 clif and land）。這是美國總統格羅弗·克利夫蘭 (1837-1908) 的姓氏。這也是一個美國城市的名字，由測量員摩西·克利夫蘭 (1754-1806) 建立。,,,,,,
男,Cliff,,,英語,Clifford 或 Clifton 的縮寫。,,,,,,
男,Clifford,Cliff,,英語,源自古英語中一個地名的姓氏，意為「懸崖邊的淺灘」。,,,,,,
男,Clifton,,,英語,"源自於一個姓氏，該姓氏最初源自於古英語中意為「懸崖邊的定居點」的地名。 
克林特·英格利甚",,,,,,
男,Clint,,,英語,克林頓 (Clinton) 的縮寫。一位著名的代表人物是美國演員克林特伊斯特伍德 (1930-)，他早年因拍攝西部片而出名。,,,,,,
男,Clinton,,,英語,源自英語姓氏，最初源自於名為 Glinton 的城鎮（含義不明）或 Glympton，意為「格萊姆河上的定居點」。擁有這個姓氏的著名人物是美國前總統比爾·克林頓 (1946-)。,,,,,,
男,Clive,,,英語,源自古英語 clif 的一個英語姓氏，意為“懸崖”，最初屬於居住在懸崖附近的人。,,,,,,
女,Clotilda,,,英語（罕見）,Clotilde 的英語形式。,,,,,,
女,Clover,,,英語（現代）,源自英語中野花一詞，最終源自於古英語 clafre。,,,,,,
男,Clyde,,,英語,源自蘇格蘭克萊德河 (River Clyde) 的名字，源自於坎布里亞克 (Cumbric Clud)，其起源不明。它在 19 世紀中葉成為美國的一個常見名字，可能是為了紀念科林·坎貝爾 (1792-1863)，他於 1858 年被授予克萊德男爵的頭銜。,,,,,,
男女,Coby,,,英語,雅各 (Jacob) 的陽性或陰性暱稱。,,,,,,
男女,Codie,,,英語（現代）,Cody 的變體或女性形式。,,,,,,
男,Cody,,,英語,源自愛爾蘭姓氏，是愛爾蘭蓋爾語 Ó Cuidighthigh 的英語化形式，意為“樂於助人的後裔”，以及 Mac Óda，意為“奧多之子”。這個姓氏的著名持有者是美國拓荒者和藝人布法羅比爾科迪 (1846-1917)。,,,,,,
男,Cohen,,,英語（現代）,源自一個常見的猶太姓氏，源自希伯來文 כֹּהֵן (kohen)，意為「牧師」。這個姓氏傳統上與那些自稱是《聖經》中的亞倫後裔的世襲祭司有關。,,,,,,
男,Colbert,,,英語,源自英語姓氏，姓氏源自古德語名字 Colobert 的諾曼形式。,,,,,,
男,Colby,,,英語,源自英語姓氏，原自各個地名，源自古挪威語別名 Koli（意為「煤炭、黑暗」）和 býr「農場、定居點」。 2001 年，當 Colby Donaldson (1974-) 出現在真人秀節目《倖存者》時，這個名字在美國和加拿大的受歡迎程度飆升。,,,,,,
男,Cole,,,英語,源自英語姓氏，其本身最初源自中世紀尼古拉斯 (Nicholas) 的簡稱或別名可樂 (Cola)。著名的該姓氏持有者是歌曲作家科爾·波特（Cole Porter，1891-1964），而音樂家納特·金·科爾（Nat King Cole，1919-1965）也使用了這個姓氏。 .. [更多],,,,,,
女,Coleen,,,英語,科琳 (Colleen) 的變體。,,,,,,
男,Coleman,,,愛爾蘭語，英語,Colmán 的英語形式。,,,,,,
女,Colene,,,英語（罕見）,科琳 (Colleen) 的變體。,,,,,,
男,Colin (1),,,蘇格蘭、英國,蘇格蘭 Cailean 的英語形式。,,,,,,
男,Colin (2),,,英語,中世紀對 Col 的暱稱，是 Nicholas 的縮寫。現在它被視為一個獨立的名稱。,,,,,,
女,Colleen,,,英語,源自愛爾蘭語 cailín，意為「女孩」。它在愛爾蘭本身並不常用，但自 20 世紀初以來在美國就開始使用。,,,,,,
男,Collin,,,英語,Colin 2 的變體。,,,,,,
女男,Collins,,,英語,源自姓氏，其起源為愛爾蘭或英國（參見柯林斯 1​​ 和柯林斯 2）。自從該名字出現在根據 2006 年的一部傳記電影《弱點》（2009 年）中後，它作為女孩的名字越來越受歡迎。作為男性名字，它目前在講英語的非洲地區最為常見。,,,,,,
女男,Collyn,,,英語（罕見）,Colleen 或 Colin 2 的變體。,,,,,,
男,Colson,,,英語（現代）,源自英語姓氏，意為「科爾之子」。作為一個名字，它於 2017 年進入了美國前 1000 名排名，可能受到 Cole 和 Colton 等發音相似的名字的啟發。,,,,,,
男,Colt,,,英語（現代）,源自英語單字“年輕雄馬”或源自同一起源的姓氏。它可能是為了紀念美國實業家塞繆爾·柯爾特 (1814-1862) 或以他的名字命名的槍支公司而頒發的。 1981 年，電視劇《替身殺人王》的主角讓它引起了公眾的注意。,,,,,,
男,Colten,,,英語（現代）,科爾頓 (Colton) 的變體。,,,,,,
男,Colter,,,英語（現代）,源自於英語姓氏，原是指馬的飼養員，源自於中世紀英語 colt。,,,,,,
男,Colton,,,英語（現代）,源自英語姓氏，原源自地名，意為「可樂的城鎮」。該名稱在 20 世紀 80 年代開始被用作名字。在某些情況下，它可能被視為 Cole 或 Colt 的詳細形式或完整形式。,,,,,,
女,Comfort,,,英語（非洲）,源自英語單字 co男女ort，最後源自拉丁文 confortare（意為「大大加強」），是 fortis（強壯）的衍生字。新教改革後，它被用作名字。如今它在受英語影響的非洲地區最為常見。,,,,,,
男,Connell,,,英語（罕見）,源自愛爾蘭姓氏，Ó Conaill 的英語化形式，是名字 Conall 的派生詞。,,,,,,
男,Conner,,,英語（現代）,康納 (Conor) 的變體。,,,,,,
男,Connie,,,英語,Constance 的縮寫，以及其他以 Con 開頭的名字。它有時是一個男性名字，是 Cornelius 或 Conrad 的縮寫。,,,,,,
男,Connor,,,愛爾蘭語，英語（現代）,Conor 的變體，基於從名字衍生的姓氏的通常拼寫。目前，除愛爾蘭以外，這是英語國家最常見的拼寫方式。,,,,,,
男,Conor,,,愛爾蘭語、英語、愛爾蘭神話,Conchobar 的英語形式（或現代愛爾蘭形式 Conchúr）。,,,,,,
男,Conrad,Connie  ,,英語、德語、日耳曼語,意思是“勇敢的忠告”，源自古德語元素 kuoni“勇敢”和 rat“忠告、建議”。這是 10 世紀德國南部康斯坦茨一位聖人和主教的名字。幾位中世紀德國國王和公爵也曾戴過這種戒指，尤其是薩利克王朝的第一位神聖羅馬帝國皇帝康拉德二世。中世紀時，它偶爾在英國使用，但直到 19 世紀從德國重新引入後才開始普遍使用。,,,,,,
女,Constance,Connie  ,,英語、法語,康斯坦提亞的中世紀形式。諾曼人將這個名字引入英國（這是征服者威廉的女兒的名字）。,,,,,,
男,Constant,,,法語、荷蘭語（罕見）、英語（罕見）,源自晚期拉丁文名稱 Constans。它也被清教徒用作詞彙名稱，源自英語單字“constant”。,,,,,,
男,Conway,,,英語,源自威爾斯姓氏，姓氏源自康威河的名字，在威爾斯語中可能意為「最重要的水」。,,,,,,
男,Cooper,Coop,,英語,源自姓氏，意為“製桶者”，源自中世紀英語 couper。,,,,,,
女,Cora,,,英語、德語、希臘神話（拉丁化）,Kore 的拉丁化形式。直到詹姆斯費尼莫爾庫柏 (James Fenimore Cooper) 在他的小說《最後的莫希干人》(1826) 中用它來稱呼一個角色後，它才在英語世界中被用作名字。在某些情況下，它可能是 Cordula、Corinna 和其他以相似發音開頭的名字的縮寫。,,,,,,
女,Coral,,,英語、西班牙語,源自英語和西班牙語單字“珊瑚”，指可形成珊瑚礁的水下骨骼沉積物。它最終源自於（透過古法語和拉丁語）希臘語 κοράλλιον (korallion)。,,,,,,
男,Corbin,,,英語,源自法語姓氏 corbeau“烏鴉”，最初指的是黑頭髮的人。這個名字可能是由演員 Corbin Bernsen (1954-) 在美國推廣的。,,,,,,
女,Cordelia,,,文學，英語,源自 Cordeilla，這個名字出現在 12 世紀蒙茅斯的傑弗裡編年史中，她是李爾王三個女兒中最小的一個，也是唯一一個對父親保持忠誠的女兒。傑弗裡可能根據威爾斯傳說中的人物 Creiddylad 為她取名。後來，當傑弗裡的故事被其他人改編時，拼寫被改為Cordelia，其中包括埃德蒙·斯賓塞的詩歌《仙后》（1590 年）和莎士比亞的悲劇《李爾王》（1606年）。,,,,,,
男,Cordell,,,英語,源自英語姓氏，在中世紀英語中意為“繩索製造者”或“繩索銷售者”。,,,,,,
女,Coreen,,,英語（罕見）,Corinne 的變體。,,,,,,
女,Coretta,Cora,,英語,科拉 (Cora) 的暱稱。它是由馬丁路德金的妻子科雷塔斯科特金 (1927-2006) 所戴。,,,,,,
男,Corey,,,英語,源自英語姓氏，姓氏源自古挪威語名字 Kóri，含義未知。這個名字在 20 世紀 60 年代因電視劇《朱莉婭》中的角色 Corey Baker 而流行起來。,,,,,,
女,Cori,,,英語,科里 (Corey) 的女性形式。,,,,,,
女,Coriander,,,英語（罕見）,源自一種香料的名稱，也稱為芫荽，可能最終源自腓尼基（透過拉丁語和希臘語）。,,,,,,
女,Corie,,,英語,Corrie 的變體。,,,,,,
女,Corinna,"Cora, Kora (德語) Corie, Corrie (英語)",,德語、義大利語、英語、古希臘語（拉丁化）,希臘文名字 Κόριννα (Korinna) 的拉丁化形式，源自 κόρη (kore)，意為「少女」。這是公元前五世紀一位希臘抒情詩人的名字。羅馬詩人奧維德在他的作品《愛之歌》中用它來描述女性主角。在現代，它從 17 世紀開始被使用，當時羅伯特·赫里克 (Robert Herrick) 在他的詩《科琳娜去五月 (Corinna's going a-Maying)》中使用了它。,,,,,,
女,Corinne,"Cora, Kora (德語) Corie, Corrie (英語)",,法語、英語,"orinna 的法語形式。法國-瑞士作家斯塔埃爾夫人 (Madame de Staël) 在她的小說《科琳》(Corinne, 1807) 中使用了它。",,,,,,
女,Cornelia,"Cora, Lia, Nele, Nelly, Kora (德語) Corrie, Corry, Lia, Lieke, Neeltje, Nel, Cokkie (荷蘭語)",,德語、羅馬尼亞語、義大利語、荷蘭語、英語、古羅馬語,哥尼流 (Cornelius) 的女性形式。公元前 2 世紀，它的主人是 Cornelia Scipionis Africana（軍事英雄 Scipio Africanus 的女兒），她也是被稱為格拉古兄弟的兩位改革者的母親。她死後，人們視她為理想的羅馬女性典範。這個名字在 18 世紀又被重新使用。,,,,,,
男,Cornelius,"Connie (英語) Cees, Cor, Corné, Kees, Niels (荷蘭語)",,古羅馬、英國、荷蘭、德國、聖經,羅馬姓氏可能源自拉丁文元素 cornu，意為「角」。在新約聖經《使徒行傳》中，哥尼流是一位百夫長，他受天使指引去尋找彼得。與彼得交談後，他皈依了基督教，傳統上被認為是第一位非猶太人皈依者。這個名字也由一些早期聖徒所用，其中包括一位 3 世紀的教宗。它在 16 世紀開始在英國使用，部分原因是受到荷蘭的影響。,,,,,,
男,Cornell,,,英語,源自英語姓氏，該姓氏源自於名字 Cornelius。,,,,,,
女,Corrie,,,英語、荷蘭語,Corinna、Cora、Cornelia 以及其他以 Cor 開頭的名字的縮寫。自 20 世紀 70 年代以來，它也被用作 Corey 的女性形式。,,,,,,
女,Corrina,"Corie, Corrie, Rina",,英語,Corinna 的變體。,,,,,,
女,Corrine,"Corie, Corrie, Rina",,英語,Corinne 的變體。,,,,,,
女男,Cortney,Corie,,英語,考特尼 (Courtney) 的變體。,,,,,,
男,Corwin,"Corie, Win",,英語,源自英語姓氏，源自古法語 cordoan“皮革”，最終源自西班牙城市科爾多瓦的名稱。,,,,,,
男,Cory,,,英語,Corey 的變體。,,,,,,
女,Corynn,,,英語（罕見）,Corinne 的變體。,,,,,,
男,Cosmo,,,義大利語、英語,科西莫 (Cosimo) 的意大利語變體。 18 世紀，蘇格蘭第二代戈登公爵將其引入英國，他以其好友科西莫三世·德·美第奇的名字為其兒子和繼承人命名。在美國情境喜劇《宋飛傳》（1989-1998）中，這是傑瑞的鄰居克萊默很少使用的名字。,,,,,,
男,Coty,,,英語（現代）,科迪 (Cody) 的變體。,,,,,,
女,Courteney,,,英語,考特尼 (Courtney) 的變體。著名的持有者是女演員柯特妮·考克斯 (1964-)。,,,,,,
女男,Courtney,,,英語,源自貴族英國姓氏，該姓氏要么源自法國地名Courtenay（最初是人名Curtenus 的衍生詞，而Curtenus 本身源自拉丁語curtus“短”），要么源自諾曼暱稱，意為“短鼻子” 。最初在美國作為男孩的名字較為常見，但在 20 世紀 60 年代，它變得更受女孩的歡迎。 1973 年之後，這一數字開始迅速上升，這可能是因為電視電影《婚外情事》中的一個角色（由娜塔莉·伍德飾演）。 1990年，它在美國排名達到頂峰，排名第17位，但自那時起排名迅速下滑。,,,,,,
男女,Cove,,,英語（現代）,源自英語詞彙 cove，指沿海的小入口。,,,,,,
男,Coy,,,英語,源自中古英語 coi，意為「安靜、害羞、靦腆」。,,,,,,
男,Craig,,,蘇格蘭人，英語,源自蘇格蘭姓氏，源自蓋爾語 creag，意為“峭壁、岩石、露頭”，最初指居住在峭壁附近的人。,,,,,,
男,Crawford,,,英語,源自古英語中意為「crow ford」的地名的姓氏。,,,,,,
男女,Cree,,,英語（罕見）,源自加拿大中部的一個美洲原住民部落的名字。他們的名字源自於法語克里語“kiristino”。,,,,,,
男,Creighton,,,英語（罕見）,源自地名的姓氏，最初源自蓋爾語 crioch「邊界」與古英語 tun「城鎮」的結合。,,,,,,
男,Crew,,,英語（現代）,要麼源自英國小鎮克魯的姓氏（源自古威爾斯語 criu，意為「堰」），要麼源自英語詞彙中表示一群人的單字。,,,,,,
男,Crispian,,,英語（古語）,Crispin 的中世紀變體。,,,,,,
男,Crispin,,,英語（罕見）,源自羅馬綽號 Crispinus，該綽號源自於 Crispus 這個名字。聖克里斯賓是一位 3 世紀的羅馬人，他與他的雙胞胎兄弟克里斯皮尼安在高盧殉難。他們是鞋匠的贊助人。他們是中世紀時期英國受人尊敬的聖人，從那時起這個名字就偶爾被使用。,,,,,,
女,Cristen,Crissy,,英語（現代）,克里斯汀 (Kristin) 的變體。,,,,,,
男,Crofton,,,英語（罕見）,"源自於姓氏，該姓氏源自古英語中一個地名，意為「有小塊封閉田地的城鎮」。
克羅斯比 m 英語（現代）
源自一個英國城鎮名稱的姓氏，其本身在古挪威語中意為“十字鎮”。",,,,,,
女,Crystal,,,英語,源自英語單字“crystal”，意為透明、無色的玻璃，有時被切割成寶石形狀。這個英語單字最終源自於希臘文 κρύσταλλος (krystallos)，意為「冰」。自 19 世紀以來，它一直被用作名字。,,,,,,
男,Cullen,,,英語,源自姓氏，Cullen 1 或Cullen 2。的受歡迎程度略有上升。,,,,,,
男,Curran,,,英語（罕見）,源自愛爾蘭姓氏，Ó Corraidhín 的英語化形式，其本身源自於名字 Corraidhín。,,,,,,
男,Curt,,,英語,"要么是 Kurt 的變體，要么是 Curtis 的縮寫。
柯蒂斯·英語
源自英語姓氏，在古法語中原意為「有禮貌的」。",,,,,,
男,Curtis,Curt,,英語,源自英語姓氏，在古法語中原意為「有禮貌的」。,,,,,,
男,Cuthbert,,,英語（罕見）,源自古英語元素 cuþ「已知的、熟悉的」和 beorht「明亮的」。聖卡斯伯特是一位 6 世紀的隱士，後來成為英格蘭沿海島嶼林迪斯法恩的主教。他因能創造治癒奇蹟而聞名。因為這位聖人的存在，諾曼征服之後，這個名字在英格蘭仍然使用。在宗教改革之後，它變得稀有，但在 19 世紀又（短暫地）復興。,,,,,,
男,Cy,,,英語,賽勒斯 (Cyrus) 或西里爾 (Cyril) 的縮寫。,,,,,,
女男,Cyan,,,英語（罕見）,源自英語單字“綠藍色、青色”，最終源自於希臘文 κύανος (kyanos)。,,,,,,
女,Cybill,,,英語（罕見）,Sibyl 的變體。這個名字由女演員 Cybill Shepherd (1950-) 所起，她的名字取自她的祖父 Cy 和她的父親 Bill。,,,,,,
女,Cydney,,,英語（現代）,Sydney 的變種。,,,,,,
女,Cymone,,,英語（現代）,Simone 1 的變體。,,,,,,
女,Cyndi,,,英語,Cynthia 的縮寫。,,,,,,
女,Cythia,,,英語、法語、希臘神話（拉丁化）,希臘文 Κυνθία (Kynthia) 的拉丁化形式，意為「來自辛薩斯的女人」。這是希臘月亮女神阿爾忒彌斯 (Artemis) 的綽號，因為辛托斯 (Cynthus) 是得洛斯島 (Delos) 上的一座山，她和她的孿生兄弟阿波羅就出生在那裡。直到文藝復興時期，它才被用作名字，直到 19 世紀才在英語世界普及。 1957年它在美國達到了流行的頂峰，此後逐漸衰落。,,,,,,
男,Cyril,,,英語、法語、捷克語、斯洛伐克語,"Cyril m 英語、法語、捷克語、斯洛伐克語
源自希臘文名稱 Κύριλλος (Kyrillos)，此名稱源自希臘文 κύριος (kyrios)，意為“主”，該字在希臘文聖經中常用來指稱上帝或耶穌。許多重要的聖人都叫這個名字，包括 4 世紀的主教和教會博士耶路撒冷的西里爾和 5 世紀的神學家亞歷山大的西里爾。另一位聖西里爾是 9 世紀向斯拉夫人傳教的希臘傳教士，他與其兄弟美多德一起創造了格拉哥裡字母，以便將《聖經》翻譯成斯拉夫語。以他的名字命名的西里爾字母源自格拉哥裡字母。這個名字在東歐和其他東正教盛行的地方尤其常用。它在 19 世紀的英國開始普遍使用。",,,,,,
女,Cyrilla,,,英語（罕見）,西里爾 (Cyril) 的女性形式。,,,,,,
男,Cyrus,Cy,,英語、聖經、聖經拉丁語、古波斯語（拉丁化）,希臘文 Κῦρος (Kyros) 的拉丁文形式，源自古波斯語名稱 𐎤𐎢𐎽𐎢𐏁 (Kuruš)，可能意為「年輕人」或「（敵人的）羞辱者」。或者它可能源自埃蘭語。這個名字有時與希臘文 κύριος (kyrios) 有關，意為「主」。最著名的這個名字的擁有者是居魯士大帝，他是公元前 6 世紀阿契美尼德波斯帝國的創始人。他在《舊約》中因征服巴比倫後釋放被俘虜的猶太人並允許他們返回以色列而聞名。作為一個英語名字，它最早在宗教改革後被清教徒使用。,,,,,,
D,,,,,,,,,,,
男,Dacre,,,英語（罕見）,源自英語姓氏，最初源自於坎布里亞郡的一個地名，源自布立吞語，意為「涓涓細流」。,,,,,,
女,Daffodil,,,英語（罕見）,源自花名，最終源自荷蘭語 de affodil，意為「水仙」。,,,,,,
女,Dahlia,,,英語（現代）,源自該花的名稱，以瑞典植物學家 Anders Dahl 的名字命名。,,,,,,
女,Daisy,,,英語,簡單來說，這個字源自於英語中白花的意思，最後源自於古英語 dægeseage，意為「白眼」。它最早在 19 世紀被用作名字，同時許多其他植物和花卉的名字也被創造出來... [更多],,,,,,
男女,Dakota,,,英語（現代）,源自密西西比河谷北部的美洲原住民的名字，或源自以他們的名字命名的兩個美國州：北達科他州和南達科他州（直到 1889 年統一為達科他領地）。這個部落名稱在達科他語中意為「盟友、朋友」。 1975 年之前，這個名字在美國很少見。現在，它作為女性名字更加常見，可能是因為女演員達科塔範甯 (1994-) 的名氣。,,,,,,
男女,Dale,,,英語,源於英語姓氏，最初用於指住在山谷或谷地附近的人。,,,,,,
女男,Daley,,,英語（罕見）、荷蘭語（現代）,源於愛爾蘭姓氏，是 Ó Dálaigh 的英語化形式，而 Ó Dálaigh 則源自名字 Dálach。在荷蘭，這個名字最近的流行可歸因於荷蘭足球運動員達利·布林德（Daley Blind，1990年生）。,,,,,,
男女,Dallas,,,英語,源於一個可能是古英語「谷中之家」或蘇格蘭蓋爾語「草地住所」的姓氏。德州的一座城市以此為名，可能是為了紀念美國副總統喬治·M·達拉斯（George M. Dallas，1792-1864）。,,,,,,
男,Dalton,,,英語,源於英語姓氏，最初來自一個地名，其意為古英語中的「谷中小鎮」。此姓氏的一位著名持有人是英國化學家和物理學家約翰·道爾頓（John Dalton，1766-1844），他提出了原子理論。,,,,,,
女男,Daly,,,英語（罕見）,源於 Daley 的一個變體姓氏。,,,,,,
男,Damian,,,英語、波蘭語、羅馬尼亞語、荷蘭語（現代）,源自希臘名字 Δαμιανός (Damianos)，其來源於希臘語 δαμάζω (damazo)，意為「馴服」。聖達米安（Saint Damian）與他的雙胞胎兄弟聖科斯馬斯（Cosmas）在公元4世紀初於敘利亞殉道，是醫生的守護聖人。因其名聲，此名字在基督教歐洲廣泛使用。另一位著名的聖人是彼得·達米安（Peter Damian），他是11世紀的一位意大利樞機主教和神學家。,,,,,,
男,Damion,,,英語,Damian 的變體。,,,,,,
男,Damon,,,希臘神話、英語,源自希臘語 δαμάζω (damazo)，意為「馴服」。根據希臘傳說，達蒙（Damon）與皮西亞斯（Pythias）是居住於公元前4世紀敘拉古的朋友。當皮西亞斯被判處死刑時，他被允許暫時自由，條件是達蒙代替他入獄。皮西亞斯在達蒙即將被處決前返回，國王被他們的忠誠感動，赦免了皮西亞斯。作為英語名字，該名字從20世紀開始被定期使用。,,,,,,
男,Dan (2),,,英語、西班牙語、法語、葡萄牙語、羅馬尼亞語、捷克語、德語、瑞典語、丹麥語、挪威語,Daniel 的簡稱。,,,,,,
男女,Dana (2),,,英語,源於一個姓氏，其起源不明。最初是為了紀念美國律師理查德·亨利·達納二世（Richard Henry Dana Jr.，1815-1882），他撰寫了回憶錄《桅杆下的兩年》。,,,,,,
男,Dane,,,英語,源於英語姓氏，可能是姓氏 Dean 的變體，或者是一個指代丹麥人的民族名字。,,,,,,
女,Danette,,,英語,Daniel 的女性縮寫形式。,,,,,,
女,Dani (1),,,英語,Danielle 的縮寫形式。,,,,,,
女,Danica,,,塞爾維亞語、克羅地亞語、斯洛維尼亞語、斯洛伐克語、馬其頓語、英語,源於斯拉夫語，意為「晨星，金星」。此名字在斯拉夫民間故事中代表晨星的擬人化。自20世紀70年代以來，有時也在英語世界中使用。,,,,,,
男,Daniel,"Dan, Dannie, Danny (英語) Dan, Dany (法語) Dan (德語) Dan, Danne (瑞典語) Dan (挪威語) Dan, Danni (丹麥語) Dan (捷克語) Dan, Dani (西班牙語) Dan (葡萄牙語) Dan, Dănuț (羅馬尼亞語) Dancho (保加利亞語) Dančo (馬其頓語) Danko (克羅地亞語) Tatu (芬蘭語)",,英語、希伯來語、法語、德語、瑞典語、挪威語、丹麥語、波蘭語、捷克語、斯洛伐克語、西班牙語、葡萄牙語、加泰隆語、羅馬尼亞語、斯洛維尼亞語、保加利亞語、馬其頓語、克羅地亞語、芬蘭語、愛沙尼亞語、亞美尼亞語、格魯吉亞語、聖經、聖經希臘語,以希伯來名字 דָּנִיֵּאל (Daniyyel) 為根，意為「上帝是我的審判者」，由根源 דִּין (din) 意為「審判」和 אֵל (ʾel) 意為「上帝」組成。丹尼爾是一位希伯來先知，其故事在舊約的《丹尼爾書》中講述。他生活在巴比倫的猶太人被囚期間，在王宮中任職，因詮釋國王的夢而聲名鵲起。這本書還展示了丹尼爾關於世界末日的四個異象。由於這位聖經人物的受歡迎程度，這個名字在中世紀時期在英國開始使用。雖然到了15世紀變得罕見，但在宗教改革後又重新被採用。著名的持名者包括英國作家丹尼爾·笛福 (Daniel Defoe)（1660-1731年）、瑞士數學家丹尼爾·伯努利 (Daniel Bernoulli)（1700-1782年）和美國拓荒者丹尼爾·布恩 (Daniel Boone)（1734-1820年）。,,,,,,
女,Daniela,"Dania (義大利語) Dana (德語) Dana, Danuše, Danuška (捷克語) Dana, Danka (斯洛伐克語) Dana (羅馬尼亞語) Danna (英語)",,義大利語、德語、波蘭語、捷克語、斯洛伐克語、羅馬尼亞語、葡萄牙語、西班牙語、保加利亞語、馬其頓語、希伯來語、英語,Daniel 的女性形式。,,,,,,
女,Daniella,Danna,,英語、匈牙利語,Daniel 的女性形式。,,,,,,
女,Danielle,"Dany (法語) Dani, Danna, Danni, Dannie (英語)",,法語、英語、荷蘭語,Daniel 的法語女性形式。自20世紀起在英語世界中廣泛使用。,,,,,,
女,Danika,,,英語（現代）,Danica 的變體。,,,,,,
女,Danita,"Danie, Ita",,英語,Daniel 的女性縮寫形式。,,,,,,
女,Danna,"Danie, Na",,英語,Daniel 或 Dan 的女性形式。,,,,,,
女男,Danni,"Danie, Ni",,英語、丹麥語,Danielle（英語）或 Daniel（丹麥語）的縮寫形式。,,,,,,
男女,Dannie,"Danie, Nie",,英語,Daniel 或 Danielle 的縮寫形式。,,,,,,
男,Danny,"Danie, Ny",,英語、荷蘭語,Daniel 的縮寫形式。,,,,,,
女,Daphne,"Dapie, Hne",,希臘神話、英語、荷蘭語,在希臘語中意為「月桂」。在希臘神話中，達芙妮（Daphne）是一位水仙，她的父親為了幫助她逃避阿波羅的追求，將她變成了月桂樹。自19世紀末以來，此名字開始用作英語名字。,,,,,,
男女,Darby,,,英語,源於英語姓氏，其來源是小鎮德比（Derby）的名字。德比源於古諾斯語 djúr（動物）和 býr（農場、聚居地）。,,,,,,
女,Darcey,,,英語,Darcy 的女性變體。,,,,,,
女,Darcie,,,英語,Darcy 的女性變體。,,,,,,
女男,D'Arcy,,,英語,Darcy 的變體。,,,,,,
女男,Darcy,,,英語,源於英語姓氏，其來源是諾曼法語 d'Arcy，最初指來自法國拉芒什省阿爾西鎮的人。這是《傲慢與偏見》（1813年）中的角色費茲威廉·達西（Fitzwilliam Darcy）的姓氏。,,,,,,
男,Darden,,,英語,源於一個來源不明的英語姓氏，可能來自地名。,,,,,,
男,Darell,,,英語,Darrell 的變體。,,,,,,
男,Daren,,,英語,Darren 的變體。在美國記錄中，此形式實際出現得比 Darren 更早，但最終 Darren 更受歡迎。,,,,,,
女,Daria,,,義大利語、波蘭語、羅馬尼亞語、英語、克羅地亞語、俄語、後期羅馬語,Darius 的女性形式。聖女達莉亞（Saint Daria）是一位3世紀的女性，與她的丈夫克里桑修斯（Chrysanthus）一起在羅馬皇帝努美利安時期殉道。作為英語名字，這名字從未特別常見。而作為俄語名字，通常拼寫為 Darya。,,,,,,
男女,Darian,,,英語,可能是 Darren 的擴展形式。,,,,,,
男,Dariel,,,英語（現代）、西班牙語，尤其在加勒比地區現代用法,可能是 Darrell 的延伸形式，結尾類似聖經中的名字如 Daniel。,,,,,,
男,Darien,,,英語,Darian 的另一種拼寫形式。,,,,,,
男,Darin,,,英語,Darren 的變體。這也是歌手 Bobby Darin（1936-1973）的藝名，他的本名為 Robert Cassotto，取自一個街道標誌作為其藝名。,,,,,,
男,Darion,,,英語（現代）,Darian 的另一種變體。,,,,,,
男,Darius,,,英語、立陶宛語、羅馬尼亞語、聖經用語、聖經拉丁語、古波斯語經拉丁化,來自希臘文 Δαρεῖος（Dareios），源自古波斯文 𐎭𐎠𐎼𐎹𐎢𐏁（Darayauš），縮寫自 𐎭𐎠𐎼𐎹𐎺𐎢𐏁（Darayavauš）。其意為「擁有美德」，由 𐎭𐎠𐎼𐎹（daraya，意為「擁有、持有」）與 𐎺𐎢（vau，意為「美好」）組成。三位波斯古代國王使用過這個名字，包括將阿契美尼德帝國擴展到最大版圖的大流士一世。他的軍隊曾入侵希臘，但在馬拉松戰役中被擊敗。,,,,,,
女,Darla,,,英語,使用後綴「-la」的 Darlene 變體。,,,,,,
女,Darleen,,,英語,Darlene 的變體。,,,,,,
女,Darlene,,,英語,來自英語單字「darling（親愛的）」結合常見的名字後綴「-lene」。自 20 世紀初開始使用。,,,,,,
男,Darnell,,,英語、美國非裔用語,來自英國姓氏，該姓氏源自古法語「darnel」，意為一種草。在某些情況下，該姓氏可能來自地名，其本身源於古英語「derne（隱藏）」與「halh（角落）」。,,,,,,
男,Darrel,,,英語,Darrell 的變體。,,,,,,
男,Darrell,,,英語、美國非裔用語,來自一個英國姓氏，該姓氏源自諾曼法語「d'Airelle」，最初指代來自法國 Airelle 地區的人。作為一個名字，從 1930 年代到 1970 年代間曾經相當流行，但在 2018 年從美國男孩名字排行榜中消失。,,,,,,
男,Darren,,,英語,此名字的確切含義尚不清楚。在拼寫為 Daren 的情況下，該名字曾出現在小說家 Zane Grey 的小說《The Day of the Beast》（1922 年）中。Grey 可能基於一個罕見的愛爾蘭姓氏，或者創造了 Darrell 的變體形式。該名字在 1950 年代末因美國演員 Darren McGavin（1922-2006，本名 William Lyle Richardson）而廣為人知，並在 1960 年代因電視節目《Bewitched》中角色 Darrin Stephens 再度流行。,,,,,,
男,Darrin,,,英語,Darren 的變體。,,,,,,
男,Darryl,,,英語、美國非裔用語,Darrell 的變體。在美國，這種拼寫在 1960 年至 1966 年間比 Darrell 更受歡迎，特別是在非裔美國人社區中。,,,,,,
男,Darwin,,,英語,來自一個英國姓氏，該姓氏源自古英語名字 Deorwine。英國自然學家 Charles Darwin（1809-1882）是此姓氏的著名持有人，他首次提出了自然選擇理論，隨後徹底改變了生物學。,,,,,,
男,Daryl,,,英語,Darrell 的變體。,,,,,,
男,Dash,,,英語（現代）,可能受英語單詞「dash（奔跑、衝刺）」啟發。在某些情況下，它可以是 Dashiell 的簡稱，例如動畫電影《超人特攻隊》（2004 年）中的年輕超級英雄角色 Dash。,,,,,,
男,Dashiell,,,英語（罕見）,在美國作家 Dashiell Hammett（1894-1961）的情況下，來自其母親的姓氏，可能是法語「de Chiel」的英語化形式，其含義不詳。,,,,,,
男,Dave,,,英語,David 的簡稱。,,,,,,
女,Davena,,,英語（罕見）,Davina 的變體。,,,,,,
男,Davey,,,英語,David 的昵稱。,,,,,,
男,David,"Dave, Davey, Davie, Davy (英語) Davie (蘇格蘭語) Dai (威爾斯語)",,英語、希伯來語、法語、蘇格蘭語、威爾士語、西班牙語、葡萄牙語、加泰羅尼亞語、德語、瑞典語、挪威語、丹麥語、荷蘭語、捷克語、斯洛文尼亞語、俄語、克羅地亞語、塞爾維亞語、馬其頓語、羅馬尼亞語、聖經用語、聖經拉丁語,"源自希伯來文名 דָּוִד (Dawiḏ)，源自 דּוֹד (doḏ)，意為「摯愛的」或「叔叔」。大衛是以色列第二位也是最偉大的王，統治時期為西元前10世紀。 《舊約》中記載了關於他的幾個故事，包括他擊敗巨人非利士人歌利亞的故事。根據《新約》，耶穌是祂的後裔。
這個名字自中世紀以來就在英國使用。它在威爾士尤其流行，在那裡它被用來紀念5世紀的威爾士守護神聖（也稱為黛維）；在蘇格蘭，它由兩位國王使用。在過去的一個世紀裡，它一直是英語世界中最受歡迎的名字之一，在美國男孩名字中從未離開前30名，並在20世紀50年代和60年代在英格蘭和威爾斯名列前茅。在西班牙，它是20世紀70年代和80年代最受歡迎的男孩名字。
使用這個名字的名人包括經驗主義哲學家大衛·休謨（1711-1776）、探險家大衛·利文斯通（1813-1873）、音樂家大衛·鮑伊（1947-2016）和足球運動員大衛·貝克漢姆（1975-）。查爾斯狄更斯的半自傳小說《大衛科波菲爾》（1850）中的男主角也用了這個名字。",,,,,,
女,Davida,,,英語（罕見）,David 的女性形式。,,,,,,
男,Davie,,,英語、蘇格蘭語,David 的簡稱。,,,,,,
男,Davin,,,英語,可能是受 David 影響的 Devin 變體。,,,,,,
女,Davina,,,英語,David 的女性形式，起源於蘇格蘭。,,,,,,
女,Davinia,,,英語（罕見）、西班牙語（現代）,可能是 Davina 的延伸形式。大約在 1980 年，此名字在西班牙突然流行，可能與英國電視劇《The Foundation》（1977-1979 年）中的主角有關，該劇在西班牙被播出為《La Fundación》。,,,,,,
男,Davis,,,英語,來自一個英國姓氏，該姓氏源於名字 David。一位著名的姓氏持有人是美利堅聯盟國唯一的總統 Jefferson Davis（1808-1889）。,,,,,,
男,Davy,,,英語,David 的昵稱。,,,,,,
女,Dawn,,,英語,來自英語單詞「dawn（黎明）」，最終源於古英語「dagung」。,,,,,,
男,Dawson,,,英語,來自一個英國姓氏，意為「David 的兒子」。作為名字，它因電視劇《Dawson's Creek》（1998-2003 年）中的主角而在 1990 年代末流行。美國使用此名字的男孩數量在 1997 年到 1999 年間增加了十倍。在 2014 年，因電影《The Best of Me》中的主要角色使用此名字，再次獲得了一次流行高峰。,,,,,,
男,Dax,,,英語,來自一個英國姓氏，該姓氏可能源自法國的 Dax 小鎮，或源自古英語名字 Dæcca（意義未知）。此名字因 1966 年小說《The Adventurers》及其 1970 年的電影改編版的主角而受到關注。由於與 Max 和 Jax 等名字的相似性，它在 2010 年代變得流行。,,,,,,
男,Daxton,,,英語（現代）,Dax 的延伸形式，受 Paxton 和 Braxton 等名字的影響。,,,,,,
女,Dayna,,,英語,Dana 2 的女性變體。,,,,,,
男,Dayton,,,英語,來自一個英國姓氏，該姓氏源於地名 Deighton，意為「溝渠鎮」（古英語）。Dayton 也是美國俄亥俄州的一個城市名稱。作為名字，Dayton 在 1990 年代稍微流行，可能因為它與 Peyton 和 Clayton 等名字的發音相似。,,,,,,
男,Deacon,,,英語（現代）,來自職業姓氏 Deacon，或直接來自詞彙「deacon」（執事），該詞源於希臘文 διάκονος（diakonos），意為「僕人」。,,,,,,
男,Dean,,,英語,源自一個姓氏，參見 Dean 1 和 Dean 2。演員詹姆斯·迪恩（James Dean，1931-1955）是此姓氏的著名持有人。,,,,,,
女,Deana,,,英語,Deanna 的變體。,,,,,,
女,Deanna,,,英語,Diana 的變體，或 Dean 的女性形式。這個名字因加拿大女演員兼歌手迪安娜·德賓（Deanna Durbin，1921-2013）而普及。她的本名為 Edna，藝名是其本名字母重新排列而成。,,,,,,
女,Deanne,,,英語,Deanna 的變體。,,,,,,
女,Deb,,,英語,Deborah 的簡稱。,,,,,,
女,Debbi,,,英語,Deborah 的昵稱。,,,,,,
女,Debbie,,,英語,Deborah 的昵稱。,,,,,,
女,Debby,,,英語,Deborah 的昵稱。,,,,,,
女,Debi,,,英語,Deborah 的昵稱。,,,,,,
女,Deborah,"Deb, Debbi, Debbie, Debby, Debi",,英語、聖經用語,源於希伯來名字 דְּבוֹרָה（Devora），意為「蜜蜂」。在《舊約·士師記》中，黛博拉是一位女英雄和女先知，當以色列人受到迦南人威脅時，她領導他們。她組建了一支由巴拉克指揮的軍隊，並成功擊敗了迦南軍隊統帥西西拉。此外，在《舊約》中，這也是利百加的奶媽的名字。,,,,,,
女,Debra,,,英語,Deborah 的變體。,,,,,,
男,Declan,,,愛爾蘭語、英語,"愛爾蘭語 Deaglán（古愛爾蘭語 Declán）的英語化形式，意義未知。聖德克蘭是公元5世紀愛爾蘭德西族的傳教士，也是阿德莫爾修道院的創始人。
在美國，這個名字因電影《豺狼》（1997年）和《閏年》（2010年）中的主角而人氣飆升。",,,,,,
男,Dederick,Dirk,,古英語，過時用法,Derek 的舊形式。,,,,,,
女男,Dee,,,英語,源自以字母 D 開頭的名字的簡稱。它也可能用來指代蘇格蘭的 Dee 河。,,,,,,
女,Deeann,,,英語,Deanna 的變體。,,,,,,
女,Deedee,,,英語,最初是對以字母 D 開頭名字的暱稱。它可以拼寫為 Deedee、DeeDee 或 Dee Dee。,,,,,,
男,Deemer,,,英語（罕見）,"來自英國和蘇格蘭的姓氏，意為「法官」，源自古英語的 ""demere""。",,,,,,
女,Deena,,,英語,Deanna 的變體。,,,,,,
男,Deforest,,,英語,來自法國姓氏，意為「來自森林」。這個名字最初是為了紀念美國作家約翰·德福雷斯特（John Deforest，1826-1906）而給予的。,,,,,,
男,Deforrest,,,英語（罕見）,Deforest 的變體。,,,,,,
女,Deidra,,,英語,Deirdre 的變體。,,,,,,
女,Deidre,,,英語,Deirdre 的變體。,,,,,,
女,Deirdre,,,英語、愛爾蘭語、愛爾蘭神話,"源自古愛爾蘭語名字 Derdriu，意義不詳，可能來自 ""der"" 意為「女兒」。這是愛爾蘭傳說中一位悲劇人物的名字，她在康霍巴爾（Ulster 國王）強迫她成為他的妻子並殺死她的戀人納伊斯（Naoise）後，因心碎而死。自 20 世紀以來，這個名字才被廣泛使用，並受到兩部戲劇的影響，其中包括威廉·巴特勒·葉芝的《Deirdre》（1907年）和 J. M. 辛吉的《Deirdre of the Sorrows》（1910年）。",,,,,,
女,Deitra,,,英語（罕見）,Deirdre 的變體。,,,,,,
女,Delaney,,,英語（現代）,來自姓氏：可以是英國姓氏 Delaney 1 或愛爾蘭姓氏 Delaney 2。,,,,,,
男,Delano,,,英語,來自一個姓氏，法語記錄為 de la Noye，表示持有者來自一個名為 La Noue 的地方（最終來自高盧語，意思是「濕地，沼澤」）。此名字也用來紀念美國總統富蘭克林·德拉諾·羅斯福（Franklin Delano Roosevelt，1882-1945），他的中間名字來自母親的娘家姓。,,,,,,
男,Delbert,,,英語,Adelbert 的簡稱。作為美國名字，它最早在紐約地區由荷蘭裔居民使用。,,,,,,
女,Delia (1),,,英語、意大利語、西班牙語、羅馬尼亞語、希臘神話,在希臘語中意味著「來自德洛斯的」。這是希臘女神阿耳忒彌斯的別名，因為她和她的雙胞胎兄弟阿波羅在德洛斯島出生。這個名字出現在16世紀和17世紀的幾首詩歌中，自那時以來偶爾被用作名字。,,,,,,
女,Delia (2),,,英語,Adelia 或 Bedelia 的簡稱。,,,,,,
女,Delice,,,英語（罕見）,Delicia 的變體。,,,,,,
女,Delicia,,,英語（罕見）,"來自拉丁語 ""deliciae"" 意為「喜悅，愉快」，或是英語單字 ""delicious"" 的變體。自17世紀以來偶爾使用。",,,,,,
女,Delight,,,英語（罕見）,"來自英語單字 ""delight""，意思是「喜悅，幸福」。",,,,,,
女,Delilah,,,聖經，英語,在希伯來語中意為「嬌弱，虛弱，衰退」。在舊約中，她是參孫的情人，並背叛他將他交給非利士人，剪去了他的頭髮，這是他力量的源泉。儘管她性格有缺陷，這個名字在17世紀由清教徒使用。自那時以來，這個名字在英語世界偶爾使用。,,,,,,
男女,Dell,,,英語,來自英國姓氏，原本指住在山谷（dell）中的人。,,,,,,
女,Della,,,英語,Adela 或 Adelaide 的小名。一位著名的持有者是美國女演員及歌手 Della Reese（1931-2017）。,,,,,,
女,Delma,,,英語,可能是 Adelma 的簡稱。,,,,,,
男,Delmar,,,英語,"來自英國姓氏，源自諾曼法語 ""de la mare""，意為「來自池塘」。",,,,,,
女,Delora,"Dollie, Dolly",,英語,Dolores 的變體。,,,,,,
女,Delores,"Dollie, Dolly",,英語,Dolores 的變體。,,,,,,
女,Deloris,"Dollie, Dolly",,英語,Dolores 的變體。,,,,,,
女,Delphia,,,英語,"可能來自希臘城市 Delphi 的名字，該城市是阿波羅神的神諭所，這個名字可能與希臘語 ""δελφύς""（delphys）意為「子宮」有關。這個名字出現在1647年的戲劇《The Prophetess》中，該劇中的女主角是一位先知。",,,,,,
男,Delroy,,,英語（罕見）,可能是 Leroy 的變體。,,,,,,
女,Delta,,,英語,來自希臘字母表中的第四個字母 Δ。它也是指形成於河流入海口的三角洲。,,,,,,
女,Demelza,,,英語（英國的，罕見）,來自康沃爾地名，意為「Maeldaf 的堡壘」。自20世紀中期以來，它已被用作名字。這個名字在1970年代由英國電視劇《波達克》（Poldark）中的一個角色而受到推廣。,,,,,,
女,Demetria,Demi,,古希臘語，英語,Demetrius 的女性形式。,,,,,,
女,Demi,,,希臘語，英語（現代）,希臘語名字 Δήμη 或 Ντίμι（見 Dimi）的另一種拼寫，也是 Demetria 的簡稱。著名持有者包括美國女演員 Demi Moore（1962年生），正是因為她，這個名字在1980年代末在美國變得流行。儘管有些資料來源說 Moore 的出生名為 Demetria，但她自己表示她的出生名就是 Demi，並且是以化妝品名稱命名的。此名字在2008年之後，隨著歌手 Demi Lovato（1992年生）發行首張專輯而再度流行。Lovato 也發音不同於這位較年長的女演員，而她的出生名確實是 Demetria。,,,,,,
男,Den,,,英語,Dennis 的簡稱。,,,,,,
女,Dena,,,英語,"可能是以 ""-dena"" 結尾名字的簡稱。它也被用作 Deanna 的變體。",,,,,,
男女,Dene,,,英語（罕見）,可能是 Dean 或 Dena 的變體。,,,,,,
男,Denholm,,,英語（罕見）,來自一個姓氏，原本取自一個地名，意為「谷島」，源自古英語。,,,,,,
女,Denice,,,英語,Denise 的變體。,,,,,,
男,Denis,,,法語、俄語、英語、德語、捷克語、斯洛伐克語、斯洛文尼亞語、羅馬尼亞語、克羅地亞語、阿爾巴尼亞語,來自 Denys 或 Denis，是 Dionysius 的中世紀法語形式。聖德尼（Saint Denis）是3世紀的高盧傳教士，巴黎的第一任主教。他被斬首後，傳說中他撿起自己的頭顱並在行走的過程中講道。他被認為是法國的守護聖人，並且對高盧地區的基督教傳播有重大貢獻。,,,,,,
女,Denise,,,法語、英語、荷蘭語,Denis 的法語女性形式。,,,,,,
男,Dennis,,,英語、德語、荷蘭語,Denis 在英語、德語和荷蘭語中的常用形式。,,,,,,
男,Denny,,,英語,Dennis 的小名。,,,,,,
男,Denton,,,英語,來自姓氏，最初來自一個地名，意味著「谷城」，源自古英語。,,,,,,
男女,Denver,,,英語,來自英國姓氏，源自一個地名，意味著「丹麥人的渡口」，源自古英語。這也是科羅拉多州首府城市的名稱，該城市是以政治人物 James W. Denver（1817-1892）的名字命名的。,,,,,,
男,Denzel,,,英語（現代）,可能是 Denzil 的變體。這個名字因美國演員 Denzel Washington（1954年生）而流行開來，他以父親命名。,,,,,,
男,Denzil,,,英語,來自一個姓氏，最初指代來自康沃爾 Denzell 府邸的人。這個名字在16世紀由貴族 Holles 家族的多位成員使用，特別是政治家 Denzil Holles（1599-1680）。他們是以 John Denzel 命名的，這位祖先的家位於 Denzell。,,,,,,
男,Deon,,,英語，非裔美國人,Dion 的變體。,,,,,,
女,Deonne,,,英語（罕見）,Dionne 的變體。,,,,,,
男女,Derby,,,英語（罕見）,來自英國姓氏，這是一個 Darby 的變體。,,,,,,
男,Derek,,,英語,來自舊英語名字 Dederick，它源自低德語形式的 Theodoric。這個名字在15世紀由低地國家引入英格蘭。,,,,,,
男,Derick,,,英語,Derek 的變體。,,,,,,
男,Derren,,,英語（罕見）,Darren 的變體。,,,,,,
男,Derrick,,,英語,Derek 的變體。,,,,,,
男,Derryl,,,英語（罕見）,Darrell 的變體。,,,,,,
男,Deryck,,,英語（罕見）,Derek 的變體。,,,,,,
男,Des,,,英語,Desmond 的簡稱。,,,,,,
男女,Desi,,,英語,Desmond、Desiree 和其他以相似音開頭的名字的小名。對於音樂家和演員 Desi Arnaz（1917-1986）來說，它是 Desiderio 的小名。,,,,,,
女,Desirae,,,英語（現代）,Desiree 的變體。,,,,,,
女,Desiree,,,英語,來自法語名字 Désirée。它在英語世界中由電影《Désirée》（1954年）而受到推廣。,,,,,,
男,Desmond,"Des, Desi, Dezi (英語) Dessie (愛爾蘭語)",,英語、愛爾蘭語,愛爾蘭名字 Deasmhumhain 的英語化形式，意為「南穆恩斯特」，指的是愛爾蘭南部的 Desmond 地區，曾經是一個王國。它也可以來自相關的姓氏（Ó Deasmhumhnaigh 的英語化形式），表示來自該地區的人。著名人物包括南非的主教和活動家 Desmond Tutu（1931-2021）。,,,,,,
女,Destinee,,,英語（現代）,Destiny 的變體。,,,,,,
女,Destiny,,,英語,簡單意指「命運，天命」，來自英語單字，最終源自拉丁語 destinare，意思是「確定」，而其派生自 stare，意指「站立」。這個名字自20世紀下半葉以來在英語世界才開始作為名字使用。,,,,,,
女,Detta,,,英語（罕見）,"來自以 ""-detta"" 結尾名字的簡稱。",,,,,,
男女,Devan,,,英語（現代）,Devin 的變體。,,,,,,
男女,Deven,,,英語（現代）,Devin 的變體。,,,,,,
男,Devereux,,,英語（罕見）,來自一個英國姓氏，源自諾曼法語，意為「來自 Evreux」。Evreux 是法國的一個城市。,,,,,,
男女,Devin,,,英語,來自姓氏，可能來自愛爾蘭姓氏 Devin 1 或英國姓氏 Devin 2。,,,,,,
男女,Devon,,,英語,Devin 的變體。它也可能部分受到英格蘭德文郡（Devon）名稱的啟發，該名稱來自凱爾特部落 Dumnonii。,,,,,,
女男,Devyn,,,英語（現代）,Devin 的變體。,,,,,,
男,Dewayne,,,英語,Duane 的變體，拼寫改動源自 Wayne 的影響。這個名字有時也拼作 Dewayne 或在第三個字母大寫的形式為 DeWayne。,,,,,,
男,Dewey,,,英語,可能是 Dewi 1 的變體。,,,,,,
男,Dex,,,英語,Dexter 的簡稱。,,,,,,
男,Dexter,Dex,,英語,來自職業姓氏，意味著「染色者」，源自古英語。它也恰好與拉丁語單詞 dexter 意為「右手的、熟練的」相同。,,,,,,
男女,Dezi,,,英語（罕見）,Desmond 和其他以類似音開頭名字的小名。,,,,,,
女,Deziree,"Desi, Dezi",,英語（罕見）,Désirée 的變體。,,,,,,
女,Di,,,英語,Diana 的簡稱。,,,,,,
女,Diamond,,,英語（罕見）、非裔美國人（現代）,來自英語單字 diamond，意指「鑽石」，是四月的傳統出生石。這個詞源自晚期拉丁語 diamas，來自拉丁語 adamas，源自希臘語，意為「無法征服的，不可打破的」。,,,,,,
女,Diana,Di,,英語、西班牙語、意大利語、葡萄牙語、羅馬尼亞語、加泰隆語、德語、荷蘭語、丹麥語、瑞典語、挪威語、俄語、烏克蘭語、保加利亞語、愛沙尼亞語、立陶宛語、波蘭語、捷克語、斯洛伐克語、亞美尼亞語、喬治亞語，羅馬神話,意為「神聖的，像女神般」，是拉丁語 dia 或 diva（意為「女神」）的衍生詞。最終與希臘神祇宙斯（Zeus）同源，源於印歐語根 *dyew-。Diana 是羅馬月亮女神、狩獵女神、森林女神及分娩女神，通常與希臘女神阿耳忒彌斯（Artemis）相對應。,,,,,,
女,Diane,Di,,法語，英語,Diana 的法語形式，在英語世界中也常見。,,,,,,
女,Diann,Di,,英語,Diane 的變體。,,,,,,
女,Dianna,Di,,英語,Diana 的變體。,,,,,,
女,Dianne,Di,,英語,Diane 的變體。,,,,,,
女,Diantha,,,荷蘭語，英語（罕見）,來自 dianthus，指一種花的名稱（最終源自希臘語，意為「天上的花」）。,,,,,,
男,Dick (1),,,英語,Richard 的中世紀簡稱。據說，最初的音變源自諾曼德語中的捲舌音「R」，被英語發音改變。,,,,,,
男,Digby,,,英語（罕見）,來自一個英國姓氏，源自一個地名，結合了古英語 dic（意為「堤壩，壕溝」）和古諾斯語 byr（意為「農場，城鎮」）。,,,,,,
男,Diggory,,,英語（罕見）,可能是 Degaré 的英語化形式。Sir Degaré 是一首設於布列塔尼的中世紀詩篇中的人物。這個名字可能來自法語 égaré，意為「迷失者」。,,,,,,
男,Dillan,,,英語（現代）,Dylan 的變體。,,,,,,
男,Dillon,,,英語,基於姓氏 Dillon 的拼寫，作為 Dylan 的變體，兩者來源不同。,,,,,,
女,Dina (2),,,意大利語，葡萄牙語，西班牙語，荷蘭語，英語,"以 ""-dina"" 結尾名字的簡稱，如 Bernardina 或 Ondina。作為英語名字時，也可視為 Deanna 的變體。",,,,,,
女,Dinah,,,聖經，英語,來自希伯來語，意為「被審判」，源自 דִּין（din），意為「審判」。根據舊約故事，Dinah 是雅各和利亞的女兒，曾被示劍綁架。自新教改革後，它便被用作英語名字。,,,,,,
男,Dion,,,古希臘語，英語,來自希臘語元素 Διός（Dios），意為「宙斯之子」。這是公元前4世紀的西拉古斯暴君的名字。自20世紀中期以來，它作為美國的名字使用。,,,,,,
女,Dione (2),,,英語,Dion 的女性形式。,,,,,,
女,Dionne,,,英語,Dion 的女性形式。,,,,,,
女男,Dior,,,英語（現代）,來自法國姓氏，可能源自 doré，意為「金色的」。作為名字，它受到法國奢華時尚品牌 Dior（由設計師克里斯汀·迪奧創立）啟發。,,,,,,
男,Dirk,,,荷蘭語，低德語，德語，英語,荷蘭語和低德語形式的 Diederik。這個名字由數位弗里西亞和荷蘭的伯爵所使用，最早可追溯至10世紀。它因英國演員 Dirk Bogarde（1921-1999）而受到推廣，該演員有荷蘭血統。此名稱也是蘇格蘭語中的匕首名稱。,,,,,,
f,Dixie,,,英語,來自指代美國南部的術語，首次出現在丹尼爾·D·艾梅特於1859年創作的歌曲《Dixie》中。此術語可能源自法語 dix（意為「十」），該詞出現在新奧爾良銀行發行的十美元鈔票上。也可能來自 Mason-Dixon 線，賓夕法尼亞州和馬里蘭州的邊界。,,,,,,
男,Dixon,,,英語,來自英國姓氏，意指「Dick 的兒子」。,,,,,,
男,Dizzy,,,英語,來自英語單字，意指「暈眩，頭暈，失衡」。這通常是一個暱稱，可能因為各種原因而被採用。著名的使用者包括美國爵士小號手 Dizzy Gillespie（1917-1993），他的真實名字是 John。,,,,,,
女,Docia,,,英語（古語）,可能是 Theodosia 的暱稱形式。,,,,,,
女,Dobie,,,英語,Dorothy 的暱稱形式。,,,,,,
女,Dollie,,,英語,Dolly 的變體。,,,,,,
女,Dolly,,,英語,"Dorothy 的暱稱。從 16 世紀開始就使用 Doll 和 Dolly 作為 Dorothy 的簡稱，英語中表示玩偶的單字 ""doll"" 就是源自這些暱稱。現代有時也作為 Dolores 的暱稱。",,,,,,
女,Dolores,"Lola, Lolita（西班牙文） Dollie, Dolly, Lola（英文）",,西班牙語、英語,意為「悲傷」，源自聖母瑪利亞的頭銜「Nuestra Señora de los Dolores（悲傷之母）」。自 19 世紀起在英語世界中開始使用，1920 至 1930 年代在美國特別流行。,,,,,,
男,Dolph,,,英語,Adolph 的簡稱。,,,,,,
男,Dom,,,英語,Dominic 的簡稱。,,,,,,
男,Dominic,"Dom, Nic",,英語,源自拉丁語 Dominicus，意思是「屬於主的」。傳統上用於主日出生的孩子。數位聖人使用此名，其中包括 13 世紀創立道明會的聖道明。此名在英國大約從 13 世紀開始使用，在天主教社群中特別普遍。,,,,,,
女,Dominica,Nica,,英語（罕見）、晚期拉丁語,Dominic 的女性形式。,,,,,,
男,Dominick,"Dom, Nic",,英語,Dominic 的變體。,,,,,,
男,Don,,,英語,Donald 的簡稱。,,,,,,
女,Dona,,,英語,Donna 的變體。,,,,,,
男,Donald,"Don, Donnie, Donny",,蘇格蘭語、英語,來自蘇格蘭蓋爾語 Dòmhnall，意思是「世界的統治者」，由古愛爾蘭語 domun（世界）和 fal（統治）組成。9 世紀有兩位蘇格蘭與皮克特人的國王使用此名。在蘇格蘭非常流行，20 世紀在英語世界廣泛使用。知名使用者包括迪士尼人物唐老鴨（Donald Duck）、澳洲板球名將 Donald Bradman、美國前總統 Donald Trump。,,,,,,
女,Donelle,,,英語（罕見）,Don 的女性形式。,,,,,,
女,Donna,,,英語,來自義大利語 donna，意為「女士」。也可作為 Donald 的女性形式。,,,,,,
男,Donnie,,,英語,Donald 的暱稱。,,,,,,
男,Donny,,,英語,Donald 的暱稱。,,,,,,
男,Donovan,"Donnie, Donny",,英語,源自愛爾蘭姓氏，是 Ó Donndubháin 的英語化形式，意為 Donndubán 的後代。Donndubán 是一個古愛爾蘭名字。知名人物為蘇格蘭民謠歌手 Donovan Leitch（1946年生）。,,,,,,
女,Dora,,,義大利語、西班牙語、葡萄牙語、希臘語、克羅埃西亞語、塞爾維亞語、保加利亞語、英語、德語、荷蘭語,Dorothy、Theodora 或 Isidora 的簡稱。,,,,,,
男,Doran,,,英語（罕見）,源自愛爾蘭姓氏，是 Ó Deoradháin 的英語化形式，來自暱稱 Deoradhán，意思是「流亡者、流浪者」，加上指小字尾。,,,,,,
女,Dorcas,,,聖經名、英語（非洲）,源自希臘語 δορκάς（dorkas），意為「羚羊」。是新約中 Tabitha 的希臘文翻譯（參見《使徒行傳》9:36）。目前在英語系非洲地區最常見。,,,,,,
女,Dorean,,,英語,Doreen 的變體。,,,,,,
女,Doreen,Dory,,英語,由 Dora 加上字尾 een 組成。此名在 19 世紀出現，並由小說家 Edna Lyall 在其小說《Doreen》（1894年）中使用。,,,,,,
女,Doretta,Dora,,英語、義大利語,Dora 的指小形式。,,,,,,
女,Doria,Dory,,英語（罕見）,可能是 Dorian 的女性形式，或是 Dora 的延伸形式。,,,,,,
男,Dorian,Dory,,英語、法語、羅馬尼亞語、波蘭語,最初由奧斯卡·王爾德於其小說《浮士德的畫像》（1891年）中使用。故事描述畫像會老化但人不會。名字可能來自古希臘部族 Dorian。,,,,,,
女,Dorinda,Dory,,英語、加利西亞語,由 Dora 加上字尾 inda 組成。據信由英國作家 John Dryden 和 William D'Avenant 為 1667 年的劇作《魔法島》所創。在該劇中，Dorinda 是米蘭達（Miranda）的妹妹。,,,,,,
女,Dorine,Dory,,英語,Doreen 的變體。,,,,,,
女,Doris,Dory,,英語、德語、瑞典語、丹麥語、克羅埃西亞語、西班牙語、古希臘語、希臘神話,來自希臘語 Δωρίς（Doris），意為「多利安女子」。多利安人是西元前 12 世紀佔領伯羅奔尼撒的希臘部族。神話中 Doris 是海神 Oceanus 和 Tethys 的女兒之一。19 世紀起成為英語名字。知名人物如女演員 Doris Day（1924–2019）。,,,,,,
女,Dorothea,"Dora, Thea（德語） Dora（荷蘭語） Dee, Dodie, Dolly, Dora, Dory, Dot, Dottie, Dotty, Thea（英語）",,德語、荷蘭語、英語、古希臘語,希臘名 Δωρόθεος（Dorotheos）的女性形式，意為「神的禮物」，由 δῶρον（禮物）和 θεός（神）構成。與 Theodore 同源但順序相反。兩位早期聖人使用此名，包括 4 世紀的凱撒利亞聖多蘿西亞，以及 14 世紀的蒙陶聖多蘿西亞。,,,,,,
女,Dorothy,"Dee, Dodie, Dollie, Dolly, Dora, Dorean, Doreen, Doretta, Dorinda, Dorine, Dory, Dot, Dottie, Dotty, Thea",,英語,Dorothea 的常見英語形式，自 16 世紀起使用。小說家 L·法蘭克·鮑姆於1900年小說《綠野仙蹤》中使用此名，主角為 Dorothy Gale。,,,,,,
女,Dorris,Dory,,英語,Doris 的變體。,,,,,,
女,Dortha,"Dee, Dodie, Dollie, Dolly, Dora, Dorean, Doreen, Doretta, Dorinda, Dorine, Dory, Dot, Dottie, Dotty",,英語,Dorothy 的變體。,,,,,,
女,Dorthy,"Dee, Dodie, Dollie, Dolly, Dora, Dorean, Doreen, Doretta, Dorinda, Dorine, Dory, Dot, Dottie, Dotty",,英語,Dorothy 的變體。,,,,,,
女,Dory,,,英語,Dorothy 或 Doris 的暱稱。這也是動畫電影《海底總動員》（2003）中一條魚的名字。,,,,,,
女,Dot,,,英語,Dorothy 的暱稱。,,,,,,
女,Dottie,,,英語,Dorothy 的暱稱。,,,,,,
女,Dotty,,,英語,Dorothy 的暱稱。,,,,,,
男,Doug,"Dougy, Dougie",,英語,Douglas 的簡稱。,,,,,,
男,Dougie,,,英語,Douglas 的簡稱。,,,,,,
男,Douglas,"Doug, Dougie",,蘇格蘭、英語,來自蘭納克郡一個城鎮的蘇格蘭姓氏，該地以道格拉斯河（Douglas Water）命名。此河名源自蓋爾語 dubh「黑暗」和 glais「水、河流」（與 glas「灰色、綠色」相關的古語）。這是低地蘇格蘭的一個氏族，中世紀時其族長為強大的伯爵。蓋爾語形式為 Dùghlas 或 Dùbhghlas。自16世紀起用作名字。,,,,,,
男,Douglass,"Doug, Dougie",,英語,Douglas 的變體。,,,,,,
女,Dove,,,英語,來自英語單詞「鴿子」，象徵和平。,,,,,,
男,Doyle,,,英語,"來自愛爾蘭姓氏，為 Ó Dubhghaill 的英語化形式，源自名字 Dubhghall。著名姓氏持有者包括《福爾摩斯探案》的作者亞瑟・柯南・道爾（Arthur Conan Doyle, 1859–1930）。",,,,,,
男,Drake,,,英語,"來自英語姓氏，源於古諾斯語綽號 Draki 或古英語 Draca，意為「龍」，透過拉丁文源自希臘語 drakon「龍、蛇」。也與英語單詞 drake「公鴨」不相關但發音相同。著名人物為加拿大歌手兼演員德瑞克（Drake, 1986–），原名奧布瑞・德瑞克・格雷厄姆（Aubrey Drake Graham）。",,,,,,
男,Dre,,,英語,安德烈（Andre）的簡稱。著名人物為音樂人 Dr. Dre（1965–），本名安德烈・楊（Andre Young）。,,,,,,
女,Drea,,,英語,安德莉亞（Andrea）的暱稱。,,,,,,
女,Dream,,,現代英語,來自英語單詞「夢」，指睡眠中的幻象或希望與願望。,,,,,,
女,Dreda,,,古英語,伊瑟爾德麗達（Etheldreda）的簡稱。,,,,,,
男,Drew,,,英語,Andrew 的簡稱。,,,,,,
女,Drina,,,罕見英語,愛德莉安娜（Adriana）或亞歷山德麗娜（Alexandrina）的暱稱。,,,,,,
男,Driscoll,,,罕見英語,來自愛爾蘭姓氏，為 Ó hEidirsceóil 的英語化形式，意為「使者的後代」。,,,,,,
男,Driskoll,,,罕見英語,Driscoll 的變體。,,,,,,
男,Drogo,,,古英語,諾曼名字，可能源自哥德語 dragan「攜帶、拖拉」或古撒克遜語 drog「幽靈、幻覺」，也可能與斯拉夫語元素 dorgŭ「珍貴、親愛」有關。諾曼人將此名帶入英格蘭。,,,,,,
男,Drummond,,,罕見英語,來自蘇格蘭姓氏，源自地名，而地名則來自蓋爾語 druim「山脊」。,,,,,,
女,Duana,,,罕見英語,Duane 的女性形式。,,,,,,
男,Duane,,,英語,來自愛爾蘭姓氏，為 Ó Dubháin 的英語化形式，源自名字 Dubhán。20世紀初於美國開始使用。2002年最後一次出現在前1000名中，變體 Dwayne 流行稍久。,,,,,,
男,Dudley,,,英語,來自姓氏，原為地名，意為「Dudda 的林地空地」。此姓氏由英國貴族家族持有。,,,,,,
男,Duff,,,罕見英語,來自蘇格蘭或愛爾蘭姓氏，為蓋爾語 dubh「黑暗」的英語化拼寫。,,,,,,
男,Duke,,,英語,來自貴族頭銜「公爵」，源自拉丁語 dux，意為「領袖」。,,,,,,
女,Dulcibella,,,古英語,來自拉丁語 dulcis「甜」和 bella「美麗」。中世紀常見拼法為 Dowsabel，18世紀重新拉丁化為 Dulcibella。,,,,,,
女,Dulcie,,,英語,來自拉丁語 dulcis「甜美」。中古時期拼法為 Dowse 與 Duce，19世紀重新使用。,,,,,,
男,Duncan,,,蘇格蘭、英語,蘇格蘭蓋爾語名 Donnchadh 的英語化形式，源自古愛爾蘭語 donn「棕色」與 cath「戰爭」。蘇格蘭兩位國王使用此名，其中一位出現在莎士比亞的《馬克白》（1606）中。,,,,,,
男,Dunstan,,,罕見英語、盎格魯-撒克遜,來自古英語元素 dunn「黑暗」和 stan「石頭」。10世紀坎特伯里大主教聖人使用此名。中世紀偶有使用，16世紀後式微，19世紀由牛津運動復興。,,,,,,
男,Durward,,,英語,來自職業姓氏，意為「守門人」，源自中古英語。,,,,,,
男,Dustin,Dusty,,英語,"來自英語姓氏 Dustin，源於古諾斯語名字 Þórsteinn（參見 Torsten）。演員達斯汀・霍夫曼（Dustin Hof女男an, 1937–）使其廣為人知，他的名字來自早期無聲電影明星達斯汀・法納姆（Dustin Farnum, 1874–1929）。",,,,,,
男女,Dusty,,,,來自原先給看起來灰塵多的人取的綽號，也為 Dustin 的暱稱。英國歌手 Dusty Springfield（1939–1999）自幼得此暱稱。,,,,,,
男,Dutch,,,英語,源自給德裔美國人取的綽號，今常指荷蘭人。與德語 deutsch「德國的」有關。,,,,,,
男,Dwain,,,英語,Duane 的變體。,,,,,,
男,Dwaine,,,英語,Duane 的變體。,,,,,,
男,Dwayne,,,英語,Duane 的變體，拼法受 Wayne 影響。著名人物為演員兼前摔角手 Dwayne Johnson（1972–），藝名「巨石強森」。,,,,,,
男,Dwight,,,英語,"來自英語姓氏，源於中世紀女性名字 Diot，是 Dionysia 的暱稱，為 Dionysius 的女性形式。在美國有時為紀念耶魯大學校長 Timothy Dwight（1752–1817）而命名。著名人物為美國總統艾森豪（Dwight D. Eisenhower, 1890–1969）。",,,,,,
女,Dyan,,,英語,Diane 的變體。,,,,,,
男,Dylan,,,威爾斯語、英語、威爾斯神話,源自威爾斯語前綴dy，意為“到，朝向”，llanw，意為“潮汐，流動”。根據馬比諾基第四支系的記載，迪倫是阿里安羅德的兒子，也是Lleu Llaw Gyffes的雙胞胎兄弟。他受洗後立即前往大海，在那裡他能像魚一樣游泳。後來他被叔叔Gofannon意外殺害。一些理論認為，這個角色可能源自於一位更早的、未經證實的凱爾特海神。著名的迪倫·托馬斯（1914-1953）和美國音樂家鮑勃·迪倫（1941-），他的本名是羅伯特·齊默爾曼，他的藝名取自詩人的名字。由於這兩位迪倫·托馬斯的傳承，這個名字的使用在20世紀後半葉傳播到了威爾斯以外。由於電視連續劇《飛越比佛利》中的一個角色，它在 20 世紀 90 年代進一步受到歡迎。,,,,,,
男,Dyson,,,罕見英語,來自英語姓氏，意為「Dye 的兒子」。作為名字可能受相似音名如 Bryson 和 Tyson 的影響。,,,,,,
E,,,,,,,,,,,
男,Earl,,,英語,來自貴族頭銜「伯爵」，源自古英語 eorl，意思為「貴族、戰士」。19世紀起用作名字。,,,,,,
男,Earle,,,英語,Earl 的變體。,,,,,,
女,Earleen,,,罕見英語,Earl 的女性形式。,,,,,,
女,Earlene,,,英語,Earl 的女性形式。,,,,,,
女,Earline,,,英語,Earl 的女性形式。,,,,,,
男,Earnest,"Ern, Ernie",,英語,Ernest 的變體，拼法受英語單字 earnest（認真）影響。,,,,,,
女,Earnestine,,,英語,Ernestine 的變體。,,,,,,
女,Eartha,,,英語,由英文單字earth與女性名字字尾a組合而成。該詞曾用於紀念非裔美國慈善家Eartha M. M. White（1876-1974）。另一位著名的Eartha Kitt是美國歌手兼演員，1927-2008。,,,,,,
女,Easter,,,英語,來自基督教復活節名稱，該節日名稱源自日耳曼春神 Eostre。傳統上賦予復活節出生的孩子，現今少見。,,,,,,
男,Easton,,,現代英語,源自姓氏，意為「東方小鎮」，來自古英語。,,,,,,
女,Ebba,,,罕見英語,源自古英語名字 Æbbe，意義不明，可能是較長名字的簡化形式。曾為聖女與修道院創辦人之名。,,,,,,
男,Eben,,,英語,Ebenezer 的簡稱。,,,,,,
男,Ebenezer,Eben,,英語、文學,源自《聖經》撒母耳所立的石碑，來自希伯來語 אֶבֶן הָעָזֶר（Even Haʿezer），意為「幫助之石」。狄更斯在小說《聖誕頌歌》中使用於守財奴角色 Ebenezer Scrooge。,,,,,,
男,Ed,,,英語、荷蘭文,Edward、Edmund 等以 Ed 開頭名字的簡稱。,,,,,,
男,Edd,,,英語,Ed 的變體。,,,,,,
男女,Eddie,,,英語,Edward、Edmund 等名字的暱稱。,,,,,,
m,Eddy,,,英語、法文、荷蘭文,Eddie 的拼法變體。著名人物包括比利時自行車手艾迪・莫克斯（Eddy Merckx）。,,,,,,
女男,Eden,,,希伯來語、英語、法文,源自《聖經》伊甸園地名，可能來自希伯來語 עֵדֶן（ʿeden），意為「快樂、喜悅」，或蘇美語 edin「平原」。,,,,,,
男,Edgar,"Ed, Eddie, Eddy",,英語、法文、葡萄牙文、德文,源自古英語元素 ead「財富」與 gar「矛」。英格蘭10世紀國王曾使用此名。著名人物包括愛倫坡（Edgar Allan Poe）。,,,,,,
女,Edie,,,英語,Edith 的暱稱。,,,,,,
男,Edison,,,英語、葡萄牙文（巴西）、西班牙文、阿爾巴尼亞文,源自姓氏，意為「Eda 或 Adam 之子」。著名人物為發明家愛迪生（Thomas Edison）。,,,,,,
女,Edith,Edie（英語） Ditte（丹麥語）,,英語、德文、北歐語系,源自古英語 Eadgyð，意為「財富與戰爭」。中古英格蘭王室常用名，19世紀重新流行。,,,,,,
女,Editha,Edie,,德文、英語，罕見,Edith 的拉丁語化形式。,,,,,,
男,Edmund,"Ed, Eddie, Eddy, Ned",,英語、德文、波蘭文,意為「富有的守護者」，來自 ead「財富」與 mund「保護」。為英國聖王與諸位貴族所用名。,,,,,,
女,Edna,,,英語、希伯來語、聖經,意為「喜悅」，來自希伯來語 עָדַן（ʿaḏan）。19世紀後半因小說《聖埃爾摩》而流行。,,,,,,
男,Edric,,,罕見英語,源自古英語元素 ead（財富、運氣）和 ric（統治者、國王）。諾曼征服後，這個古英語名稱已不常用。在現代，它偶爾會復興。,,,,,,
男,Edward,"Ed, Edd, Eddie, Eddy, Ned, Ted, Teddie, Teddy",,英語、波蘭文,意為「富有的守衛」，來自古英語 ead 和 weard。多位英王使用此名，最著名者為聖愛德華（Edward the Confessor）。,,,,,,
女,Edweena,Eddie,,罕見英語,Edwina 的變體。,,,,,,
女,Edwena,Eddie,,罕見英語,Edwina 的變體。,,,,,,
男,Edwin,"Ed, Eddie, Eddy",,英語、荷蘭文,意為“富有的朋友”，源自古英語元素，例如“財富、運氣”和“葡萄酒之友”。這是7世紀諾森布里亞一位國王的名字，他被視為聖人。諾曼征服後，這個名字並不流行，但最終在19世紀重新流行起來。一位著名的太空人埃德溫·奧爾德林（1930-），又名巴茲（Buzz），是第二位登上月球的人。,,,,,,
女,Edwina,Eddie,,英語,Edwin 的女性形式,,,,,,
男,Edwyn,"Ed, Eddie, Eddy",,罕見英語,Edwin 的變體。,,,,,,
女,Edwyna,Eddie,,罕見英語,Edwina 的變體。,,,,,,
女,Edytha,Edie,,罕見英語,Edith 的延伸形式。,,,,,,
女,Edythe,Edie,,英語,Edith 的變體。,,,,,,
女,Effie,,,英語、蘇格蘭,Euphemia 的暱稱。在蘇格蘭亦為 Oighrig 的英語化形式。,,,,,,
男,Egbert,,,英語、荷蘭文,意為“明亮的刀刃”，源自古英語元素ecg（邊緣、刀刃）和beorht（明亮的）。這是肯特郡和威塞克斯郡國王的名字，也是兩位英國聖徒的名字。諾曼征服後，該名稱很少使用，但在19世紀重新流行。,,,,,,
女,Eglantine,,,罕見英語,來自「玫瑰蔷薇」之英語名稱，源自古法語與俗拉丁語 aquilentum，意為「多刺的」。14世紀喬叟作品中出現。,,,,,,
女男,Egypt,,,現代英語,源自北非國家埃及的名字，源自於希臘語 Αἴγυπτος (Aigyptos)，其本身可能源自埃及語 ḥwt-kꜣ-ptḥ，意為“普塔靈魂之家”，是孟菲斯供奉普塔神廟的名字。,,,,,,
男,Ehan,,,阿拉伯語,意思是「滿月」或「預期」。,,,,,,
女,Eileen,"Eilie, Een",,愛爾蘭語、英語、罕見英語,愛爾蘭名 Eibhlín 的英語化形式，有時也視為 Helen 的變體。19世紀末在英語國家開始流行。,,,,,,
女,Eireen,,,罕見英語,Irene 的變體。,,,,,,
男,Eithan,,,現代英語、希伯來語、罕見英語,Ethan 或 Eitan 的變體。,,,,,,
女,Elaina,"Lainey, Laney",,英語,Elaine 的變體。,,,,,,
女,Elaine,"Lainey, Laney",,英語，亞瑟王相關,源自古法語“Helen”（海倫）。它出現在亞瑟王傳奇中；在托馬斯·馬洛禮15世紀的彙編《亞瑟王之死》中，伊蓮是佩爾斯之女、蘭斯洛特的情人，也是加拉哈德的母親。直到阿爾弗雷德·丁尼生的亞瑟王史詩《國王的田園詩》（1859年）出版後，它才被廣泛用作英語名字。,,,,,,
男,Eldon,,,英語,源自姓氏，意為「艾拉（Ella）的山丘」。,,,,,,
男,Eldred,,,英語,源自姓氏，來源為古英語名 Ealdræd。,,,,,,
女,Elea,,,英語,Eleanor 的簡稱。亦為古義大利城鎮名（現今 Velia），該地以哲學家巴門尼德斯與學生芝諾命名。,,,,,,
女,Eleanor,"Elea, Ella, Elle, Ellie, Elly, Lenora, Lenore, Nell, Nelle, Nellie, Nelly, Nonie, Nora, Norah, Leanora",,英語,源自奧克語名稱 Alienòr 的古法文形式。最早使用這個名字的人之一是相當有影響力的阿基坦的埃莉諾（12 世紀），她是法國國王路易七世和後來的英格蘭國王亨利二世的王后。她以母親的名字 Aenor 命名，奧克語中用 alia Aenor 稱呼她為“另一個 Aenor”，以區別於她的母親。然而，在阿基坦的埃莉諾之前似乎也有一些使用這個名字的人。目前尚不清楚他們是否實際上是被追溯記錄為使用 Eleanor 這個名字的 Aenor，或者是否有其他關於這個名字起源的解釋。埃莉諾 (Eleanor) 這個名字在中世紀的英格蘭之所以流行，是因為阿基坦的埃莉諾 (Eleanor of Provence) 和愛德華一世的妻子卡斯蒂利亞的埃莉諾 (Eleanor of Castile)。近代，美國總統富蘭克林·羅斯福 (Franklin Roosevelt) 的妻子、第一夫人埃莉諾·羅斯福 (Eleanor Roosevelt，1884-1962) 也使用了這個名字。,,,,,,
女,Eleanora,"Elea, Ella, Elle, Ellie, Elly, Lenora, Lenore, Nell, Nelle, Nellie, Nelly, Nonie, Nora, Norah, Leanora",,英語,Eleanor 的拉丁化形式。,,,,,,
女,Eleanore,"Elea, Ella, Elle, Ellie, Elly, Lenora, Lenore, Nell, Nelle, Nellie, Nelly, Nonie, Nora, Norah, Leanora",,英語,Eleanor 的變體。,,,,,,
女,Elena,"Ilinca, Lenuța (羅馬尼亞語) Alena, Lenka (斯洛伐克語) Alena, Helenka, Lenka (捷克語) Heli, Leena (愛沙尼亞語) Ella, Heli, Leena, Lena (芬蘭語) Aliona, Alyona, Alyonka, Lena (俄語) Lena (希臘語) Alena, Ella, Hella, Lena, Lene, Leni (德語) Ella, Elle, Ellie, Elly, Lena, Nell (英語)",,多國使用,Helen 的多語形式，也作為俄文名 Елена（Yelena）的拼音。,,,,,,
女,Elenora,"Elea, Ella, Elle, Ellie, Elly, Lenora, Lenore, Nell, Nelle, Nellie, Nelly, Nonie, Nora, Norah, Leanora",,英語,Eleanor 的另一變體。,,,,,,
女,Elfleda,,,英語（古語）,Elfleda 是古英語名稱 Æðelflæd 和 Ælfflæd 的中世紀英語形式。諾曼征服後，這些名稱變得稀少，但 Elfleda 在 19 世紀曾短暫復興。,,,,,,
女,Elfreda,Frieda,,英語,古英語名字Ælfþryð的中世紀英語形式，意為“精靈的力量”，源自於元素ælf（精靈）與þryþ（力量）的組合。 Ælfþryð在盎格魯撒克遜貴族中很常見，例如國王埃德爾雷德（Æðelræd the Unready）的母親就叫這個名字。諾曼征服後，這個名字很少見，但在19世紀又重新流行起來。,,,,,,
女,Elfrida,,,罕見英語,艾爾弗雷達 (Elfreda) 的變體。,,,,,,
女,Elfrieda,,,英語,艾爾弗雷達 (Elfreda) 的變體。,,,,,,
男,Eli ,,,聖經名,希伯來文意為“升天”，源自עָלָה (ʿala)，意為“升天”。在《舊約撒母耳記》中，他是一位以色列人的大祭司。他收留年幼的撒母耳，並在上帝與他交談時給予他指引。由於他兒子的罪孽，以利和他的後代被詛咒，未老先死。自新教改革以來，以利一直被用作英國基督徒的名字。一位著名的以利的傳承者是軋棉機的發明者、美國人伊萊·惠特尼（1765-1825）。,,,,,,
女,Eliana (1),義大利語、西班牙語、葡萄牙語、英語（現代）,,義大利語、西班牙語、葡萄牙語、現代英語,Éliane 的形式。,,,,,,
女,Eliana (2),,,希伯來語,希伯來文意為「我的上帝已回應」。,,,,,,
女,Elianna,Liana 莉安娜（義大利語）,,現代英語,Eliana 的變體。,,,,,,
男,Elias,Lias 萊阿斯（瑞典語）,,葡萄牙語、德語、瑞典語、挪威語、丹麥語、芬蘭語、英語、荷蘭語、希臘語、阿姆哈拉語、聖經語、聖經拉丁語、聖經希臘語,Elijah 的多語形式，同樣出現在希臘新約與部分英語譯本中。,,,,,,
女,Elicia,"Lesia, Lisha, Lyssa, Lecia",,罕見英語,Alicia 的變體。,,,,,,
男,Elihu,,,聖經、古英語,希伯來語，意為「我的神就是他」。出現在《約伯記》中，是約伯的朋友之一。,,,,,,
男,Elijah,,,聖經、希伯來、英語,以利亞（Elijah）源自希伯來文名字 אֱלִיָּהוּ (ʾEliyyahu)，意為「我的上帝是耶和華」，源自於字根 אֵל (ʾel) 和 יָהּ (yah)，均指希伯來神。以利亞是一位希伯來先知和神蹟創造者，正如《舊約》中兩本《列王紀》所述。他活躍於公元前9世紀以色列國王亞哈和腓尼基出生的王后耶洗別統治時期。以利亞就國王和王后崇拜迦南神巴力及其他惡行與國王和王后對峙。在他生命的盡頭，他乘坐火車升天，由以利沙繼承了他的王位。在《新約》中，以利亞和摩西出現在耶穌變容時。由於以利亞（Elijah）在中世紀傳說中是一個廣受歡迎的人物，而且他的名字也由幾位早期聖徒（通常以拉丁語Elias的形式為人所知）所用，這個名字在中世紀開始被廣泛使用。在中世紀的英格蘭，它通常被拼寫為Elis。到16世紀，它在那裡逐漸消失，但在新教改革之後，清教徒們以Elijah的形式重新啟用了它。這個名字在1990年代和21世紀初變得流行起來，尤其是在美國，它在2016年躋身流行榜前十名。,,,,,,
女,Elinor,"Elea, Ella, Elle, Ellie, Elly, Lenora, Lenore, Nell, Nelle, Nellie, Nelly, Nonie, Nora, Norah, Leanora",,英語,Eleanor 的變體拼法。,,,,,,
男,Eliot,,,英語,源自姓氏 Elliott 的變體。著名持有人包括詩人 T. S. Eliot 和執法者 Eliot Ness。,,,,,,
男,Eliott,,,英語,Elliot 的變體，亦源於 Elliott。,,,,,,
女,Elisa,,,德語、瑞典語、挪威語、冰島語、芬蘭語、義大利語、西班牙語、葡萄牙語、英語,Elisabeth 的簡稱。,,,,,,
女,Elisabeth,"Bettina, Elisa, Elise, Ella, Elli, Elsa, Else, Ilsa, Ilse, Lies, Liesa, Liese, Liesel, Liesl, Lili, Lilli, Lisa, Lisbeth, Tina (德語) Betje, Elise, Elly, Els, Else, Elsbeth, Tina (德語) Betje, Elise, Elly, Els, Else, Elsbeth, Ilse, Ljeise, Elise, Elly, Els, Else, Elsjeise (荷蘭語), Elsa, Elsie, Elsy, Lill, Lilly, Lis, Lisa, Lisbet, Lisbeth, Lise (瑞典語) Elise, Else, Lilly, Lisa, Lise, Eli, Ella, Elsa, Lill, Lisbet, Lisbeth, Liss (挪威語) Betina, Bettina, Elise, Else, Liss, Lilaise, Lisa, Elise, Lisa, Elise, Else, Lilly, Lisa Lisbet,莉絲貝絲，莉絲， Lissi（丹麥語）Elisa、Elissa、Bess、Bessie、Beth、Betsy、Bette、Bettie、Betty、Buffy、Eliza、Ella、Elle、Ellie、Elly、Elsie、Elyse、Li bbie、Libby、Liddy、Lilian、Lilibet、Lilibeth、Lillian、Lillie、Lisa、Lise、Liz、Liza、Lizbeth、Lizette、Lizzie、Lizzy、Tetty（英語）",,德語、荷蘭語、瑞典語、挪威語、丹麥語、英語、聖經、聖經拉丁語,Elizabeth 的德荷語形式，也是英聖經中的拼法。,,,,,,
女,Elise,,,德語、挪威語、丹麥語、瑞典語、芬蘭語、荷蘭語、英語,Elizabeth 的簡稱。,,,,,,
女,Elissa (1),,,羅馬神話,意義不明，可能源自腓尼基語。這是傳說中的迦太基女王狄多的另一個名字。,,,,,,
女,Elissa (2),,,英語,Elisa 的變體。,,,,,,
女,Eliza,,,英語、波蘭語、葡萄牙語（巴西）、羅馬尼亞語、匈牙利語、喬治亞語,Elizabeth 的簡稱。著名角色為 Shaw 的《賣花女》中的 Eliza Doolittle。,,,,,,
女,Elizabeth,"Bess, Bessie, Beth, Betsy, Bette, Bettie, Betty, Bettye, Buffy, Eliza, Ella, Elle, Ellie, Elly, Elsie, Elyse, Leanna, Leesa, Liana, Libbie, Libby, Liddy, Lilian, Liliana, Lilianna, Lilibet, Lilibeth, Lillia, Lillian, Lilliana, Lillie, Lisa, Lise, Liz, Liza, Lizbeth, Lizette, Lizzie, Lizzy, Tetty, Elisa (英語)",,英語、聖經,源自 Ἐλισάβετ (Elisabet)，這是希伯來語名字 אֱלִישֶׁבַע (ʾElishevaʿ) 的希臘語形式，意為“我的上帝是誓言”，源自詞根 אֵל (ʾel)（意為“我的希伯來人ׁע אֵל (ʸע ׂ (shavaʿ)（意為「誓言」）。希伯來文形式出現在《舊約》中，其中以利舍巴 (Elisheba) 是亞倫的妻子；希臘文形式出現在《新約》中，其中伊莉莎白 (Elizabeth) 是施洗約翰的母親。在基督徒中，這個名字最初在東歐更為常見。它誕生於12世紀，由匈牙利聖伊麗莎白所生，她是國王安德烈二世的女兒，用自己的財富救濟窮人。在中世紀的英格蘭，人們偶爾會用它來紀念這位聖人，但伊莎貝爾 (Isabel)（源自奧克語和西班牙語）的形式更為常見。自16世紀伊莉莎白一世女王統治以來，這個名字在英國一直非常流行。在美國姓名統計（自1880年以來記錄）中，它的排名從未低於30位，使其成為美國最受歡迎的女孩名字。除了伊莉莎白一世之外，許多其他歐洲皇室成員也曾使用過這個名字（各種拼字），其中包括18世紀的一位俄羅斯皇后。現代著名的使用這個名字的人包括伊麗莎白二世女王（1926-2022）和女演員伊麗莎白泰勒（1932-2011）。,,,,,,
女,Ella (1),,,英語,諾曼姓氏，最初是日耳曼人姓名的縮寫，包含元素 alles，意為「其他」（原始日耳曼語 *aljaz）。諾曼人將其引入英國，並一直使用至14世紀，後於19世紀復興。美國歌手艾拉·菲茨傑拉德（1917-1996）是該姓氏的著名使用者。,,,,,,
女,Ellla (2),,,英語、德語、瑞典語、挪威語、丹麥語、芬蘭語、匈牙利語,Eleanor、Ellen 1 等以 El 開頭名字的縮寫。也可用作以 ella 結尾名字的縮寫。,,,,,,
女,Elle,,,現代英語,埃莉諾 (Eleanor) 和其他以 El 開頭的名字的縮寫。這個名字也與法語代名詞 elle 有關，意為“她”。這個名字因澳洲模特兒艾麗麥克弗森 (Elle Macpherson，1964-) 而人氣飆升，2001 年電影《律政俏佳人》(Legally Blonde) 上映後，艾莉伍茲 (Elle Woods) 在美國更是人氣飆升。在英國，這個名字在電影上映時就已經相當流行，但實際上不久之後就開始衰落。美國女演員艾麗範甯 (Elle Fanning，1998-) 就是一個著名的使用這個名字的人。,,,,,,
女,Ellen (1),"Ella, Elle, Ellie, Elly, Lena, Nell, Nelle, Nellie, Nelly (英語)",,英語、德語、丹麥語、瑞典語、挪威語、芬蘭語、愛沙尼亞語,Helen 的中世紀英語形式。這是該名字的常用拼寫，直到 19 世紀 Helen 也變得普遍。,,,,,,
女,Ellen (2),,,英語、德語、丹麥語、瑞典語、挪威語、芬蘭語、愛沙尼亞語,Eleonora 的縮寫。,,,,,,
男女,Ellery,,,英語,源自英語姓氏，原源自中世紀男性名字希拉蕊 (Hilary)。,,,,,,
女,Elliana,,,現代英語,Eliana 的變體。,,,,,,
女,Ellie,,,英語,Eleanor、Ellen 等名的暱稱。90 年代在英國流行，2003 年為排行第二。,,,,,,
女男,Ellington,,,罕見英語,源自姓氏 Ellington。,,,,,,
男女,Elliot,,,英語,源自 Elliott 姓氏。,,,,,,
男女,Elliott,,,英語,源自古名字 Elias 的暱稱姓氏 Elliott。,,,,,,
男女,Ellis,,,英語、威爾斯,來自 Elis（Elias 的中古形式），亦為威爾斯 Elisedd 的英化。,,,,,,
女,Elly,,,英語、荷蘭,荷蘭語 Elisabeth 暱稱，或英語 Ellie 的變體。,,,,,,
女,Elma,,,荷蘭語、英語、德語（罕見）,Wilhelmine 或 -elma 結尾之名的簡稱，也可能為 Elizabeth 和 Mary 組合名。,,,,,,
男,Elmer,,,英語,來自姓氏，源自古英語 Æðelmær。美國有時為紀念 Jonathan 和 Ebenezer Elmer 而取名。,,,,,,
男,Elmo,,,義大利語、英語、芬蘭語、愛沙尼亞語,最初是一些以古德語元素 helm（意為「安全帽、保護」）結尾的姓名縮寫，例如 Guglielmo 或 Anselmo。它也源自於 Erasmus，源自古義大利語縮寫 Ermo。聖艾爾莫（Saint Elmo），又名聖伊拉斯謨（Saint Erasmus），是一位公元 4 世紀的殉道者，也是水手的守護神。據說聖埃爾莫的火焰是他庇佑的象徵。在英語世界，這個名字如今與兒童電視節目《芝麻街》中的紅色布偶角色聯繫在一起。,,,,,,
女,Elnora,"Elea, Ella, Elle, Ellie, Elly, Lenora, Lenore, Nell, Nelle, Nonie, Nora, Norah, Leanora",,英語,Eleanora 的縮寫形式。,,,,,,
女,Elodie,,,英語,法語名 Élodie 的英語形式。,,,,,,
女,Eloise,,,英語,"來自古法語名字 Héloïse，可能源自日耳曼名字 Helewidis，由兩部分組成：

heil（健康、完整）

wit（寬廣）

雖然有時與希臘文 ἥλιος (helios)（太陽）或名字 Louise 聯想，但實際上語源上無關。

此名最著名的歷史人物是12世紀的法國學者與哲學家 Héloïse，她年輕時與神學家 Peter Abelard 祕密結婚，後來在丈夫遭受閹割後成為修女並最終擔任女修道院院長。

中世紀英語中曾出現過此名的拼法 Helewis，但13世紀後消失，直到19世紀才在英語世界中以 Eloise 的形式復興。",,,,,,
女,Elora,,,現代英語，流行文化,可能為創造名，1988 年電影《柳樹下的奇幻冒險》（Willow）中的嬰兒角色名。自 2015 年進入美國前 1000 名。,,,,,,
女,Elouise,,,英語,Eloise 的變體拼寫。,,,,,,
男,Elroy,,,英語,Leroy 的變體，使用西班牙文定冠詞 el 代替法文的 le。,,,,,,
女,Elsa,Tina （德語）,,德語、瑞典語、挪威語、冰島語、芬蘭語、義大利語、西班牙語、葡萄牙語、英語,Elisabeth 的簡稱。中世德國故事《布蘭班特的艾爾莎》為 Lohengrin 的愛人，瓦格納 1850 年歌劇中擴展此角色。2013 年電影《冰雪奇緣》推出後再次流行。,,,,,,
女,Elsabeth,"Bess, Bessie, Beth, Betsy, Bette, Bettie, Betty, Bettye, Buffy, Eliza, Ella, Elle, Ellie, Elly, Elsie, Elyse, Leanna, Leesa, Liana, Libbie, Libby, Liddy, Lilian, Liliana, Lilianna, Lilibet, Lilibeth, Lillia, Lillian, Lilliana, Lillie, Lisa, Lise, Liz, Liza, Lizbeth, Lizette, Lizzie, Lizzy, Tetty",,罕見英語,Elizabeth 的變體拼寫。,,,,,,
男,Elsdon,,,罕見英語,"源自地名姓氏，意為 ""Elli 的山谷""。",,,,,,
女,Elsie,,,英語、瑞典文,Elizabeth 的暱稱形式。,,,,,,
男,Elton,,,英語、巴西葡文、阿爾巴尼亞文、瑞典文,"源自地名姓，意為 ""Ella 的城鎮""。著名人士有英國歌手 Elton John，原名 Reginald Dwight，他以樂團團友 Elton Dean 的名字為藝名。",,,,,,
男,Elvin (1),,,英語,Alvin 的變體。,,,,,,
男,Elvin (2),,,阿塞拜疆語,意義不明，可能部分源自阿塞拜疆語 el，意為「國家、社會」。,,,,,,
女,Elvina,"Elly, Ellie, Vina, Ina",,英語,Alvina 的變體。,,,,,,
男,Elvis,,,英語,意思不明。可能源自 Alvis 或 Elwin，但更可能來自罕見的姓氏 Elvis，這是 Elwes 的變體，而 Elwes 最終源自女性名字 Eloise。這個名字因美國歌手 貓王（Elvis Presley，1935–1977） 而廣為人知。他的名字來自父親的中間名。此外，Elvis 也作為愛爾蘭名字 Ailbhe 的英語化形式。,,,,,,
男,Elwin,,,英語,Alvin 的變體。,,,,,,
男,Elwood,,,英語,"來源為地名姓氏，意為 ""接骨木樹林""。",,,,,,
男,Elwyn,,,英語,Alvin 的變體。,,,,,,
男,Ely,,,英語,Eli 的變體。,,,,,,
女,Elyse,"Lillia, Lillie",,英語,Elizabeth 的簡稱，1980 年代電視劇《家庭連線》（Family Ties）中角色使其流行。,,,,,,
女,Elyzabeth,"Bess, Bessie, Beth, Betsy, Bette, Bettie, Betty, Bettye, Buffy, Eliza, Ella, Elle, Ellie, Elly, Elsie, Elyse, Leanna, Leesa, Liana, Libbie, Libby, Liddy, Lilian, Liliana, Lilianna, Lilibet, Lilibeth, Lillia, Lillian, Lilliana, Lillie, Lisa, Lise, Liz, Liza, Lizbeth, Lizette, Lizzie, Lizzy, Tetty",,罕見英語,Elizabeth 的變體拼寫。,,,,,,
女,Em,,,英語,Emily 或 Emma 的簡稱，意為「勤勞的」、「宇宙的」。,,,,,,
女,Emalee,"Em, Emmie, Emmy, Millie, Milly",,英語（罕見）,Emily 的變體名，具有「勤勞的」意涵。,,,,,,
女,Ember,,,英語（現代）,來自英語單字「餘燼」，象徵微光與希望；源於古英語 æmerge。,,,,,,
女,Emberly,,,英語（現代）,Ember 的延伸形式，受 Kimberly 的拼法影響；表示柔美堅強。,,,,,,
女,Emberlynn,"Emmie, Emmy, Linnie",,英語（現代）,Ember 與流行的名字字尾 “lynn” 的結合；象徵溫柔的火光。,,,,,,
女,Emelia,"Emi, Millie, Milly",,英語,Amelia 的變體，來自拉丁語 Aemilia，意為「競爭者」、「努力不懈者」。,,,,,,
女,Emely,"Emi, Millie, Milly",,英語（現代）,Emily 的另一種拼法，意為「勤奮的」、「努力的」。,,,,,,
女,Emerald,,,英語（現代）,來自「翡翠」，源自希臘語 σμάραγδος（smaragdos）；象徵愛與繁榮，是五月的誕生石。,,,,,,
女,Emerie,,,英語（現代）,Emery 的女性變體，意為「勤勉的領導者」，起源於日耳曼語。,,,,,,
男女,Emerson,,,英語,源自於一個英文姓氏，意為「埃默里之子」。這個姓氏由美國作家、哲學家拉爾夫·沃爾多·愛默生（1803-1882）所擁有，他著述了超驗主義的相關著作。,,,,,,
女,Emersyn,,,英語（現代）,Emerson 的女性化拼寫版本，現代流行名，常見於美國女性。,,,,,,
男女,Emery,,,英語、諾曼法語,Emmerich 的諾曼法語形式。諾曼人將其引入英格蘭，儘管從未流行，但一直流傳到中世紀末期。作為現代名字，通常為女性，它很可能受到姓氏 Emery 的啟發，而 Emery 本身也源於中世紀的名字。它也可以用來指一種名為金剛砂的黑色硬質物質。,,,,,,
男,Emil,Mille（瑞典文）,,瑞典語、挪威語、丹麥語、德語、羅馬尼亞語、保加利亞語、捷克語、斯洛伐克語、波蘭語、俄語、斯洛維尼亞語、塞爾維亞語、克羅埃西亞語、馬其頓語、匈牙利語、冰島語、英語,源自羅馬姓氏Aemilius，源自拉丁文 aemulus，意為「對手」。捷克長跑運動員埃米爾·扎托佩克（1922-2000）是該姓氏的著名持有者。,,,,,,
男,Emile,,,英語,Émile 的英語形式。,,,,,,
女,Emilee,"Em, Emmie, Emmy, Millie, Milly",,,Emily 的變體。,,,,,,
女,Emilia,Emmi、Milja、Milka（芬蘭語） Milka（波蘭語） Milly（瑞典語） Mille、Milly（挪威語） Mille（丹麥語） Emmie、Emmy、Em、Millie、Milly（英語）,,義大利語、西班牙語、羅馬尼亞語、芬蘭語、波蘭語、德語、瑞典語、挪威語、丹麥語、英語、希臘語、保加利亞語,埃米利厄斯（Aemilius）的女性形式（參見艾米莉）。在莎士比亞的悲劇《奧賽羅》（1603年）中，這是伊阿古妻子的名字。,,,,,,
女,Emily,"Em, Emmie, Emmy, Millie, Milly",,英語、拉丁語,"英語中 Aemilius 的女性形式（參見 Emil）。在英語世界中，直到 18 世紀德國漢諾威王朝繼承英國王位後，這個名字才開始流行；公主阿米莉亞·索菲亞 (1711-1786) 在英語中通常被稱為 Emily，儘管 Amelia 是一個與該名字無關的名字。
這個名字在 20 世紀的大部分時間裡都很流行，並在 21 世紀初變得非常流行。從 1996 年到 2007 年，它是美國女孩名字中排名最高的，在同一時期，其他英語國家也達到了類似的水平。
這個名字的著名使用者包括以小說《呼嘯山莊》而聞名的英國作家艾米莉·勃朗特 (1818-1848) 和美國詩人艾米莉·狄金森 (1830-1886)。",,,,,,
女,Emma,,,德語、英語,源自古高地德語 ermen，意為「普遍」、「宇宙」，中世紀以來廣受歡迎。,,,,,,
女,Emmaline,,,英語、法語,結合 Emma 與 Caroline 的名字，表示溫柔堅定。,,,,,,
女,Emmalyn,,,英語（現代）,Emmeline 的變體，或是 Emma 和時尚名字後綴 lyn 的組合。,,,,,,
男,Emmanuel,Manu（法語） Manny（英語）,,聖經、法語、英語,源自希伯來文名稱 עִמָּנוּאֵל (ʿImmanuʾel)，意為“上帝與我們同在”，其詞根 עִם (ʿim) 意為“與…同在”，אֵל (ʾel) 意為“上帝”。這是《舊約》中預言的彌賽亞之名。自16世紀以來，該名稱在英格蘭以 Emmanuel 和 Immanuel 的拼寫形式使用，但並未廣泛傳播。這個名字在歐洲大陸更為常見，尤其是在西班牙和葡萄牙（拼寫為 Manuel 和 Manoel）。,,,,,,
女,Emmanuelle,,,法語、希伯來語,法語的 Emmanuel 女性變體，意為「上帝與我們同在」。,,,,,,
女,Emmeline,,,英語,源自古法語 Emeline，是日耳曼人名的縮寫，以 amal 開頭，意為「永不停歇、精力充沛、勇敢」。諾曼人將此名字引入英格蘭。,,,,,,
男女,Emmerson,,,,Emerson 的變體。,,,,,,
男,Emmet,,,英語、德語,源於 Emma 的男性變體，也可能源自德語 Erma；有「真誠」、「強壯」的含義。,,,,,,
女,Emmie,,,英語,Emma 或 Emily 的暱稱。,,,,,,
男,Emmitt,,,英語,埃米特 (Emmett) 的變體。美式足球員埃米特史密斯 (Emmitt Smith，1969-) 是該名稱的著名持有者。,,,,,,
女,Emmy,,,英語、法語、瑞典語、荷蘭語、德語,Emma 或 Emily 的暱稱。,,,,,,
女,Emmylou,,,英語（現代）,Emma 和 Lou 的組合，流行於南方文化與音樂圈；表示親切與愛。,,,,,,
男女,Emory,,,英語,Emery 的變體。,,,,,,
女,Enid,,,威爾斯語,意為「生命」、「靈魂」，在亞瑟王文學中為忠貞女性角色。,,,,,,
男,Ennis,,,愛爾蘭語,來自地名，意為「島嶼」、「和平之地」，亦見於愛爾蘭男性名。,,,,,,
男,Enoch,,,希伯來語,意為「奉獻」、「受教之人」，聖經人物，據說他未經死亡就升天。,,,,,,
女,Enola,,,英語（現代）,“Alone”的倒寫，因小說角色 Enola Gay 而流行；代表堅強獨立的女性角色。,,,,,,
女,Enya,,,愛爾蘭語,愛爾蘭名字 Eithne 的英譯，意為「堅果核仁」象徵內在力量與溫柔。,,,,,,
男,Enzo,,,義大利語、德語,Lorenzo 或 Heinz 的縮寫，義大利語中常見男性名，意為「家庭之首」。,,,,,,
男,Ephraim,,,希伯來語,意為「我必繁衍」，聖經人物–約瑟的兒子，象徵多子多福,,,,,,
女,Epiphany,Eppie,,,源自基督教節日（1月6日），該節日是為了紀念三博士探望聖嬰耶穌。它也是一個英語單詞，意為“突然出現”或“突然察覺”，最終源於希臘語ἐπιφάνεια (epiphaneia)，意為“顯現”。,,,,,,
女,Eppie,,,,尤菲米亞 (Euphemia) 或赫夫齊巴 (Hephzibah) 的暱稱。,,,,,,
男,Eric,,,英語、瑞典語、德語、西班牙語,"意為“永遠的統治者”，源自古挪威語名稱 Eiríkr，由 ei（永遠、始終）和 ríkr（統治者、國王）兩個詞根組成。一位著名的姓氏是 Eiríkr inn Rauda（英語為 Eric the Red），他是一位 10 世紀的航海家和探險家，發現了格陵蘭島。瑞典、丹麥和挪威幾位早期國王也使用過這個名字。這個常見的挪威語名字最初是由盎格魯-撒克遜時期的丹麥定居者帶到英國的。在中世紀，它在英格蘭並不流行，但在 19 世紀重新流行起來，部分原因是弗雷德里克·威廉·法拉爾 (Frederic William Farrar) 的兒童小說《Eric, or Little by Little》(1858)。",,,,,,
女,Erica,,,拉丁語女性形式,Erik 的女性形式，意為「永遠的統治者」,,,,,,
男,Erick,,,英語,Eric 的變體。,,,,,,
女,Ericka,,,英語,埃里卡 (Erica) 的變體。,,,,,,
男,Ericson,,,挪威/瑞典語,Eric 的 patronymic，「Eric 之子」,,,,,,
男,Erik,,,北歐語,來自古斯堪地那維亞語 Eiríkr，「永遠的統治者」,,,,,,
女,Erika,,,北歐語,Eric 的女性形式,,,,,,
女,Erin,,,英語、愛爾蘭語,愛爾蘭島的詩意古名，意指「和平地」；現代女性常用,,,,,,
女,Erle (1),,,挪威,Jarl 的女性形式。Jarl : (在古挪威語中意為「酋長、貴族」（與英語單字earl同源）。在挪威詩歌《Rígsþula Jarl》中，他是神祇Ríg的兒子，也是武士族的創始人。),,,,,,
男,Erle (2),,"Earl, Earle",英語,Earl 的變體。,,,,,,
女,Erma,,,英語,伊爾瑪（Irma）的變體。它於 19 世紀開始在英語世界中與伊爾瑪（Irma）同時使用。,,,,,,
女,Ermintrude,Ermie,,英語（古語）,Ermendrud 的英語形式。直到 19 世紀還偶爾使用。,,,,,,
男,Ern,Ernie,,英語,Ernest 的縮寫。,,,,,,
男,Ernest,Ernie,,英語、法語、加泰隆尼亞語、波蘭語、斯洛伐克語、斯洛維尼亞語,源自古高地德語 ernust，意為「嚴肅的、認真的」。 18世紀，德國漢諾威王朝繼承英國王位時，該詞被引入英國，但直到18世紀才開始流行。美國作家兼冒險家歐內斯特·海明威（1899-1961）是這個名字的著名使用者。奧斯卡王爾德也曾用該名字來指稱其喜劇《認真的重要性》（1895年）中的一個角色。,,,,,,
女,Ernestine,Ernie,,法德混合形式,女性版 Ernest，「嚴肅、真誠」,,,,,,
男,Ernesto,Ernie,,西班牙語、義大利語,Ernest 的拉丁語義譯,,,,,,
男,Ernie,,,英語,Ernest 的拉丁語義譯,,,,,,
男,Errol,,,英語,源自蘇格蘭姓氏，原源自於珀斯郡一個同名村莊。澳洲演員埃羅爾弗林（1909-1959）將其作為名字推廣。,,,,,,
男,Erskine,,,英語（罕見）,源自蘇格蘭姓氏，最初源自於格拉斯哥附近一個城鎮的名字。該城鎮的名字在蓋爾語中可能意為「突出的高度」。愛爾蘭小說家兼民族主義者厄斯金·奇爾德斯（Erskine Childers，1870-1922）是該姓氏的著名傳承者。,,,,,,
女,Erykah,,,英語（現代）,Erica 的變體。,,,,,,
女,Eryn,,,英語（現代）,艾琳 (Erin) 的變體。,,,,,,
女,Esmae,,,英語（現代）,Esmé 的女性形式。,,,,,,
女,Esmaralda,,,英語（罕見）,Esmeralda 的變體。,,,,,,
女男,Esme,,,英語,Esmé 的變體。,,,,,,
女男,Esmé,,,英語,在古法語中意為「受尊敬的」或「受愛戴的」。這個名稱最早記載於蘇格蘭，由16世紀的倫諾克斯公爵一世所用。如今，該名稱更常用作女性名字。,,,,,,
女,Esmée,,,英語（英國）、荷蘭語,Esmé 的女性形式。,,,,,,
女,Esmee,,,英語（英國）、荷蘭語,Esmé 的女性形式。,,,,,,
女,Esmeralda,Esmie,,西班牙語、葡萄牙語、英語、阿爾巴尼亞語、文學,在西班牙語和葡萄牙語中意為“綠寶石”。維克多·雨果在其1831年的小說《巴黎聖母院》中使用了這個名字，小說中埃斯梅拉達是一位深受卡西莫多愛慕的羅姆女孩。此後，該名字在英語世界中偶爾使用。,,,,,,
男,Esmond,,,英語（罕見）,源自古英語元素 est（恩典）和 mund（保護）。諾曼征服後，這個古英語名稱很少被使用。 19世紀，它偶爾復興。,,,,,,
男,Esmund,Esmie,,英語（罕見）,Esmond 的變體。,,,,,,
女,Esperanza,,,西班牙語,意為「希望」,,,,,,
女,Essa,,,英語,可能為 Esther 的簡化形式，意即「星星」,,,,,,
女,Essence,Essie,,英語（現代）,源自英語單字essence，意為「氣味、香氣」或「基本品質」。其最終字源為拉丁文esse（意為「存在」）。,,,,,,
女,Essie,,Esta,英語,埃斯特爾 (Estelle) 或埃絲特 (Esther) 的暱稱。,,,,,,
女,Esta,,,英語,以斯帖 (Esther) 的暱稱。,,,,,,
女,Estella,"Estie, Essie, Ella",,英語,Estelle 的拉丁語形式。這是查爾斯狄更斯的小說《遠大前程》（1860 年）中女主角埃斯特拉郝薇香的名字。,,,,,,
女,Estelle,"Estie, Elle",,英語、法語,源自古法文名，意為“星”，最後源自拉丁文 stella。在中世紀英語世界中，這個詞並不常見，但在19世紀又重新流行起來，或許是因為查爾斯狄更斯的小說《遠大前程》（1860年）中的角色埃斯特拉·郝薇香。,,,,,,
女,Esther,"Essie, Esta, Estie",,英語、法語、西班牙語、荷蘭語、德語、丹麥語、挪威語、瑞典語、猶太語、聖經語、聖經拉丁語、聖經希臘語,"源自希伯來文名字 אֶסְתֵר (ʾEsṯer)，波斯語中意為「星星」。也可能源自於近東女神伊什塔爾 (Ishtar) 的名字。 《舊約》中的《以斯帖記》講述了波斯王猶太妻子以斯帖的故事。國王的顧問哈曼勸說國王消滅境內所有猶太人。表兄末底改警告了以斯帖的陰謀，她坦白了自己的猶太血統，並說服國王處死哈曼。她最初的希伯來名字是哈達薩 (Hadassah)。
自新教改革以來，這個名字一直在英語世界中使用。在美國，隨著總統格羅弗·克利夫蘭之女埃絲特·克利夫蘭 (Esther Cleveland，1893-1980) 的出生，這個名字的受歡迎程度進一步提升。",,,,,,
男,Ethan,,,英語、法語、聖經、聖經拉丁語,"源自希伯來文 אֵיתָן (ʾEṯan)，意為「堅固、持久、堅定」。在《舊約》中，一些次要人物也使用過這個名字，其中包括智者以斯拉人伊桑，據說他是《詩篇》第89篇的作者。
宗教改革後，它在英語世界中偶爾被用作名字，由於革命家伊桑·艾倫（1738-1789）的名聲，它在美國變得相當普遍。直到20世紀末，它才開始流行起來。它是伊迪絲華頓小說《伊森弗洛美》（1911年）中主角的名字，該小說講述了一個男人愛上了他妻子的表妹的故事。",,,,,,
f,Ethel,,,英語,以古英語元素æðele（意為「高貴」）開頭的姓名縮寫。這個名稱誕生於19世紀，當時許多古英語姓名復興。威廉·梅克皮斯·薩克雷的小說《紐科姆一家》（1855年）和C·M·楊格的小說《雛菊鏈》（1856年）使其廣為流傳。美國女演員兼歌手埃塞爾·默曼（1908-1984）是該名稱的著名使用者。,,,,,,
男,Ethelred,,,古英語,ēthel（高貴）＋ ræd（建議），意為「高貴的建議者」,,,,,,
男,Ethelbert,Bertie,,英語（罕見）,Æþelbeorht 的中古英語形式。諾曼征服後，這個名稱已非常罕見，但在 19 世紀曾短暫復興。,,,,,,
女,Ethelinda,"Ethie, Lindy",,英語（罕見）,日耳曼名字 Adallinda 的英語形式。這個名字在中世紀非常罕見，但在 19 世紀初又重新流行起來。,,,,,,
女,Ethelyn,"Ethie, Ellie",,英語,(Ethel) 的暱稱。,,,,,,
女,Etta,,,英語,Henrietta 的縮寫形式，以及其他以 etta 結尾的名字。美國歌手 Etta James（1938-2012）是這個名字的著名使用者，她的藝名取自其真名 Jamesetta。,,,,,,
女,Ettie,,,英語,亨麗埃塔 (Henrietta) 的縮寫，以及其他以 etta 或 ette 結尾的名字。,,,,,,
女,Eudora,,,希臘神話,在希臘文中意為“美好的禮物”，由元素εὖ（eu）意為“好的”和δῶρον（doron）意為“禮物”組成。這是希臘神話中畢星團之一的仙女的名字。,,,,,,
男,Eugene,,,英語,"Eugenius 的英語形式，是希臘文名 Εὐγένιος (Eugenios) 的拉丁文形式，源自希臘文 εὐγενής (eugenes)，意為「出身名門」。它由 εὖ (eu) 意為「好」和 γενής (genes) 意為「出生」組成。幾位聖徒和四位教宗都用這個名字。
這個名字在中世紀的西歐並不常見。後來，它變得更加流行，部分原因是薩伏依的歐根親王（1663-1736），一位出生於法國、效力於奧地利帝國的將軍。美國劇作家尤金·奧尼爾（1888-1953）是這個名字的著名傳承者。",,,,,,
女,Eugenia,,,義大利語、西班牙語、羅馬尼亞語、波蘭語、英語、古希臘語（拉丁化）,Eugenius（見Eugene）的女性形式。這個名字由一位半傳奇的3世紀聖徒所用，她透過喬裝成男來逃避迫害。中世紀時期，該名字在英格蘭偶爾出現，但直到19世紀才被廣泛使用。,,,,,,
女,Eugenie,Genie,,德語、英語,Eugénie 的德語和英語形式，Eugenia 的法語形式。,,,,,,
女,Eula,,,英語,Eulalia 的縮寫。,,,,,,
女,Eulalia,,,西班牙語、義大利語、波蘭語、英語、古希臘語,源自希臘文 εὔλαλος (eulalos)，意為“甜言蜜語”，其本身又源自於 εὖ (eu)，意為“好”，λαλέω (laleo)，意為“交談”。這是一位公元4世紀早期西班牙梅里達的聖徒兼殉道者的名字。另一位與此同名的殉道者，同時代，是巴塞隆納的守護神。這兩位聖徒可能是同一個人。,,,,,,
女,Eunice,,,聖經、英語、聖經拉丁語,希臘文名Εὐνίκη (Eunike) 的拉丁化形式，意為“美好的勝利”，源自 εὖ (eu) 意為“美好”和 νίκη (nike) 意為“勝利”。 《新約》中提到她是提摩太的母親。作為英語名，它首次使用於新教改革之後。,,,,,,
女,Euphemia,"Effie, Eppie, Femie, Phemie",,古希臘語、英語（古風）,意為“用吉兆之語”，源自希臘語 εὐφημέω（euphemeo），由 εὖ（eu）意為“好”，φημί（phemi）意為“說，宣告”衍生而來。聖尤菲米亞是迦克墩早期的一位殉道者。,,,,,,
男,Eustace,,,英語,Eustachius 或 Eustathius 的英語形式，這兩個名字源自希臘語，在後古典時期被混用。聖尤斯塔斯（Saint Eustace）有兩種拼寫方式，他是一位公元2世紀的羅馬將軍，在狩獵時看到鹿角之間有一個十字架的景象後皈依基督教。他因拒絕崇拜羅馬諸神而被燒死，如今被視為獵人的守護神。由於他，這個名字在中世紀的英格蘭很常見，但如今已很少見。,,,,,,
女,Eustacia,,,英語（罕見）,(Eustace) 的女性形式。,,,,,,
女,Eva,,,西班牙語、義大利語、葡萄牙語、英語、捷克語、斯洛伐克語、德語、荷蘭語、瑞典語、挪威語、愛沙尼亞語、丹麥語、冰島語、法羅語、羅馬尼亞語、希臘語、斯洛維尼亞語、保加利亞語、馬其頓語、克羅埃西亞地亞語、古語、喬治亞語、聖​​經、亞語、聖經,"Eve 一詞在多種語言中的使用形式。此形式用於拉丁文《新約》譯本，而 Hava 則用於拉丁文《舊約》。阿根廷第一夫人伊娃·庇隆 (1919-1952) 是該詞的著名使用者，她是音樂劇《艾薇塔》的主角。這個名字也出現在哈里特·比徹·斯託的小說《湯姆叔叔的小屋》(1852) 中，主角小伊娃 (Little Eva) 的名字也出現在其中，而她的真名實際上是伊万傑琳 (Evangeline)。
這也是俄文 Ева (參見 Yeva) 的另一種音標。",,,,,,
女,Evaline,,,英語,(Evelyn) 的變體。,,,,,,
女,Evalyn,,,英語, (Evelyn) 的變體。,,,,,,
男,Evan,,,威爾斯語、英語,Ifan 的英語形式，John 的威爾斯形式。,,,,,,
女,Evangelina,Lina,,西班牙語、英語,Evangeline 的拉丁語形式。,,,,,,
女,Evangelista,,,義大利語、西班牙語、葡萄牙語,在義大利語、西班牙語和葡萄牙語中意為“福音傳道者、傳教士”，源自拉丁語，最終源自希臘語 εὐάγγελος (euangelos)，意為“帶來好消息”。這個詞常用於紀念四位福音傳道者（新約福音書的作者：馬太、馬可、路加和約翰）。傳統上指男性，但偶爾也用於指女孩。義大利物理學家兼數學家埃萬傑利斯塔·托里拆利（1608-1647）是這個詞的著名使用者，他發明了氣壓計。,,,,,,
女,Eve,,,英語、愛沙尼亞語、聖經,"源自希伯來文名稱 חַוָּה (Ḥawwa)，該名稱源自希伯來文單字 חָוָה (ḥawa)，意為「呼吸」，或相關單字 חָיָה (ḥaya)，意為「生存」。根據《舊約聖經·創世記》，夏娃和亞當是人類的始祖。上帝用亞當的一根肋骨創造了她，作為祂的伴侶。在蛇的引誘下，她偷吃了禁果，並與亞當分享了一些，導致他們被逐出伊甸園。
儘管有這種潛在的負面聯想，但在中世紀，基督徒偶爾也會使用這個名字。在英語世界中，Eve 和拉丁語形式的 Eva 在 19 世紀都得以復興，但後者更為常用。",,,,,,
女,Eveleen,"Evie, Evvie",,英語（罕見）,要么是 Eve 的縮寫，要么是 Evelyn 的變體。,,,,,,
女,Evelina,"Lina, Evy",,英語、義大利語、瑞典語、立陶宛語、希臘語、俄語、保加利亞語,Aveline 的拉丁語形式。作家范妮·伯尼 (Fanny Burney) 在其處女作《埃芙莉娜》(Evelina，1778 年) 中重新使用了該詞，以指代女主角。該詞通常被認為是相關名稱 Evelyn 的變體，或 Eve 的進一步演繹。,,,,,,
女,Eveline,"Evie, Evvie","Evaline, Evalyn, Evelyn, Evelynn, Eveleen(英語) Évelyne(法) Evelien(荷蘭語)",英語、法語、荷蘭語,(Evelina) 的變體。,,,,,,
女,Evelyn,"Evie, Evvie","Evaline, Evalyn, Eveline, Evelynn, Eveleen (英語)",英語、德語,"源自英語姓氏 Aveline，姓氏源自於名字 Aveline。 17 世紀，當 Aveline 首次用作名字時，它更常用於男孩，但現在幾乎被視為完全女性化的名字，部分原因可能在於它與 Eve 和 Evelina 相似。
這個名字在 20 世紀初風靡整個英語世界。 21 世紀初，它捲土重來，並於 2017 年重返美國流行榜前十名。",,,,,,
女,Evelynn,,,英語（現代）,(Evelyn) 的變體。,,,,,,
男女,Ever,,,英語（現代）,表示永恆，亦可能源於 Everard 的簡化形式。,,,,,,
男,Everard,,,古英語、日耳曼語,意為「強壯如野豬」，源於 eber（野豬）＋ hard（勇敢）。,,,,,,
男女,Everest,,,英語（現代）,源自世界最高峰的英語名稱，以英國測量員喬治·埃弗勒斯 (1790-1866) 的名字命名。,,,,,,
男,Everett,"Evie, Rett","Everette, Everitt",英語,源自英語姓氏，姓氏源自名字 Everard。,,,,,,
男,Everette,"Evie, Rette","Everett, Everitt",英語,(Everett) 的變體。,,,,,,
男,Everitt,,,英語（罕見）,(Everett) 的變體。,,,,,,
女,Everlee,,,英語（現代）,Everly 的變體。,,,,,,
女,Everleigh,,,英語（現代）,Everly 的變體。,,,,,,
女,Everly,,"Everlee, Everly",英語（現代）,Everly 的變體。,,,,,,
女,Evette,,,英語,Variant of Yvette.,,,,,,
女,Evie,,,英語,Eve 或 Evelyn 的暱稱。,,,,,,
女,Evita,,,西班牙語、拉脫維亞語,Eva 的暱稱。,,,,,,
女,Evonne,,,英語,(Yvonne) 的變體。,,,,,,
女,Evvie,,,英語,Eve 或 Evelyn 的暱稱。,,,,,,
男,Ewart,,,英語（罕見）,源自英格蘭和蘇格蘭姓氏，該姓氏要么基於諾曼形式的愛德華，要么源自含義不明的地名。,,,,,,
男,Ezekiel,Zeke,,聖經，英語,以西結 (Ezekiel) 源自希伯來語名字 יְחֶזְקֵאל (Yeḥezqel)，意為“上帝將堅固”，其詞根 חָזַק (ḥazaq) 意為“堅固”，אֵל (ʾel) 。以西結是《舊約》中一位重要的先知，也是《以西結書》的作者。他住在耶路撒冷，直到巴比倫征服並俘虜以色列，之後他被擄到巴比倫。 《以西結書》描述了他生動的象徵性異象，預言了以色列王國的復興。作為英語名字，Ezekiel 自新教改革以來一直被使用。,,,,,,
男,Ezra,,,英語、希伯來文、聖經,希伯來文意為「幫助」。以斯拉（Ezra）是《舊約》中的一位先知，也是《以斯拉記》的作者。自新教改革以來，該名字在英語世界一直被用作一個名字。美國詩人埃茲拉·龐德（1885-1972）是這個名字的著名作者。,,,,,,
男,Ezrah,,,希伯來語,Ezra 的拼寫變體，意義相同。,,,,,,
男,Ezy,,,英語（現代）,創意拼寫名，可能來自 Ezra 或 Ezekiel 的縮寫。,,,,,,
F,,,,,,,,,,,
男,Fabian,,,德語、荷蘭語、波蘭語、羅馬尼亞語、英語,源自羅馬姓氏Fabianus，該姓氏源自Fabius。聖法比安是一位公元3世紀的教宗。,,,,,,
男,Fabio,,,義大利語、西班牙語,Fabian 的義大利變體，常見男性名。,,,,,,
女,Fabiola,,,拉丁語、西班牙語,Fabian 的女性變體。,,,,,,
女,Fadia,,,阿拉伯語,意為「救贖者」、「保護者」。,,,,,,
男,Fadil,,,阿拉伯語、阿爾巴尼亞語,在阿拉伯語中意為「有德的，優秀的」。此音標代表兩個既相關又不同的阿拉伯名稱：فاضل（其中第一個元音較長）和 فضيل（其中第二個元音較長）。,,,,,,
女,Fae,,,英語,Fay 的變體。,,,,,,
女,Faezah,,,阿拉伯語、馬來語,意為「成功」、「勝利」。,,,,,,
女,Faith,"Fae, Fay, Faye",Faithe,英語,源自英語單字“faith”，最後源自於拉丁文“fido”（意為“信任”）。這是17世紀清教徒所採用的美德名稱之一。,,,,,,
女,Faithe,"Fae, Fay, Faye",,英語（罕見）,Faith 的變體。,,,,,,
女,Fallon,,,英語（現代）,源自愛爾蘭姓氏，是愛爾蘭蓋爾語 Ó Fallamháin 的英語化形式，而 Ó Fallamháin 本身又源於名字 Fallamhán，意為“領導者”。 20 世紀 80 年代，該名稱因肥皂劇《豪門恩怨》（Dynasty）中的一個角色而廣為人知。,,,,,,
女,Fancy,,,英語（罕見）,源自英語單字 fancy，意為「喜歡、喜愛、傾向」或「裝飾性」。它源自於中古英語 fantasie，而 fantasie 又經由諾曼法語和拉丁語演變而來，源自希臘語 φαίνω (phaino)，意為「展示、出現」。,,,,,,
女,Fannie,,,英語,(Fanny) 的變體。,,,,,,
女,Fanny,,,英語、法語、西班牙語、瑞典語,Frances、Françoise 或 Stéphanie 的暱稱。在英語世界，自 19 世紀末以來，該詞一直是一個粗俗的俚語，後來逐漸不再使用。,,,,,,
女,Farah,,,阿拉伯語,意為「喜悅」、「快樂」。,,,,,,
男,Farid,,,阿拉伯語,意為「獨特的」、「無與倫比的」。,,,,,,
女,Farida,,,阿拉伯語,Farid 的女性形式，意為「稀有的」、「唯一的」。,,,,,,
男,Farley,,,英語（罕見）,源自一個姓氏，該姓氏最初源自於一個地名，在古英語中意為「蕨類植物空地」。該姓氏的一位著名使用者是加拿大作家法利·莫瓦特（1921-2014）。,,,,,,
男,Faron,,,法語（古法語）、英語,Faro 的法文形式。作為英語名，它可能源自於一個由名字衍生而來的法國姓氏。,,,,,,
女,Farran,,,英語/愛爾蘭語,意為「冒險者」或「餅乾製造者」；多重來源。,,,,,,
男,Farrell,,,英語,源自愛爾蘭姓氏 Ó Fearghail 的英語形式，源自於名字 Fearghal。,,,,,,
男,Farris,,,英語,來自姓氏，可能源於 Fergus 或 Ferris，意為「力量」或「鐵匠」。,,,,,,
男,Fatima,,,阿拉伯語,穆罕默德之女的名字，意為「斷奶者」，在伊斯蘭文化中具重大地位。,,,,,,
男,Faust,,,拉丁語、德語,意為「幸運的」；與傳說人物浮士德有關。,,,,,,
女,Fausta,,,義大利語、古羅馬語,Faust 的女性形式，意為「幸運的」。,,,,,,
女,Faustina,,,義大利語、古羅馬語,Faustus 的女性形式，古羅馬貴族名。,,,,,,
男女,Favour,,,英語（非洲）,源自於英語單字 favor，最終源自於拉丁文 faveo（意為「青睞」）。該名字在尼日利亞和非洲其他地區最為常見。,,,,,,
女,Fawn,,,英語,源自英語單字 fawn，意為小鹿。,,,,,,
女男,Fay,,,英語,部分源自英語單字 fay，意為“仙女”，源自中古英語 faie，意為“神奇的、迷人的”，最終（經由古法語）源自拉丁語 fata，意為“命運三女神”。它以摩根勒菲 (Morgan le Fay) 的名字出現在蒙茅斯的傑弗裡 (Geoffrey of Monmouth) 編年史中。在某些情況下，它可能被用作 Faith 的縮寫。自 19 世紀以來，它一直被用作女性名字。,,,,,,
女,Faye,,"Fae, Fay",英語,Fay 的變體。,,,,,,
男,Feivel,,,意第緒語,來自希伯來語 Phoebus，意為「光明」。,,,,,,
女,Felicia,"Lisha, Lecia（英語）",,英語、義大利語、西班牙語、羅馬尼亞語、荷蘭語、瑞典語、晚期羅馬語,拉丁名 Felicius 的女性形式，由 Felix 衍生而來。作為英語名，自中世紀以來偶爾使用。,,,,,,
女,Felicity,Flick,,英語,源自英語單字 felicity（意為「幸福」），最終源自於拉丁語 felicitas（意為「好運」）。這是17世紀左右清教徒所採用的美德名之一。有時，它也可以用作拉丁語名字 Felicitas 的英語形式。自1998年電視劇《Felicity》首播以來，這個名字在美國迅速走紅。在英國，它更為常見。,,,,,,
女,Felisha,,,英語（現代）、非裔美國人（現代）,Felicia 的變體。,,,,,,
男,Felipe,,,西班牙語、葡萄牙語,Philip 的變體，意為「愛馬者」。,,,,,,
男,Felix,,,德語、荷蘭語、瑞典語、挪威語、丹麥語、英語、羅馬尼亞語、古羅馬語、聖經語、聖經拉丁語,"源自於一個羅馬綽號，拉丁文意為「幸運、成功」。公元前一世紀，羅馬將軍蘇拉將這個綽號作為綽號或暱稱使用。在《新約》中，囚禁聖保羅的猶太總督也曾經用這個綽號。
由於其寓意良好，這個名字在早期基督教徒中很受歡迎，許多早期聖徒和四位教皇都曾使用過這個名字。自中世紀以來，這個名字在英國也開始使用，但在歐洲大陸更為流行。德國作曲家費利克斯·門德爾松（1809-1847）是這個名字的著名持有者。",,,,,,
女,Femie,,,英語（罕見）,(Euphemia) 的暱稱。,,,,,,
男,Fenton,,,英語,源自姓氏，該姓氏原取自古英語中意為「沼澤小鎮」的地名。,,,,,,
男,Ferdi,,,德語、荷蘭語,(Ferdinand) 的縮寫。,,,,,,
男,Ferdinand,,,德語、法語、荷蘭語、英語、斯洛伐克語、捷克語、斯洛維尼亞語、克羅埃西亞語,源自Fredenandus，哥德名字的拉丁化形式，由friþus（意為「和平」）（或許是farþa（意為「旅程」）[1]）和nanþa（意為「大膽、英勇」）組成。西哥德人將這個名字帶到了伊比利半島，並傳入西班牙和葡萄牙的王室。之後，從16世紀出生於西班牙的斐迪南一世開始，這個名字在神聖羅馬帝國和奧地利的哈布斯堡王室中逐漸流行。葡萄牙探險家斐迪南·麥哲倫（1480-1521）的葡萄牙語名字是Fernão de Magalhães，他是首次環球航行探險隊的領袖。,,,,,,
男,Ferdy,,,英語,(Ferdinand) 的暱稱。,,,,,,
男,Fergal,,,愛爾蘭語,源自古蓋爾語，意為「勇猛的人」。,,,,,,
男,Fergus,,,蓋爾語,意為「男子氣概的力量」，在蘇格蘭和愛爾蘭傳統中常見。,,,,,,
,Fermin,,,西班牙語，巴斯克,來自拉丁語，意為「堅固的」、「穩定的」。,,,,,,
女,Fern,,Ferne,英語,源自於英語中表示植物的單字，最後源自於古英語fearn。自19世紀末以來，它一直被用作名字。,,,,,,
女,Fernanda,,,西班牙語、葡萄牙語,Ferdinand 的女性形式，意為「勇敢的冒險者」。,,,,,,
男,Fernando,,,西班牙語、葡萄牙語,Ferdinand 的變體，意為「大膽冒險者」。,,,,,,
女,Ferne,,Fern,英語,(Fern) 的變體。,,,,,,
女,Fernie,,,英語,Fern 的暱稱形式，象徵自然與柔和。,,,,,,
男女,Ferris,,,英語,源自愛爾蘭姓氏 Ó Fearghusa，意為「強壯的人」。,,,,,,
女,Fey,,,英語,意為「古怪的」、「通靈的」，也可能是 Fay 的變體。,,,,,,
女,Feyza,,,土耳其語,意為「恩典」、「福氣」。,,,,,,
男,Fidel,,,拉丁語、西班牙語,意為「忠誠的」，如古巴領導人 Fidel Castro。,,,,,,
女,Fidelia,,,拉丁語,Fidel 的女性形式，意為「忠貞的」。,,,,,,
男,Fielding,,,英語,意為「田地的守護者」，源於地名姓氏。,,,,,,
女,Fifi,,,法語,Josephine 或 Fiona 的暱稱，具有可愛意味。,,,,,,
男,Finbar,,,愛爾蘭語,意為「公平之子」或「美麗之髮」。,,,,,,
男,Finlay,,,蘇格蘭語、英語,Fionnlagh 的英語化形式。這種拼寫在蘇格蘭更為常見，但自 2007 年以來，在英格蘭和威爾士，變體 Finley 更為流行。,,,,,,
男女,Finley,,,英語,Finlay 的變體。這是迄今為止在美國最流行的拼寫，最近在美國，它作為女性名字的使用越來越普遍。,,,,,,
男,Finn (1),,,愛爾蘭神話、古愛爾蘭語[1]、愛爾蘭語、英語、荷蘭語、德語,Fionn 的古愛爾蘭語形式，以及通常的英語化拼寫（愛爾蘭英雄的名字英語化為 Finn McCool）。作為姓氏，它由馬克吐溫小說中的人物哈克貝利費恩 (Huckleberry Finn) 使用。,,,,,,
男,Finn (2),,,丹麥語、挪威語、瑞典語、荷蘭語、德語,源自古挪威語名稱 Finnr，意為「薩米人，來自芬蘭的人」。,,,,,,
男,Finnegan,"Finn, Finny",,英語（現代）,從愛爾蘭的姓氏，一種英語形式的ÓFionnagáin本身源自給定名稱Fionnagán，這是Fionn的小小的。這是詹姆斯·喬伊斯（James Joyce）的小說《芬尼根（Finnegans Wake）》（Finnegans Wake，1939年）中相對較小的角色的姓氏，其標題是基於19世紀的愛爾蘭民謠，稱為Finnegan's Wake。,,,,,,
男,Finnley,,,英語（現代）,Finley的變體。,,,,,,
女,Fiona,,,蘇格蘭語,意為「公平、美麗」，由詩人 James Macpherson 創造。,,,,,,
男,Fisher,,,英語,源自英文姓氏，意為「漁夫」。,,,,,,
男,Fisk,,,英語、斯堪地那維亞語,意為「魚」，多作姓氏使用。,,,,,,
男,Fitch,,,英語,來自職業姓氏，可能與毛皮交易有關。,,,,,,
男,Fitz,,,法語/英語,來自中世紀 Norman 字首，意為「之子」。,,,,,,
男,Fitzgerald,,,英語/愛爾蘭語,意為「Gerald 之子」，著名家族姓氏。,,,,,,
男,Fitzroy,,,英語,意為「國王之子」，用作貴族私生子之姓。,,,,,,
男,Flanagan,,,英語（罕見）,從愛爾蘭的姓氏，ÓFlannagáin的英語形式本身是摘自給定名稱的弗拉納根（Flannagán），該名稱源自愛爾蘭的弗蘭（Flann）“血紅色”和少量的後綴。,,,,,,
女,Flannery,,,英語（罕見）,從愛爾蘭姓氏（Irish姓氏），一種of flannghaile的英語形式，源自給定名稱的弗蘭加爾（Flannghal）含義“紅色勇氣”。著名的承載者是美國作家弗蘭納里·奧康納（Flannery O'Connor）（1925-1964）。,,,,,,
男,Fletcher,,,英語,從中間英語的“箭頭製造商”的姓氏，最終來自古老的法國弗萊徹。,,,,,,
女,Fleur,,,法語,意為「花朵」，象徵美麗與自然。,,,,,,
女,Fleurette,,,法語,Fleur 的小詞，意為「小花」。,,,,,,
女男,Flick,,,英語（罕見）,felicity的小小的。在某些情況下，這可能是英語單詞Flick的暱稱。,,,,,,
男,Flint,,,英語,來自英語詞彙單詞，來自古老的英語flint。,,,,,,
女,Flo,,,英語,Florence 或 Flora 的簡短形式。,,,,,,
女,Floella,,,英語（罕見）,Flo 的詳細形式。,,,,,,
女,Flora,,,拉丁語,古羅馬花神，意為「花朵」，象徵春天與生命。,,,,,,
女男,Florence,"Flo, Florrie, Florry, Flossie, Floy, Floella",,拉丁語,意為「繁榮」、「開花的」；如南丁格爾。,,,,,,
女,Floretta,,,英語,延遲的小小的 Flora。,,,,,,
女,Florrie,,,,,,,,,,
女,Florry,,,,,,,,,,
女,Flossie,,,英語,Florence 的暱稱形式，傳統女性名。,,,,,,
女,Flower,,,英語（罕見）,僅來自開花植物的英語單詞花。它（通過舊法語）來自拉丁文。,,,,,,
男,Floyd,,,威爾斯語,意為「灰髮者」，源於 Llwyd。,,,,,,
男,Flynn,,,愛爾蘭語,意為「紅髮的後代」，源自 Ó Floinn。,,,,,,
男,Fontaine,,,法語,意為「泉水」，象徵自然與純淨。,,,,,,
男,Ford,,,英語,來自一個源自一個地名的英語姓氏，意為 “可涉水而過之處；淺灘” 的舊英語。姓氏的著名承載者是美國工業家亨利·福特（Henry Ford）（1863-1947）。,,,,,,
男,Forrest,,,英語,意為「森林」；象徵自然與堅毅。,,,,,,
男女,Fortune,,,英語,意為「命運」或「幸運」，源自拉丁語 Fortuna。,,,,,,
男,Foster,,,英語,來自職業姓氏，意為「看護者」、「寄養者」。,,,,,,
男,Fox,,,英語,源於動物狐狸的名字，象徵狡猾或聰明。,,,,,,
男女,Fran,,,西班牙語、英語、克羅地亞語、斯洛維尼亞語,Francis、Frances 或相關名字的簡稱。,,,,,,
女,Francene,,,英語（罕見）,Francine 的英文變體。,,,,,,
女,Frances,"Cissy, Fannie, Fanny, Fran, Frankie, Frannie, Franny, Sissie, Sissy",,拉丁語,意為「自由的人」，女性版 Francis。,,,,,,
女,Francesca,,,義大利語,Frances 的義大利女性變體，意為「自由的女性」。,,,,,,
女,Francine,,,英語、法語,Frances 的變體，意為「自由的人」。,,,,,,
男女,Francis,"Cissy, Fannie, Fanny, Fran, Frank, Frankie, Frannie, Franny, Sissie, Sissy",,英語、法語,"晚期拉丁名 Franciscus 的英語形式，意為“法國人”，最終源於日耳曼部落法蘭克人，該部​​落因其使用的一種長矛而得名（原始日耳曼語 *frankô）。此名源自13世紀的聖方濟各·阿西西，他原名喬凡尼 (Giovanni)，但其仰慕法國的父親給他起了個綽號叫弗朗西斯科 (Francesco)。方濟各後來放棄了父親的財富，將自己的一生奉獻給窮人，創立了方濟會修士。晚年，他似乎被釘上了聖痕。
由於這位聖人的聲望，此名在中世紀的西歐廣為流傳。然而，直到16世紀，它才在英國被廣泛使用。著名的擁有者包括東亞傳教士聖方濟各·澤維爾（1506-1552）、哲學家兼科學家弗朗西斯·培根（1561-1626）、探險家兼海軍上將弗朗西斯·德雷克（1540-1595）和教皇方濟各（1936-2025）。
在英語世界中，這個名字偶爾也用於女孩，是同音詞 Frances 的變體。",,,,,,
男,Frank,Frankie,,英語、德語、荷蘭語、丹麥語、瑞典語、挪威語、法語,"源自古德語名，指日耳曼部落法蘭克人。法蘭克人在西元 3 至 4 世紀定居於現今的法國、比利時和荷蘭地區。他們的部落名可能源自於他們使用的一種長矛，源自於原始日耳曼語 *frankô。從中世紀開始，該名字的各種形式通常與 Francis 的各種形式混淆。在現代，有時它被用作 Francis 或 Franklin 的縮寫。
該名字由諾曼人傳入英國。著名的法蘭克人包括作家 L. Frank Baum（1856-1919）、建築師 Frank Lloyd Wright（1867-1959）和歌手 Frank Sinatra（1915-1998）。",,,,,,
男女,Frankie,,,英語,弗蘭克 (Frank) 或弗朗西斯 (Frances) 的暱稱。,,,,,,
男,Franklin,"Frank, Frankie",,英語,源自於一個源自中世紀英語frankelin（意為「自由人」）的英語姓氏。該姓氏的著名持有者是美國政治家、發明家、科學家和哲學家本傑明·富蘭克林（1706-1790）。在美國，該姓氏通常以他的名字命名。在美國總統富蘭克林·D·羅斯福（1882-1945）任期內，該姓氏也得到了進一步的推廣。,,,,,,
男,Franklyn,,,英語,Franklin 的變體。,,,,,,
女,Frannie,,,英語,(Frances) 的暱稱。,,,,,,
男女,Franny,,,英語,Frances 的暱稱，意為「自由的女性」。,,,,,,
男,Fraser,,,蘇格蘭語、英語（罕見）,源自蘇格蘭姓氏，原為諾曼法語 de Fresel，可能源自法國一個已失傳的地名。源自蘇格蘭姓氏，原為諾曼法語 de Fresel，可能源自法國一個已失傳的地名。,,,,,,
男,Frazier,,,英語,Fraser 的變體。,,,,,,
男,Fred,"Freddie, Freddy",,英語、荷蘭語、德語、法語、葡萄牙語、瑞典語、挪威語,Frederick 的縮寫形式，以及其他包含相同元素的名字。美國演員兼舞者 Fred Astaire (1899-1987) 是該名字的著名使用者。電視影集《摩登原始人》（1960-1966）中的卡通穴居人 Fred Flintstone 也使用了這個名字。,,,,,,
女,Freda,Freddie,,英語,以 freda 或 fred 結尾的名字的簡稱，例如 Winifred 或 Alfreda。,,,,,,
男女,Freddie,,,英語,弗雷德里克 (Frederick) 或弗雷達 (Freda) 的暱稱。一位值得注意的姓氏是音樂家弗雷迪·默丘里 (Freddie Mercury，1946-1991)，本名法魯克·布勒薩拉 (Farrokh Bulsara)，英國搖滾樂隊皇后樂隊 (Queen) 的主唱。,,,,,,
男,Freddy,,,英語、法語、荷蘭語,Frederick 的暱稱，以及其他包含相同元素的名稱。一個著名的虛構代名詞是恐怖片《猛鬼街》系列中的反派角色弗雷迪克魯格，該系列電影於 1984 年開始播出。,,,,,,
女,Frederica,Rica,,葡萄牙語、英語,Frederico 或 Frederick 的女性形式。,,,,,,
男,Frederick,"Fred, Freddie, Freddy",,英語,"一個古德語名字的英語形式，意為“和平的統治者”，源自於 fridu（意為“和平”）和 rih（意為“統治者，國王”）。這個名字在日耳曼大陸地區早已很常見，神聖羅馬帝國、德意志、奧地利、斯堪的納維亞和普魯士的統治者都曾使用過這個名字。這些統治者中，著名的有12世紀的神聖羅馬帝國皇帝兼十字軍戰士腓特烈一世·巴巴羅薩，13世紀的皇帝兼藝術贊助人腓特烈二世，以及18世紀的普魯士國王腓特烈二世，即腓特烈大帝。
諾曼人在11世紀將這個名字帶到了英國，但很快就消失了。 18世紀，德國漢諾威王朝繼承了英國王位後，重新使用了這個名字。其中一位著名的使用者是弗雷德里克·道格拉斯（1818-1895），他是一位美國前奴隸，後來成為廢奴運動的主要倡導者。",,,,,,
男,Fredric,"Fred, Freddie, Freddy",,英語,Frederick 的變體。,,,,,,
男,Freeman,,,英語,源自英語姓氏，意為「自由人」。最初指非農奴。,,,,,,
女,Freida,,,英語,(Frieda) 的變體。,,,,,,
女,Freya,,,北歐神話、英語（現代）、德語,"源自古挪威語“Freyja”，意為“女士”。這是北歐神話中一位與愛、美、戰爭和死亡相關的女神的名字。她將戰死沙場的英雄們的一半帶回她的王國弗爾克範格爾（Fólkvangr）。她與兄弟弗雷（Freyr）和父親尼約德（Njord）同屬華納神族（Vanir，與阿薩神族相對）。一些學者將她與女神弗麗嘉（Frigg）聯繫起來。
這並非斯堪的納維亞語的常用拼寫（瑞典語和丹麥語為Freja，挪威語為Frøja），但在英語中卻是女神名字的常用拼寫。 21世紀初，它在英國開始流行。",,,,,,
男女,Friday,,,英語（非洲）,源自英語中表示星期幾的單字，該詞源自古英語frigedæg，意為「弗里格的一天」。丹尼爾·笛福在其1719年的小說《魯濱遜漂流記》中用它來指稱一個角色。作為名字，它在非洲部分地區最常見，例如尼日利亞和尚比亞。,,,,,,
女,Frieda,,,德語、英語,Frida 的變體。,,,,,,
女,Frona,,,英語（罕見）,(Sophronia) 的暱稱。,,,,,,
男,Fulk,,,英語（古語）,源自日耳曼語名稱 Fulco，它是各種名稱的簡稱，以古法蘭克語 fulk 或古高地德語 folk（意為“人民”）開頭（原始日耳曼語 *fulką）。諾曼人將此名稱帶到了英格蘭，但如今已非常罕見。,,,,,,
男,Fulke,,,英語（古語）,Fulk 的變體。,,,,,,
男,Fulton,,,英語,這個姓氏源自諾福克郡福爾登鎮的名字，本身在古英語中意為「鳥丘」。,,,,,,
G,,,,,,,,,,,
女,Gabby,,,英語,(Gabrielle) 的暱稱。,,,,,,
男,Gabe,,,英語,Gabriel 的縮寫。,,,,,,
男,Gabriel,Gabe,,法語、西班牙語、葡萄牙語、德語、瑞典語、挪威語、丹麥語、芬蘭語、加泰隆尼亞語、英語、羅馬尼亞語、波蘭語、捷克語、斯洛伐克語、格魯吉亞語、聖經語、聖經拉丁語、聖經希臘語,"源自希伯來文名字 גַבְרִיאֵל (Ḡavriʾel)，意為「上帝是我的強者」，源自 גֶּבֶר (gever)，意為「強者，英雄」和 אֵל (ʾel)，ל為上帝」。加百列（Gabriel）是希伯來傳統中的大天使，常以上帝使者的形像出現。在《舊約》中，他被派去解釋先知但以理的異象；在《新約》中，他宣告約翰和撒迦利亞的降生，以及耶穌和瑪利亞的降生。根據伊斯蘭傳統，他是向穆罕默德口述《古蘭經》的天使。
這個名字自12世紀以來在英國偶爾使用。直到20世紀末，它在英語世界才開始流行。",,,,,,
女,Gabriella,,,義大利語、匈牙利語、英語、瑞典語,(Gabriel) 的女性形式。,,,,,,
女,Gabrielle,"Ella, Gabi, Gabby, Bree, Bria, Brie, Briella",,義大利語、匈牙利語、英語、瑞典語,(Gabriel) 的女性形式。,,,,,,
男,Gael,,,布列塔尼語、英語（現代）、西班牙語（現代）,可能源自民族語言學術語“蓋爾人”，指蓋爾語使用者。,,,,,,
男,Gage,,,英語（現代）,源自古法語的一個英語姓氏，意為“量度”，最初指化驗員，或“質押物”，指放債人。這個名字因《寵物墳場》（1983年）一書及其後續電影改編版（1989年）中的一個角色而廣為人知。,,,,,,
女,Gail,,,英語,(Abigail) 的縮寫。,,,,,,
女,Gaila,,,英語（罕見）,(Gail) 的詳細形式。,,,,,,
女,Gale (1),,,英語,Gail 的變體。它也與英語單字 gale（意為“風暴”）相符。,,,,,,
男,Gale (2),,,英語,源自中古英語 gaile（意為「快活的」）的姓氏。它也與英語單字 gale（意為“風暴”）相符。,,,,,,
男,Galen,,,英語,希臘文名稱 Γαληνός (Galenos) 的現代形式，源自希臘語 γαλήνη (galene)，意為「平靜」。該名稱由公元前2世紀一位對解剖學和醫學做出貢獻的希臘羅馬醫生所命名。在現代，有時也會以他的名字命名。,,,,,,
女,Galicia,Galy,,加利西亞語、西班牙語（拉丁美洲）,源自加利西亞地區，類似「América」或「África」等地名。這個名字與加利西亞移民有關，因此如今在拉丁美洲國家仍可見。,,,,,,
女,Galilea,,,義大利語（罕見）、西班牙語（罕見）、英語（現代）,Galileo 的女性形式。,,,,,,
男,Galileo,,,義大利語（罕見）,"源自拉丁語 galilaeus 的中世紀義大利名字，意為「加利利人，來自加利利」。加利利是以色列北部的一個地區，在《新約》中被提及為耶穌行過數次神蹟的地方。它源自於希伯來文根 גָּלִיל (galil)，意為「地區，捲軸」。
伽利略·伽利萊（1564-1642）是一位重要的義大利天文學家、物理學家和工程師。他的名字和姓氏均源自一位15世紀的早期祖先（一位醫生）。",,,,,,
男,Gallagher,,,英語（罕見）,來自愛爾蘭姓氏，愛爾蘭蓋爾語 Ó Gallchobhair 的英語化形式，源自名稱 Gallchobhar。,,,,,,
女,Gardenia,,,英語（罕見）,源自熱帶花卉的名稱，以蘇格蘭博物學家亞歷山大花園 (1730-1791) 的名字命名。,,,,,,
男,Gareth,Gaz,,威爾斯語、英語（英國）、亞瑟王傳奇,含義不明。這個名稱以這種形式出現在托馬斯·馬洛禮15世紀編纂的亞瑟王傳奇《亞瑟王之死》中，其中騎士加雷斯（Gareth，又名博曼）是高文（Gawain）的兄弟。他與萊內特（Lynet）一同前往，從紅騎士手中救出她的妹妹里昂內斯（Lyonesse）。馬洛禮以Gaheriet或Guerrehet命名，後者是法文文獻中類似角色的名字。這個名稱最終可能源自威爾斯語，可能源自Gwrhyd（意為「勇氣」）（見於故事《庫爾赫奇與奧爾文》（Culhwch and Olwen））或Gwairydd（意為「乾草領主」（hay lord）（見於編年史《布魯特與布倫希恩德》（Brut y Brenhined lord）。,,,,,,
男,Garey,,,英語,Gary 的變體。,,,,,,
男,Garfield,,,英語,源自於古英語中意為「三角田」的姓氏。美國總統詹姆斯·A·加菲爾德（1831-1881）是該姓氏的著名使用者。如今，該姓氏與吉姆戴維斯的漫畫《加菲貓》中的貓咪有關。,,,,,,
男,Garland,,,英語,源自古英語gara和land，意為「三角形土地」。該姓氏原指擁有三角形土地的人。,,,,,,
男,Garnet (1),,,英語,源自英語單字garnet，意為珍貴的寶石，一月的誕生石。此字源自於中世紀英語gernet，意為「深紅色」。,,,,,,
男女,Garnet (2),,,英語,源自於一個英語姓氏，該姓氏要么是指製作鉸鏈的人（古法語 carne），要么源自諾曼名字 Guarin。,,,,,,
男女,Garnett,,,英語,Garnet 的變體。,,,,,,
女,Garnette,,,英語（罕見）,Garnet 的變體。,,,,,,
男,Garret,,,英語,源自姓氏 Garrett 的變體。,,,,,,
男,Garrett,,,英語,源自英國姓氏，源自於名字 Gerald 或 Gerard。該姓氏的著名持有者是 Pat Garrett (1850-1908)，他是槍殺 Billy the Kid 的警長。,,,,,,
男,Garrick,,,英語,源自法國胡格諾派的英語姓氏，源自奧克語 garric，意為「橡樹林」。,,,,,,
男,Garry,,,英語,Gary 的變體。著名的 Gary 持有者是俄羅斯國際象棋選手加里·卡斯帕羅夫 (1963-)，出生時名為 Garik。,,,,,,
男,Garth,,,英語,源自古挪威語中意為「花園」的英語姓氏，原指居住在花園附近或在花園工作的人。,,,,,,
男,Gary,,,英語,源自於一個源自諾曼人名字的英語姓氏，諾曼人名字本身最初是一種以古德語元素 ger（意為“矛”）開頭的縮寫形式。這個名字在20世紀20年代末因美國演員加里·庫珀（1901-1961）而流行，他的藝名取自印第安納州加里市，他的經紀人就是在那裡出生的。它在1940年代和1950年代尤其流行，並在1950年打入美國流行音樂排行榜前十，但此後逐漸衰落。,,,,,,
男,Gavin,,,英語、蘇格蘭語,Gawain 的中世紀形式。雖然它在英格蘭已經消失，但在 20 世紀從蘇格蘭重新引入。,,,,,,
女,Gayla,,,英語,(Gail) 的詳細形式。,,,,,,
女男,Gayle,,,英語,(Gail) 的變體。,,,,,,
女,Gaynor,,,英語（英國）、威爾斯語,中世紀形式的 Guinevere。,,,,,,
女,Geena,,,英語（罕見）,(Gina) 的變體。,,,,,,
男,Geffrey,"Geoff, Jep",,英語（罕見）,(Geoffrey) 的變體。,,,,,,
女,Gemma,,,義大利語、加泰隆尼亞語、英語（英國）、荷蘭語,中世紀義大利暱稱，意為「寶石」。由13世紀義大利詩人但丁·阿利吉耶里的妻子所生。,,,,,,
女,Gena,,,英語,(Gina) 的變體。,,,,,,
男,Gene,,,英語,(Eugene) 的縮寫。,,,,,,
女,Genesis,,,英語（現代）,在希臘文中意為「誕生、起源」。這是《聖經》舊約第一卷書的名稱。它講述了世界的創造、亞當和夏娃的被驅逐、諾亞和大洪水以及三位先祖的故事。,,,,,,
女,Genette,Nettie,,英語（罕見）,Jeannette 的變體。,,,,,,
女,Geneva,Neva,,英語,可能是 Genevieve 的縮寫。也可能受瑞士城市名稱的啟發。自 19 世紀以來，它一直被用作英語世界的名稱。,,,,,,
女,Genevieve,Genie,,英語,Geneviève 的英語形式。,,,,,,
女,Genie,,,英語,(Eugenia) 的暱稱。,,,,,,
男,Geoff,,,英語,(Geoffrey) 的縮寫,,,,,,
男,Geoffrey,"Geoff, Jeff, Jep",,英語、法語,"源自諾曼法語中法蘭克名字的形式。第二個元素是古德語 fridu（和平），而第一個元素可能是 *gautaz（吉特，北日耳曼部落）、gawi（領土）或 walah（外國人）。兩個或多個名字可能合併成一個形式。在中世紀後期，Geoffrey 更容易與 Godfrey 這個獨特的名字混淆。
諾曼人將這個名字引入英格蘭，並在貴族中流行起來。著名的中世紀文學家包括 12 世紀的編年史家蒙茅斯的傑弗裡和 14 世紀的詩人、《坎特伯雷故事集》的作者傑弗裡·喬叟。到中世紀末期，這個名字已不常見，但在 20 世紀又重新流行起來，通常拼寫為 Jeffrey。",,,,,,
男,Geordie,,,英語,George 的暱稱。,,,,,,
男,George,"Geordie, Georgie",,英語、羅馬尼亞語、印度語（基督教）,"源自希臘文 Γεώργιος (Georgios)，此字源自希臘文 γεωργός (georgos)，意為「農夫、土方工人」，而 γεωργός (georgos) 本身則源自於元素 γῆ (ge)，意為「土地」和 ἔ聖喬治是一位來自卡帕多西亞的羅馬士兵，在戴克里先皇帝的迫害中殉道。後來的傳說描述了他擊敗一條惡龍的故事，中世紀藝術中經常描繪他與惡龍的形象。
最初，聖喬治主要受到東方基督徒的崇敬，但歸來的十字軍將他的傳說帶到了西歐，他成為了英格蘭、葡萄牙、加泰隆尼亞和阿拉貢的守護神。直到18世紀出生於德國的喬治一世繼承英國王位之前，這個名字在英國很少使用。之後，有五位英國國王都使用過這個名字。
其他著名的持有者包括希臘兩位國王、作曲家喬治·弗里德里希·亨德爾（1685-1759）、美國第一任總統喬治·華盛頓（1732-1797）以及太平洋探險家喬治·溫哥華（1757-1798）。這也是作家喬治·艾略特（1819-1880）和喬治·奧威爾（1903-1950）的筆名，他們的真名分別是瑪麗·安妮·埃文斯和埃里克·亞瑟·布萊爾。
印度的基督徒也使用這個名字，尤其是喀拉拉邦的聖托馬斯基督徒，拼寫為ജോർജ്ജ്（Jōrjj）。",,,,,,
女,Georgeanna,,,英語,(Georgiana) 的變體。,,,,,,
女,Georgene,,,英語,Georgine 的變體。,,,,,,
女,Georgetta,"Georgie, Gina",,英語,George 的女性形式。,,,,,,
女,Georgia,"Georgie, Gina",,英語、希臘語,喬治（George）的拉丁陰性形式。這是美國一個州的名稱，以英國國王喬治二世命名。喬治亞州（Georgia）的字源與此無關。美國畫家喬治亞·奧基夫（Georgia O'Keeffe，1887-1986）是該州的著名代表人物。,,,,,,
女,Georgiana,"Georgie, Gina",,英語、羅馬尼亞語,George 的女性形式。該名字的這種形式自 18 世紀以來一直在英語世界中使用。,,,,,,
女,Georgianna,"Georgie, Gina",,英語,(Georgiana) 的變體。,,,,,,
女男,Georgie,,,英語,(Georgia) 或  (George) 的縮寫。,,,,,,
女,Georgina,"Gena, Georgie, Gina, Jeana, Jeanna, Geena",,英語、西班牙語、匈牙利語,George 的女性形式。,,,,,,
男,Gerald,"Gerry, Jere, Jerry",,英語、德語、荷蘭語,源自日耳曼名字，意為“矛的力量”，由ger（意為“矛”）和 walt（意為“力量、權威”）兩個詞素組成。諾曼人將其帶到了英國。儘管它在中世紀的英格蘭已逐漸消亡，但在愛爾蘭仍然很常見。 19世紀，它在英語世界復興。一些中世紀的法國和德國聖人也使用過這個名字。一位8世紀的盎格魯撒克遜聖徒也曾使用過這個名字。在這種情況下，他的名字可能代表了歐洲大陸日耳曼名字的古英語同源詞。,,,,,,
女,Geraldine,"Geri, Gerri, Gerry, Jeri, Jerri, Jerrie, Jerry",,英語,傑拉爾德（Gerald）的女性形式。該名字由詩人亨利·霍華德 （Henry Howard）創作，用於1537年的一首讚美伊麗莎白·菲茨 杰拉德夫人的十四行詩中，他稱其為“杰拉爾丁”。,,,,,,
女,Geralyn,,,英語,Geraldine 或 Jerry 的變體，使用流行的名字後綴 lyn。,,,,,,
男,Gerard,Geert、Ger、Gerd、Gerry、Gert（荷蘭語）,,"英語,荷蘭語,加泰隆尼亞語,波蘭語",源自於古德語元素 ger（意為「矛」）與 hart（意為「堅硬、穩固、勇敢、耐寒」）的組合。名字由比利時、德國、匈牙利和義大利的聖徒所用。諾曼人將其引入英國。最初，它在英國比類似的名字Gerald更常見，並經常與後者混淆，但現在不太常見。,,,,,,
女,Geri,,,英語,(Geraldine) 的暱稱。,,,,,,
男,Gerrard,,,英語（罕見）,Gerard 的變體。,,,,,,
女,Gerri,,,英語,(Geraldine) 的暱稱。,,,,,,
男女,Gerry,,,英語、荷蘭語,(Gerald)、(Gerard) 或 (Geraldine) 的暱稱。,,,,,,
女,Gertie,,,英語、荷蘭語,(Gertrude) 的暱稱。,,,,,,
女,Gertrude,"Gertie, Trudi, Trudie, Trudy (英語) Gerta, Gerti, Gesine, Traudl, Traute, Trude, Trudi (德語)",,英語、法語、德語,意為“力量之矛”，源自古德語元素 ger（矛）和 drud（力量）。聖格特魯德大帝是一位13世紀的圖林根修女和神秘主義作家。該名稱可能由15世紀來自低地國家的定居者傳入英國。莎士比亞在其戲劇《哈姆雷特》（1600年）中用此名指稱哈姆雷特的母親。另一位著名的使用者是美國作家格特魯德·斯泰因（1874-1946）。,,,,,,
男,Gervase,,,英語（罕見）,Gervasius 的英語形式。中世紀時，諾曼人將此名字引入英國，但此後已變得罕見。,,,,,,
女,Giana,,,英語（現代）,Gianna 的變體。,,,,,,
女,Gianna,,,義大利文、希臘文、英語（現代）,義大利語中 Giovanna 的縮寫形式，以及現代希臘語中 Ioanna 的變體。這個詞在美國的使用始於 20 世紀末。 2020 年，吉安娜·布萊恩特 (Gianna Bryant) 和她的父親、籃球運動員科比·布萊恩特 (Kobe Bryant) 在一次直升機事故中喪生後，該詞的流行度飆升。,,,,,,
男,Gib,,,英語,吉爾伯特 (Gilbert) 的中世紀暱稱。,,,,,,
男,Gibson,,,英語（現代）,源自英語姓氏，意為「吉布之子」。,,,,,,
男,Gideon,,,聖經、希伯來文、英語、荷蘭語,基甸 (Gideon) 源自希伯來文 גִּדְעוֹן (Giḏʿon)，意為「伐木者，砍伐者」，源自 גָּדַע (gaḏaʿ)，意為「砍伐，劈開」。基甸是《舊約》中的英雄和士師。他率領寡不敵眾的以色列人攻擊米甸人，擊敗了他們，並殺死了他們的兩位國王。在英語世界中，基甸 (Gideon) 自新教改革以來就被用作名字，在清教徒中很受歡迎。,,,,,,
男,Giffard,,,英語（罕見）,源自英語和法語姓氏吉法德 (Giffard)。沃爾特·吉法德 (Walter Giffard) 是征服者威廉的諾曼同伴之一。,,,,,,
男女,Gift,,,英語（非洲）,源自於英語單字 gift，源自古挪威語。該名字在受英語影響的非洲地區最為常見。,,,,,,
女,Gifty,,,英語（非洲）,源自英語單字gift。這個名字在非洲加納最為常見。,,,,,,
男,Gil (2),,,英語,Gilbert 的縮寫形式以及其他以 Gil 開頭的名字。,,,,,,
男,Gilbert,"Gib, Gil",,英語,意為“光明的誓言”，源自古德語詞根 gisal（誓言、人質）和 beraht（光明）。諾曼人將此名稱引入英格蘭，並在中世紀時期盛行。這個名稱由一位12世紀的英國聖徒所命名，他是吉爾伯丁教團的創始人。,,,,,,
男,Giles,,,英語,源自晚期拉丁文語名 Aegidius，此名源自希臘文 αἰγίδιον (aigidion)，意為「小山羊」。聖吉爾斯是一位公元 8 世紀的奇蹟創造者，他從希臘來到法國南部。他被視為殘疾人的守護神。在古法語中，Aegidius 的名字演變為 Gidie，然後是 Gilles，最終傳入英國。另一位著名的 Aegidius 名字的持有者是 13 世紀的羅馬哲學家和神學家吉爾斯（意大利語為 Egidio）。,,,,,,
女,Gill,,,英語,Gillian 的縮寫。,,,,,,
女,Gillian,"Gill, Jill, Jillie, Jilly",,英語,中世紀英語中Julian的陰性形式。這種拼寫自13世紀以來一直沿用，但直到17世紀才被宣佈為與Julian截然不同的名字。,,,,,,
男,Gilroy,,,英語（罕見）,源自愛爾蘭姓氏，Mac Giolla Ruaidh 意為“紅髮僕人之子”，或 Mac Giolla Rí 意為“國王僕人之子”。,,,,,,
女,Gina,,,義大利語、英語、瑞典語、挪威語、丹麥語,Georgina、Regina、Luigina 等以 gina 結尾的名字的縮寫。也可用作 Virginia 或 Eugenia 的暱稱。這個名字在 1950 年代由義大利女演員吉娜·勞洛勃麗吉達 (1927-2023) 推廣，她的本名是 Luigina。,,,,,,
女,Ginger,,,英語,源自英語單字ginger，意為香料或紅棕色。它也可以指Virginia的縮寫，例如女演員兼舞者 Ginger Rogers（1911-1995），她就是Virginia這個名字的由來。,,,,,,
女,Ginnie,,,英語,Virginia 的縮寫。,,,,,,
女,Ginny,,,英語,Virginia 的縮寫。,,,,,,
女,Giselle,,,法語，英語（現代）,源自古德語元素gisal，意為「人質，抵押品」（原始日耳曼語*gīslaz）。這個名字最初可能是一個描述性暱稱，指一個作為抵押品贈予外國宮廷的孩子。查理曼大帝的一位姊妹和一位女兒都叫這個名字。法國國王查理三世的女兒也叫這個名字，她在10世紀嫁給了諾曼第領袖羅洛。另一位著名的名字是11世紀的施瓦本的吉塞拉，她是神聖羅馬帝國皇帝康拉德二世的妻子。這個名字在中世紀的法國很流行（更常見的法語形式是Gisèle）。雖然它因阿道夫·亞當的芭蕾舞劇《吉賽爾》（1841年）而在英語世界廣為人知，但直到20世紀才開始被廣泛使用。,,,,,,
女,Gisselle,,,英語（現代）,Giselle 的變體。,,,,,,
女,Githa,,,英語（古語）,Gytha 的變體。,,,,,,
男,Gladwin,,,英語（罕見）,源自古英語名字 Glædwine 的姓氏。,,,,,,
男,Gladwyn,,,英語（罕見）,Gladwin 的變體。,,,,,,
女,Gladys,,,威爾斯語、英語、法語、西班牙語,源自古威爾斯語名 Gwladus，可能源自 gwlad，意為「鄉村」。也可能被用作 Claudia 的威爾斯語形式。聖 Gwladus 或 Gwladys 是聖 Cadoc 的母親。她是 Brychan Brycheiniog 的女兒之一。這個名字在 Ouida 的小說《Puck》（1870 年）中使用後，在威爾斯以外的地方變得流行起來。,,,,,,
男,Glanville,,,英語（罕見）,源自於一個源自諾曼地名的英語姓氏，在古法語中可能意為「格蘭德（名為）的人的領地」。,,,,,,
男,Glen,,,英語,Glenn 的變體。,,,,,,
女,Glenda,,,英語,可能是 Glenn 的陰性形式，使用了後綴 da（源自 Linda 和 Wanda 等名字）。這個名字直到 20 世紀才被廣泛使用。,,,,,,
男,Glenn,,,英語,源自蘇格蘭姓氏，源自蓋爾語 gleann（意為「山谷」）。美國演員格倫福特（1916-2006）本名格威林（Gwyllyn），其姓氏由他所用。美國太空人約翰·格倫（1921-2016）也曾使用過這個姓氏。 1962年，他成為第一位完成繞地球飛行的美國人，這個名字的受歡迎程度達到頂峰。儘管美國女演員格倫·克洛斯（1947-）也使用過這個名字，但它從未作為女性名字流行起來。,,,,,,
女,Glenna,,,英語,Glenn 的女性形式。,,,,,,
女,Gloria,,,英語、西班牙語、義大利語、德語,"意為“榮耀”，源自葡萄牙語和西班牙語的聖母瑪利亞 Maria da Glória 和 María de Gloria。 Maria da Glória（1819-1853）是巴西皇帝佩德羅一世的女兒，最後成為葡萄牙女王瑪麗亞二世。這個名字由 E. D. E. N. Southworth 的小說《Gloria》（1891 年）和蕭伯納的戲劇《You Never Can Tell》（1898 年）引入英語世界，這兩部作品中的人物都具有葡萄牙背景 [1]。 20 世紀初，美國女演員格洛麗亞·斯旺森 (Gloria Swanson, 1899-1983) 讓這個名字廣為人知。另一位著名的使用者是女權主義者格洛麗亞·斯泰納姆 (Gloria Steinem, 1934-)。",,,,,,
女,Gloriana,,,英語（罕見）,拉丁文 gloria 的精簡形式，意為「榮耀」。在埃德蒙·史賓塞的詩《仙后》（1590年）中，這是標題人物的名字，象徵伊莉莎白一世女王。,,,,,,
女,Glory,,,英語（罕見）,源自於英語單字 glory，最終源自於拉丁語 gloria。,,,,,,
男,Goddard,,,英語（罕見）,源自於一個英法姓氏，該姓氏源自古德語名字Godehard。,,,,,,
男,Godfrey,,,英語（罕見）,源自日耳曼語名Godefrid，意為“上帝的和平”，古德語元素中含有“god”（上帝）和fridu（和平）。諾曼人將這個名字帶到了英國，並在中世紀時期變得普遍。布永的戈弗雷（Godfrey of Bouillon）是這個名字的著名傳承者，他是11世紀第一次十字軍東徵的領袖，也是拉丁耶路撒冷王國的首任統治者。,,,,,,
女,Goldie,,,英語,源自於金髮人士的暱稱，源自英語單字 gold。,,,,,,
男,Goodwin,,,英語（罕見）,源自於一個源自於名字 Godwine 的英語姓氏。,,,,,,
男,Gord,,,英語,Gordon 的縮寫。,,,,,,
男,Gorden,,,英語,Gordon 的變體。,,,,,,
男,Gordie,,,英語,Gordon 的暱稱。加拿大冰球明星戈迪豪 (1928-2016) 曾經使用過這個名字。,,,,,,
男,Gordon,,,蘇格蘭語，英語,源自於一個蘇格蘭姓氏，該姓氏最初源自於貝里克郡的一個地方，而貝里克郡本身源自於布立吞語元素，意為「寬敞的堡壘」。它最初是為了紀念查爾斯·喬治·戈登 (Charles George Gordon，1833-1885)，一位在保衛蘇丹喀土穆城時犧牲的英國將軍。在 20 世紀，這個名字在整個英語世界，尤其是在蘇格蘭和加拿大，都相當流行。這首歌在 20 世紀 30 年代在英國和美國達到頂峰，此後從大多數流行排行榜上消失了。,,,,,,
男,Gordy,,,英語,Gordon 的暱稱。,,,,,,
男,Gore,,,英語（罕見）,源自於一個英語姓氏，意為「三角形」（源自古英語 gara），原指居住在三角形土地上的人。美國作家戈爾·維達爾（1925-2012）是該姓氏的著名使用者。,,,,,,
女,Grace,,,英語,源自英語單字 grace，最終源自於拉丁文 gratia。這是清教徒在 17 世紀創造的美德名字之一。女演員格蕾絲凱利（1929-1982）是這個名字的著名使用者。 19 世紀末，這個名字在英語世界非常流行。儘管在接下來的 100 年裡，它的使用率有所下降，但在 20 世紀末又成功回歸。美國情境喜劇《威爾與格蕾絲》（1998-2006）或許對此有所助益，儘管這個名字在首播時就已經勢頭強勁。 2006年，它是英格蘭和威爾斯最受歡迎的女孩名字。,,,,,,
女,Gracelyn,,,英語（現代）,使用流行名字後綴lyn對Grace進行修飾。,,,,,,
女,Gracelynn,,,英語（現代）,使用流行名字後綴lyn對Grace進行修飾。,,,,,,
女,Gracie,,,英語,Grace的縮寫。,,,,,,
男, Grady,,,英語,源自愛爾蘭姓氏，該姓氏本身源自別名Gráda，意為「高貴、傑出」。,,,,,,
男,Graeme,,,蘇格蘭語，英語,源自 Graham 的姓氏變體。該名字的這種特殊拼寫在蘇格蘭、紐西蘭和澳洲最為常見。,,,,,,
男,Graham,,,蘇格蘭語，英語,源自蘇格蘭姓氏，最初源自於英語地名 Grantham，在古英語中可能意為「礫石家園」。該姓氏最早於12世紀由諾曼男爵 William de Graham 傳入蘇格蘭。該姓氏的著名使用者是亞歷山大·格雷厄姆·貝爾（Alexander Graham Bell，1847-1922），他是一位發明了電話的蘇格蘭裔加拿大裔美國發明家。該名字的著名使用者是英國作家格雷厄姆·格林（Graham Greene，1904-1991）。在20世紀，Graham 在英國、澳洲和加拿大比在美國更常見。然而，自2006年左右以來，它在美國排行榜上的排名一直在上升。,,,,,,
男,Grahame,,,蘇格蘭語，英語,源自 Graham 的姓氏變體。,,,,,,
男,Grant,,,英語，蘇格蘭語,源自一個英格蘭和蘇格蘭姓氏，源自諾曼法語 grand，意為「偉大的、龐大」。該姓氏的著名持有者是尤利西斯·格蘭特（1822-1885），他是美國內戰期間聯邦軍隊的指揮官，後來擔任總統。在美國，這個名字經常被用來紀念他。,,,,,,
男,Granville,,,英語,源自英格蘭姓氏，源自諾曼地名 Grainville。,,,,,,
男女,Gray,,,英語（罕見）,源自一個英格蘭姓氏，意為“灰色”，最初指頭髮或衣服灰白的人。,,,,,,
男,Graysen,,,英語（現代）,Grayson 的變體。,,,,,,
男,Grayson,,,英語（現代）,源自於一個英語姓氏，意為“管家之子”，源自中世紀英語 greyve（意為“管家”）。由於與 Jason、Mason 和 Graham 等流行名字相似，它在 20 世紀末變得流行。,,,,,,
女男,Greer,,,英語（罕見）,源自一個蘇格蘭姓氏，源自於名字 Gregor。,,,,,,
男,Greg,,,英語,Gregory 的縮寫。,,,,,,
男,Gregg,,,英語,Gregory 的縮寫。,,,,,,
男,Gregory,,,英語,拉丁語 Gregorius 的英語形式，Gregorius 源自於晚期希臘語名字 Γρηγόριος (Gregorios)，源自於 γρήγορος (gregoros)，意為「警惕、警覺」。這個名字在早期基督教徒中很流行，許多重要的聖徒都使用過這個名字，包括聖格雷戈里·陶馬圖爾格斯（Saint Gregory Thaumaturgus，3世紀）、聖格雷戈里·啟蒙者（Saint Gregory the Illuminator，4世紀）、聖格雷戈里·尼撒（Saint Gregory of Nyssa，4世紀）、聖格雷戈里·納齊安（Saint of Gregory Nazia of Nyssa） Tours，6世紀）。 6世紀的教宗聖格雷戈里一世（一位改革家和教會聖師）以及之後的15位教宗也都使用過這個名字。由於使用這個名字的聖徒聲名顯赫，Gregory（各種拼寫）在中世紀至今的基督教世界中一直很常見。自12世紀以來，它一直在英國使用。現代著名的Gregory Peck（1916-2003）也曾使用過這個名字。,,,,,,
男,Grenville,,,英語（罕見）,源自Granville的一個姓氏變體。,,,,,,
男,Gresham,,,英語（罕見）,源自姓氏，該姓氏源自古英語中意為「放牧家園」的地名。,,,,,,
女,Greta,,,德語、義大利語、瑞典語、立陶宛語、波蘭語、英語,Margareta 的縮寫。瑞典女星葛麗泰嘉寶 (1905-1990) 曾使用此名。,,,,,,
女,Gretchen,,,德語、英語,Margareta 的德語暱稱。,,,,,,
女,Gretta,,,英語,Greta 的變體。,,,,,,
男女,Grey,,,英語（現代）,Gray 的變體。,,,,,,
男,Greyson,,,英語（現代）,Grayson 的變體。,,,,,,
女,Grier,,,英語（罕見）,源自於一個蘇格蘭姓氏，該姓氏源自於名字 Gregor。,,,,,,
男,Griffin,,,英語,Gruffudd 的拉丁化形式。這個名字也可能受到英語單字griffin的啟發，griffin是一種獅身鷹首鷹翼的生物，最終源自於希臘語γρύψ（gryps）。,,,,,,
女,Griselda,Zelda,,英語、西班牙文、文學,可能源自古德語元素 gris（灰色）和hilt（戰鬥）。它並非日耳曼語名字。這是中世紀民間傳說中一位耐心妻子的名字，薄伽丘（《十日談》）和喬叟（《坎特伯雷故事集》）都曾將其改編成故事。,,,,,,
男,Grosvenor,,,英語（罕見）,源自於一個英國姓氏，在諾曼法語中意為“偉大的獵人”。,,,,,,
男,Grover,,,英語,源自於一個英語姓氏，源自古英語graf，意為「樹林」。美國總統格羅弗·克利夫蘭（1837-1908）是該姓氏的著名繼承人，他在19世紀末使該姓氏在美國流行起來。現在，該姓氏與兒童電視節目《芝麻街》中的一個布偶角色聯繫在一起。,,,,,,
男,Gunner,,,英語（現代）,Gunnar 的英語變體，受“gunner”一詞的影響。,,,,,,
男,Gus (1),,,英語,Augustus 或 Angus 的縮寫。,,,,,,
女,Gussie,,,英語,Augusta 的暱稱。,,,,,,
男,Guy (1),,,英語、法語,Wido 的古法語形式。諾曼人將其引入英國，並在英國一直使用，直到蓋伊·福克斯（1570-1606）——一位試圖炸毀英國議會的革命者——的時代。這個名字在19世紀再次流行起來，部分原因是沃爾特·斯科特的小說《蓋伊·曼納林》（1815年）和C. M. 楊格的小說《雷德克萊夫的繼承人》（1854年）中的人物。,,,,,,
女,Gwen,,,威爾斯語，英語,源自威爾斯語gwen，gwyn的陰性形式，意為「潔白的，受祝福的」。它也可以是Gwendolen、Gwenllian和其他以Gwen開頭的名字的縮寫。,,,,,,
女,Gwenda,,,威爾斯語，英語,源自威爾斯語元素gwen，意為“潔白的，受祝福的”，da意為“好的”。這個名字誕生於19世紀。,,,,,,
女,Gwendoline,Gwen,,威爾斯語、英語（英式）、法語,Gwendolen 的變體。,,,,,,
女,Gwendolyn,Gwen,,英語,Gwendolen 的變體。這是美國的常用拼法。,,,,,,
女,Gwenevere,,,英語（罕見）,Guinevere 的變體。,,,,,,
女,Gwyneth,,,威爾斯語、英語,可能是 Gwynedd 的變體。自 19 世紀以來，這個詞在威爾斯很常見，可能源自威爾斯小說家葛妮絲沃恩 (1852-1910)，她的真名是安哈里特休斯 (Ann Harriet Hughes)。現代著名的 Gwyneth Paltrow 是美國女演員格溫妮絲·帕特洛 (1972-)。,,,,,,
男,Gyles,,,英語（罕見）,Giles 的變體。,,,,,,
女,Gypsy,,,英語（罕見）,源自英語單字 Gypsy，指起源於印度北部的遊牧民族。該字原為埃及語的謳用。作為一個種族術語，它有時被認為是冒犯性的。,,,,,,
女,Gytha,,,英語（古語）,源自古挪威語 Guðríðr 的暱稱 Gyða。這個名字由一位丹麥貴婦所生，她在11世紀嫁給了英國威塞克斯郡的戈德溫勳爵。此後，該名字在英格蘭短暫使用，並在19世紀重新流行。,,,,,,
H,,,,,,,,,,,
女男,Hadley,,,英語,源自於一個英語姓氏，該姓氏源自於古英語中意為「石楠田」的地名。,,,,,,
男女,Hadyn,,,英語（罕見）,Hayden 的變體。,,,,,,
女,Hailee,,,英語（現代）,Hayley 的變體。,,,,,,
女,Hailey,,,英語（現代）,Hayley 的變體。這是目前美國最常見的拼寫，在 2001 年超過了 Haley，並在 2010 年名列第 19 位。,,,,,,
女,Hailie,,,英語（現代）,Hayley 的變體。,,,,,,
女,Haisley,,,英語（現代）,現代名字，可能是 Hayley 或 Hazel 和 Paisley 的混合。,,,,,,
男,Hal,,,英語,Harry 的中世紀暱稱。在莎士比亞關於亨利四世的兩部歷史劇中，哈爾王子（Prince Hal）是未來國王亨利五世的名字。,,,,,,
男,Hale (2),,,英語,源自一個姓氏，該姓氏源自於古英語 healh 中意為「角落、撤退」的地名。,,,,,,
女,Haleigh,,,英語（現代）,Hayley 的變體。,,,,,,
女,Haley,,,英語（現代）,Hayley 的變體。這種拼字在 1977 年在美國開始流行，可能要歸功於作家亞歷克斯·哈利（Alex Haley），他的著作《根》（Roots）在當年被改編成一部熱門迷你劇。從那時到 2001 年，這一直是美國最常見的拼寫，直到 Hailey 取代了它。,,,,,,
男,Hall,,,英語,源自一個姓氏，該姓氏源自古英語 hell “莊園、大廳”，原本屬於在莊園中生活或工作的人。,,,,,,
男,Hallam,,,英（罕見）,源自一個姓氏，該姓氏源自於古英語中意為「在岩石處」或「在角落」的地名。,,,,,,
女,Halle (2),,,英語（現代）,就美國女演員哈莉貝瑞（Halle Berry，1966-）而言，它源自於她出生地克利夫蘭一家百貨公司的名稱（這家商店由兩位姓氏為德國姓氏 Halle 的兄弟創立，該姓氏與 Hall 同源）。,,,,,,
女,Hallie,,,英語,哈麗特（Harriet）的暱稱。,,,,,,
女,Halo,,,英語（現代）,源自英語單字 halo，意為“發光的圓盤或圓環”，源自希臘語 ἅλως（光暈）。光環常出現在宗教藝術中，位於聖人的頭頂。,,,,,,
男,Hamilton,,,英語,源自蘇格蘭和英格蘭姓氏，該姓氏源自古英語 hamel（彎曲的、殘缺的）和 dun（山丘）。該姓氏最初取自英格蘭萊斯特郡一個小鎮的名字（該小鎮現已不存在）。擁有這個姓氏的著名人物是亞歷山大·漢密爾頓 (1755-1804)，他是美國開國元勳之一，在與阿倫·伯爾的決鬥中被殺。,,,,,,
男,Hammond,,,英語（罕見）,源自於一個英語姓氏，該姓氏源自諾曼人名 Hamo 或古挪威人名 Hámundr。,,,,,,
男,Hamnet,,,英語（古語）,Hamo 的暱稱。這是莎士比亞一個兒子的名字，他幼年夭折。他的去世可能為他父親的戲劇《哈姆雷特》提供了靈感。,,,,,,
男,Hank,,,英語,原本是 Hankin 的縮寫，Hankin 是中世紀 John 的暱稱。自 17 世紀以來，在美國，這個名字也被用來稱呼 Henry，這可能是受到荷蘭暱稱 Henk 的影響。美國前棒球運動員 Hank Aaron（1934-2021）是這個名字的著名使用者。,,,,,,
女,Hannah,,,英語、希伯來文、德文、荷蘭語、阿拉伯文、聖經,源自希伯來文名 חַנָּה (Ḥanna)，意為「恩惠、恩典」，源自於字根 חָנַן (ḥanan)，意為「仁慈」。在《舊約》中，這是以利加拿妻子的名字。她的情敵是以利加拿的另一個妻子毘尼拿，毘尼拿育有子女，而哈拿一直不孕。在得到以利的祝福後，她終於懷上了撒母耳。作為英語名，漢娜 (Hannah) 直到宗教改革後才開始被廣泛使用，這與從中世紀晚期開始使用的方言形式 Anne 和 Ann 以及拉丁語形式 Anna 不同。在 20 世紀下半葉，漢娜 (Hannah) 的受歡迎程度飆升，並在美國和英國的姓名排行榜上名列前茅。,,,,,,
女男,Happy,,,英語（罕見）,源自英語單字 happy，源自中世紀英語 hap，意為“機會、運氣”，源自古挪威語。,,,,,,
男,Harding,,,英語,"源自於一個英語姓氏，姓氏源自於古英語名字 Heard。美國總統哈丁 (Warren G. Harding, 1865-1923) 是該姓氏的著名持有者。",,,,,,
男,Hardy (1),,,英語,源自一個姓氏，該姓氏源自中世紀英語 hardi（大膽、頑強）。,,,,,,
男,Harlan,,,英語,源自姓氏，姓氏源自古英語中意為「野兔之地」的地名。在美國，這個姓氏有時是為了紀念最高法院法官約翰·馬歇爾·哈蘭（1833-1911）。,,,,,,
男,Harland,,,英語,源自姓氏，該姓氏是 Harlan 的變體。,,,,,,
女,Harlee,,,英語（現代）,Harley 的變體。,,,,,,
女,Harleigh,,,英語（現代）,Harley 的變體。,,,,,,
男女,Harley,,,英語,源自於一個英語姓氏，該姓氏源自一個地名，該地名本身源自古英語 hara（野兔）或 hær（岩石、石堆）和 leah（林地、空地）。自19世紀以來，Harlow一直是美國男孩的名字。 1987年，在肥皂劇《指路明燈》中出現了一個同名角色後，Harlow也開始用於女孩。,,,,,,
女男,Harlow,,,英語,源自於一個英語姓氏，該姓氏源於一個地名，而地名本身又源於古英語hær（岩石，石堆）或此處的“軍隊”，與hlaw（山丘）的組合。作為女孩的名字，它在2008年引起了一些關注，當時美國名人妮可·里奇用它為她的女兒命名。,,,,,,
男,Harmon,,,英語,源自一個姓氏，該姓氏源自於名字Herman。,,,,,,
女,Harmonie,,,英語（罕見）,Harmony的變體。,,,,,,
女,Harmony,,,英語,源自英語單字harmony，最終源自於希臘文ἁρμονία（harmonia）。,,,,,,
男,Harold,,,英語,源自古英語名字Hereweald，源自here「軍隊」和weald「強大的，威武的」兩個字。古挪威語同源詞Haraldr在英國的斯堪的納維亞定居者中也很常見。這是五位挪威國王和三位丹麥國王的名字。兩位英格蘭國王也使用過這個名字，他們都擁有斯堪的納維亞和盎格魯-撒克遜的混合血統，其中包括哈羅德二世，他在黑斯廷斯戰役中戰敗（並在戰役中陣亡），從而導致了諾曼征服。諾曼征服之後，這個名字逐漸消失，但最終在19世紀復興。,,,,,,
女男,Harper,,,英語,源自於一個英語姓氏，最初屬於演奏或製作豎琴（古英語為hearpe）的人。一位著名的使用者是美國作家哈珀李（1926-2016），著有《殺死一隻知更鳥》。它在21世紀初和21世紀初迅速流行起來，並於2015年躋身美國女孩常用名前十名。,,,,,,
女,Harriet,"Etta, Ettie, Hallie, Hattie, Hatty, Hettie",,英語,Henriette 的英語形式，因此也是 Harry 的陰性形式。它最早出現在17世紀，到18世紀在英語世界變得非常普遍。著名的使用這個名字的人包括美國人哈麗雅特·比徹·斯托（1811-1896），《湯姆叔叔的小屋》的作者，以及廢奴主義者哈麗雅特·塔布曼（1820-1913）。,,,,,,
女,Harriett,"Etta, Ettie, Hallie, Hattie, Hatty, Hettie",,英語,Harriet 的變體。,,,,,,
女,Harrietta,"Hallie, Hattie, Hatty",,英語（罕見）,Harriet 的變體。,,,,,,
女,Harriette,"Etta, Ettie, Hallie, Hattie, Hatty, Hettie",,英語,Harriet 的變體。,,,,,,
男,Harris,,,英語,源自於一個源自名字 Harry 的英語姓氏。,,,,,,
男,Harrison,,,英語,源自於一個意為「Harry 之子」的英語姓氏。這是兩位美國總統的姓氏，威廉·亨利·哈里森（1773-1841）和他的孫子本傑明·哈里森（1833-1901）。作為名字，它在1977年在美國跌至低谷，後來因演員哈里森·福特（1942-）的演藝生涯而重新流行起來，他主演了1977年的《星球大戰》和1984年的《奪寶奇兵》。,,,,,,
男,Harry,,,英語、荷蘭語、瑞典語、德語,Henry的中世紀英語形式。在現代，它既用作Henry的縮寫，也用作以Har開頭的名字的縮寫。著名的Harry包括美國總統哈里·S·杜魯門（1884-1972），他的名字取自其叔叔哈里森，以及英國皇室成員哈利王子（1984-），他的名字實際上就是Henry。它也是J.K.羅琳的《哈利波特》系列小說中男巫師的名字。,,,,,,
男女,Hartley,,,英語（罕見）,源自於一個英語姓氏，該姓氏源自於一個地名，而地名本身又源自於古英語 heorot（hart，雄鹿）和 leah（林地，空地）。,,,,,,
男,Harve,,,英語,Harvey 的縮寫。,,,,,,
男,Harvey,Harve,,英語,源自布列塔尼人名 Haerviu，意為“值得戰鬥”，由 haer（戰鬥）和 viu（值得）組成。這是一位公元 6 世紀布列塔尼隱士的名字，他是盲人的守護神。諾曼征服後，布列塔尼的定居者將其引入英國。在中世紀後期，它變得罕見，但在 19 世紀又重新流行起來。,,,,,,
男,Harvie,,,英語,Harvey 的變體。,,,,,,
女,Hattie,,,英語,Harriet 的暱稱。,,,,,,
女,Hatty,,,英語,Harriet 的暱稱。,,,,,,
女男,Haven,,,英語,源自英語中意為「安全之地」的單字，最終源自於古英語 hæfen。,,,,,,
男女,Hayden,,,英語,源自於一個英語姓氏，該姓氏源於地名，意為“乾草谷”或“乾草山”，源自古英語 heg（乾草）和 denu（山谷）或 dun（山丘）。它在20世紀末的流行源於其與當時其他流行名字（如 Braden 和 Aidan）發音相似。,,,,,,
男,Haydn,,,英語（英國）,源自德語姓氏，意為「異教徒」。用來紀念奧地利作曲家約瑟夫·海頓（1732-1809）。,,,,,,
男,Hayes,,,英語,源自姓氏，Hayes 1 或 Hayes 2。此姓氏由美國總統拉瑟福德·B·海斯（1822-1893）所用。,,,,,,
女,Haylee,,,英語（現代）,Hayley 的變體。,,,,,,
女,Hayleigh,,,英語（現代）,Hayley 的變體。,,,,,,
女,Hayley,,,英語（現代）,源自於一個英語姓氏，最初源自於一個英國城鎮的名稱（意為“乾草空地”，源自古英語 heg“乾草”和 leah“空地”）。由於英國童星海莉·米爾斯（Hayley Mills，1946-），它作為名字引起了公眾的關注，尤其是在英國。這是該名字在英國、澳洲和紐西蘭最常見的拼寫；在美國，Haley 和 Hailey 的拼寫更為流行。,,,,,,
女,Haylie,,,英語（現代）,Hayley 的變體。,,,,,,
男,Haywood,,,英語,源自一個姓氏，源自於一個地名，在古英語中意為「有柵欄的樹林」。,,,,,,
男女,Haze,,,英語（罕見）,Hayes 的變體，有時用作 Hazel 的縮寫。,,,,,,
女,Hazel,,,英語,源自英語單字 hazel，意為樹木或淺棕色，最終源自古英語 hæsel。它在19世紀被創造為一個名字，並迅速流行起來，到1897年在美國女孩中排名第18位。它在20世紀下半葉不再流行，但後來又恢復了流行。,,,,,,
男,Headley,,,英語（罕見）,Hedley的變體。,,,,,,
男,Heath,,,英語,源自一個英國姓氏，指居住在荒野的人。它因20世紀60年代電視劇《大峽谷》中的角色Heath Barkley而作為名字而流行起來。,,,,,,
女,Heather,,,英語,源自英語單字heather，指一種開粉紅色或白色花朵的小灌木，通常生長在岩石地區。它源自於中世紀英語hather。它在19世紀後期首次被用作名字，但直到20世紀下半葉才開始流行。,,,,,,
女,Heaven,,,英語（現代）,源自英語詞彙，意為「天堂」。它源自於中古英語 hevene，源自古英語 heofon（意為「天空」）。,,,,,,
女,Heavenly,,,英語（現代）,源自英語，意為「天國的、神聖的」。,,,,,,
男,Hector,,,英語、法語、希臘神話（拉丁化）、亞瑟王傳奇,希臘文 Ἕκτωρ (Hektor) 的拉丁化形式，源自 ἕκτωρ (hektor)，意為「堅守」，最終源自 ἔχω (echo)，意為「持有、佔有」。在希臘傳說中，赫克托爾是與希臘人作戰的特洛伊勇士之一。在戰鬥中，他殺死了阿喀琉斯的朋友帕特洛克勒斯後，自己也被阿喀琉斯殘忍地殺死，阿喀琉斯將他的屍體綁在戰車上拖行。這個名字也出現在亞瑟王傳奇中，屬於亞瑟王的養父…[更多],,,,,,
男,Hedley,,,英語（罕見）,源自於姓氏，該姓氏源自於古英語中意為「石楠空地」的地名。,,,,,,
女,Heidi,,,德語、挪威語、丹麥語、瑞典語、芬蘭語、英語,Adelheid 的德語縮寫。這是瑞士作家 Johanna Spyri 於 1880 年創作的兒童小說《海蒂》（Heidi）中主角的名字。 1937 年，由秀蘭鄧波兒主演的同名電影上映後不久，這個名字開始在英語世界使用。,,,,,,
女,Helen,"Ella, Elle, Ellie, Elly, Lena, Nell, Nelle, Nellie, Nelly",,英語、瑞典語、挪威語、丹麥語、愛沙尼亞語、希臘神話（英語化）,希臘文 Ἑλένη (Helene) 的英語形式，可能源自希臘文 ἑλένη (helene)，意為“火炬”或“屍體”，也可能與 σελήνη (selene)，意為“月亮”有關。在希臘神話中，海倫是宙斯和勒達的女兒，她被帕里斯綁架，引發了特洛伊戰爭。西元4世紀，羅馬皇帝君士坦丁的母親聖赫勒拿也以這個名字命名，據說她在耶路撒冷之行中發現了真十字架。早期基督教徒最初使用這個名字來紀念這位聖人，而不是使用古典人物的名字。在中世紀的英格蘭，它通常被拼寫為Ellen，而Helen這個拼寫直到文藝復興之後才被正式使用。一位著名的Helen Keller（1880-1968）是一位盲聾的美國作家和講師。,,,,,,
女,Helena,"Alena, Ella, Hella, Lena, Lene, Leni(德文) Heleentje, Lena(荷蘭文) Ella, Elna, Lena(瑞典文) Eli, Ella, Elna, Hella, Helle, Lena, Lene(丹麥文) Eli, Ella, Elna, Lena, Lene(挪威文) Lena(葡萄牙文) Helenka、 Lena (波蘭語) Alena, Helenka, Lenka (捷克語) Alena, Lenka (斯洛伐克語) Ella, Heli, Leena, Lena (芬蘭語) Heli, Leena (愛沙尼亞語) Alena, Alenka, Ela (斯洛文尼亞語) Ela (克羅地亞語) Ella, Elle, Ellie, Elly, Lena, Nell (英語)",,德語、荷蘭語、瑞典語、丹麥語、挪威語、冰島語、葡萄牙語、加泰隆尼亞語、波蘭語、捷克語、斯洛伐克語、芬蘭語、愛沙尼亞語、斯洛維尼亞語、克羅埃西亞語、索佈語、英語、古希臘語（拉丁語化）、希臘語神話（拉丁語化）,Helen的拉丁化形式。這是威廉莎士比亞戲劇《終成眷屬》（1603年）中女主角的名字。,,,,,,
女,Hellen,"Ella, Elle, Ellie, Elly, Lena, Nell, Nelle, Nellie, Nelly",,英語,Helen 的變體。,,,,,,
男,Henderson,,,英語,源自蘇格蘭姓氏，意為「亨利之子」。,,,,,,
男,Hendrix,,,英語（現代）,源自荷蘭姓氏，姓氏源自名字 Hendrik。美國搖滾音樂家吉米·亨德里克斯（1942-1970）是該姓氏的著名傳承者。,,,,,,
女,Henrietta,Etta、Ettie、Hallie、Hattie、Hatty、Hettie (英語) Henny (瑞典語),,英語、匈牙利語、芬蘭語、瑞典語,Henriette 的拉丁化形式。該名稱由 17 世紀英國國王查理一世的妻子 Henriette Marie 引入英國。 Henriette 這個名字也被英語化為 Harriet，這種形式最初更受歡迎。,,,,,,
男,Henry,"Hal, Hank, Harry",,英語,源自日耳曼語名字 Heimirich，意為“家庭統治者”，由 heim（家庭）和 rih（統治者）兩個詞組成。後來，它通常被拼寫為 Heinrich，拼寫方式有所改變，原因是受到其他日耳曼名字的影響，例如 Haganrich，其首字母是 hag（意為“圍欄”）。 Heinrich 在歐洲大陸的皇室中很受歡迎，有七位德國國王都用這個名字，最早的是十世紀的亨利一世（撒克遜國王的第一位），還有四位法國國王。在法國，它通常被拼寫為 Henri，源自拉丁語 Henricus。諾曼人將法語形式引入英國，隨後有八位國王使用過這個名字，最後是16世紀臭名昭著的亨利八世。在中世紀後期，它相當流行，在英語發音中通常被拼寫為 Harry 或 Herry。著名持有者包括北極海軍探險家亨利·哈德遜（1570-1611）、美裔英國小說家亨利·詹姆斯（1843-1916）、美國汽車製造商亨利·福特（1863-1947）和美國演員亨利·方達（1905-1982）。,,,,,,
女,Hepsie,,,英語（罕見）,Hephzibah 的暱稱。,,,,,,
男,Herb,,,英語,Herbert 的縮寫。,,,,,,
男,Herbert,"Bert, Bertie, Herb, Herbie",,英語、德語、荷蘭語、捷克語、瑞典語、法語,源自古德語元素 heri（軍隊）和 beraht（聰明）。這個名字由兩位墨洛溫王朝的法蘭克國王使用，通常被稱為 Charibert。諾曼人將這個名字引入英格蘭，在那裡它取代了古英語同源詞 Herebeorht。在中世紀時期，它變得罕見，但在19世紀又重新流行起來。一些中世紀聖人也使用過這個名字，其中包括一位7世紀的盎格魯-撒克遜神父和一位11世紀的科隆大主教。,,,,,,
男,Herbie,,,英語,Herbert 的暱稱。,,,,,,
男,Herman,,,英語、荷蘭語、瑞典語、挪威語、丹麥語、芬蘭語、斯洛維尼亞語、日耳曼語,意為“軍人”，源自古德語元素 heri（軍隊）和 man（人，男人）。這個名字由諾曼人傳入英國，後來逐漸消亡，並於19世紀在英語世界復興。 18世紀，一位前往阿拉斯加的俄羅斯傳教士使用了這個名字，他被東正教尊為聖人，儘管他的名字是德語的另一種音譯。另一位著名的使用這個名字的人是美國作家赫爾曼·梅爾維爾（1819-1891），《白鯨記》的作者。,,,,,,
男,Hervey,Harve,,英語,Harvey 的變體。,,,,,,
女,Hester,Hettie,,英語、荷蘭語、聖經拉丁語,Esther 的拉丁文形式。與 Esther 一樣，自新教改革以來，它就一直在英國使用。納撒尼爾‧霍桑 (Nathaniel Hawthorne) 曾用它來形容他1850年小說《紅字》(The Scarlet Letter) 的女主角海絲特‧白蘭 (Hester Prynne)，她是一位清教徒，因未婚生子而被迫在胸前佩戴一個紅色字母「A」。,,,,,,
女,Hettie,,,英語,Henrietta 或 Hester 的暱稱。,,,,,,
m,Hewie,,,英語（罕見）,Hughie 的變體。,,,,,,
女男,Hilary,,,英語,Hilarius 或 Hilaria 的中世紀英語形式。在中世紀，它主要是男性名字。 20 世紀初，它在英國重新流行起來，成為一個以女性為主的名字。在美國，自從希拉蕊·柯林頓（1947-）於1993年成為第一夫人以來，這個名字及其變體「Hillary」的受歡迎程度似乎有所下降。著名的Hilary名字包括美國女演員希拉里·斯萬克（1974-）和希拉里·達芙（1987-）。,,,,,,
女,Hilda,,,英語、德語、荷蘭語、瑞典語、挪威語、丹麥語、芬蘭語、西班牙語、匈牙利語、盎格魯撒克遜語（拉丁化）、日耳曼語,最初是包含古法蘭克語元素hildi、古高地德語hilt和古英語hild（意為「戰鬥」）（原始日耳曼語*hildiz）的簡稱。這個簡稱既用於古英語，也用於歐洲大陸的日耳曼語名字。惠特比的聖希爾達（或希爾德）是一位7世紀的英國聖徒和女修道院院長。在中世紀晚期，這個名字在英國變得罕見，但在19世紀又重新流行起來。,,,,,,
女男,Hildred,,,英語,可能源自古英語男性名字 Hildræd，由 hild（戰鬥）和 ræd（忠告、建議）組成。這個名字在19世紀後期復興，可能是因為它與流行名字 Hilda 和 Mildred 相似。,,,,,,
女,Hillary,,,英語,Hilary 的變體。該姓氏的著名使用者是 Edmund Hillary（1919-2008），他是第一個登上珠穆朗瑪峰的人。美國政治家希拉里·羅德姆·克林頓（1947-）也使用了這個姓氏。 1993年，在她成為比爾·柯林頓的妻子，成為第一夫人後，這個名字的受歡迎程度有所下降。,,,,,,
男,Hiram,,,聖經，英語,源自腓尼基語 𐤇𐤓𐤌 (Ḥirom)，意為「尊貴的兄弟」。根據《舊約》，這是泰爾國王的名字。他可能在公元前10世紀統治。 Hiram這個英語名字在宗教改革後開始使用。 17世紀，清教徒將其傳入美國，並在那裡逐漸流行。,,,,,,
男,Hobson,,,英語（罕見）,源自英語姓氏Hobson，意為「霍布之子」。,,,,,,
男,Holden,,,英語（現代）,源自一個姓氏，該姓氏最初源自於古英語中意為「深谷」的地名。這是J. D. Salinger小說《麥田裡的守望者》（1951年）中主角霍爾頓·考爾菲爾德的名字。,,,,,,
女,Hollie,,,英語,Holly的變體。,,,,,,
男女,Hollis,,,英語,源自於一個英語姓氏，該姓氏源自中世紀英語holis“冬青樹”。它原本是指居住在冬青樹叢附近的人。,,,,,,
女,Holly,,,英語,源自英語中表示冬青樹的單字，最終源自於古英語holen。霍莉·戈萊特利是杜魯門·卡波特的中篇小說《蒂凡尼的早餐》（1958 年）中的主角。,,,,,,
男,Homer,,,英語，古希臘語（英語化）,源自希臘文名字Ὅμηρος（Homeros），源自於ὅμηρος（homeros），意為「人質、抵押」。荷馬是希臘史詩詩人，他創作了講述特洛伊戰爭的《伊利亞德》和講述奧德修斯戰後回家之旅的《奧德賽》。關於他的生卒年份，甚至他是否真實存在，存在一些爭議，但大多數學者認為他生活在公元前8世紀。在現代，荷馬自18世紀以來在英語世界（主要是美國）一直被用作名字。這個名字由電視劇《辛普森家庭》中那個傻乎乎的卡通父親所用。,,,,,,
女,Honey,,,英語（罕見）,源自英語單字honey，最終源自古英語hunig。這最初是對甜美的人的暱稱。,,,,,,
女男,Honor,,,英語（罕見）,Honour 的變體，採用美式拼字。,,,,,,
女,Honora,,,愛爾蘭語，英語,Honoria 的變體。它由諾曼人傳入英格蘭和愛爾蘭。,,,,,,
女男,Honour,,,英語（罕見）,源自英語單字 honor，此字源自於拉丁文。這是 17 世紀清教徒所採用的美德名稱之一。它也可以被視為 Honoria 或 Honorata 的一種形式，它們最終源自於同一來源。,,,,,,
女,Hope,,,英語,源自英語單字 hope，最後源自於古英語 hopian。這個名字最早由 17 世紀的清教徒使用。,,,,,,
男,Horace,,,英語，法語,Horatius 的英語和法語形式，以及羅馬詩人昆圖斯·霍雷修斯·弗拉庫斯 (Quintus Horatius Flaccus) 的常用名稱。在現代，自文藝復興以來，它一直被用作名字，以紀念這位詩人。,,,,,,
男,Horatio,,,英語,Horatius 的變體。莎士比亞曾用它作為其悲劇《哈姆雷特》（1600年）中一個角色的名字。這個名字由英國海軍上將霍雷肖·納爾遜（1758-1805）命名，他因在特拉法加海戰中擊敗拿破崙軍隊而聞名，並在海戰中身亡。自此以後，該名字偶爾被用來紀念他。,,,,,,
女,Hortense,,,法文、英語,Hortensia 的法語形式。,,,,,,
男,Houston,,,英語,源自蘇格蘭姓氏，意為「休的城鎮」。 Houston 最初位於蘇格蘭格拉斯哥附近，但這也是德克薩斯州一座城市的名字，以德克薩斯州總統薩姆休斯頓（1793-1863）的名字命名。,,,,,,
男,Howard,Howie,,英語,源自一個英語姓氏，姓氏有多種來源：盎格魯-諾曼人名 Huard，源自日耳曼人名 Hughard；盎格魯-斯堪的納維亞人名 Haward，源自古挪威語 Hávarðr；以及中世紀英語術語 ewehirde，意為「母羊牧民」。這是一個英國貴族家族的姓氏，其成員從15世紀至今一直擁有諾福克公爵的頭銜。美國實業家霍華德·休斯（1905-1976）是該姓氏的著名傳承者。,,,,,,
男,Howie,,,英語,Howard 的暱稱。,,,,,,
男,Hoyt,,,英語,源自於一個英語姓氏，該姓氏源自中世紀英語 hoit（意為“棍子”），最初是對瘦人的暱稱。,,,,,,
男,Hubert,,,語、德語、荷蘭語、法語、波蘭語、捷克語、日耳曼語,意為“明亮的心”，源自古德語元素 hugu（意為“心靈、思想、精神”）和 beraht（意為“明亮的”）。聖休伯特是8世紀馬斯特里赫特的一位主教，被認為是獵人的守護神。諾曼人將這個名字帶到了英格蘭，在那裡它取代了古英語同源詞 Hygebeorht。它在中世紀消亡，但在19世紀又重新流行起來。,,,,,,
男,Hudson,,,英語,源自於一個英語姓氏，意為「Hudde之子」。該姓氏的著名傳承者是英國探險家亨利·哈德森（1570-1611）。,,,,,,
男,Huey,,,英語,Hughie 的變體。,,,,,,
男,Hugh,,,英語,源自日耳曼語名字 Hugo，源自古法蘭克語 hugi 或古高地德語 hugu，意為「心靈、思想、精神」（原始日耳曼語 *hugiz）。這個名字在法蘭克和法國貴族中很常見，由公元10世紀的法國國王於格·卡佩（Hugh Capet）使用，他建立了卡佩王朝。諾曼人將這個名字帶到了英格蘭，並在那裡變得非常普遍，在12世紀以慈善聞名的林肯聖於格主教時代之後，這種說法更加普遍。塞浦路斯國王和耶路撒冷十字軍王國也使用這個名字。在愛爾蘭和蘇格蘭，這個名字被用作Aodh和Ùisdean的英語化形式。,,,,,,
男,Hughie,,,英語,Hugh的暱稱。,,,,,,
男,Hugo,,,西班牙語、葡萄牙語、英語、荷蘭語、德語、法語、瑞典語、挪威語、丹麥語、芬蘭語、日耳曼語,Hugh的古德語形式。作為姓氏，它屬於法國作家維克多·雨果（1802-1885），他是《巴黎聖母院》和《悲慘世界》的作者。,,,,,,
男,Humbert,,,法語、德語（罕見）、英語（罕見）、日耳曼語,源自古德語元素 hun（小熊）和 beraht（明亮的）。諾曼人將這個名字引入了英格蘭，儘管它在那裡一直不常見。它是7世紀法蘭克聖徒的名字，他建立了馬羅伊爾斯修道院。義大利的兩位國王（義大利語稱為 Umberto）也曾經使用過這個名字，他們分別統治了19世紀和20世紀。弗拉基米爾·納博科夫的小說《洛麗塔》（1955年）中的亨伯特·亨伯特（Humbert Humbert）是個著名的虛構人物。,,,,,,
男,Humphrey,,,英語,源自古德語元素 hun（小熊）和 fridu（和平）。諾曼人將這個名字引入了英格蘭，在那裡它取代了古英語同源詞 Hunfrith，並在中世紀被廣泛使用。一位著名的姓氏使用者是美國演員亨弗萊·鮑嘉（1899-1957），他主演了《馬耳他之鷹》和《卡薩布蘭卡》。,,,,,,
男,Humphry,,,英語（稀有）,Humphrey 的變體。,,,,,,
男女,Hunter,,,英語,源自英語中獵人的職業姓氏，源自古英語 hunta。一位著名的姓氏使用者是古怪的美國記者亨特·S·湯普森（1937-2005）。,,,,,,
男,Huxley,,,英語（現代）,源自英語姓氏，源自柴郡一個小鎮的名字。其最後一個元素是古英語 leah，“林地，空地”，而第一個元素可能是 hux，“侮辱，蔑視”。一位著名的姓氏使用者是英國作家奧爾德斯·赫胥黎（1894-1963）。,,,,,,
男,Hyacinth (1),,,希臘神話（英語化）,Hyacinthus 的英文形式。,,,,,,
女,Hyacinth (2),,,英語（稀有）,源自於一種花名（或一種也以此命名的寶石），最終源自於希臘文 hyakinthos（參見 Hyacinthus）。,,,,,,
女,Hylda,,,英語（稀有）,Hilda 的變體。,,,,,,
男,Hyram,,,英語（稀有）,Hiram 的變體。,,,,,,
男,Hyrum,,,英語（稀有）,Hiram 的變體。此名由摩門教早期領袖海倫·斯密（Hyrum Smith，1800-1844）所用。,,,,,,
I,,,,,,,,,,,
男,Ian,,,蘇格蘭語、英語,蘇格蘭蓋爾語 Iain 的英語化形式，源自拉丁語 Iohannes（參見 John）。它在 20 世紀上半葉在蘇格蘭以外的英國地區流行起來，但直到 20 世紀 60 年代才開始在美國流行起來。,,,,,,
女,Ibbie,,,英語,Isabel 的暱稱。,,,,,,
女,Ida,,,英語、德語、瑞典語、挪威語、丹麥語、荷蘭語、義大利語、法語、波蘭語、芬蘭語、匈牙利語、斯洛伐克語、斯洛維尼亞語、日耳曼語,源自日耳曼語元素 id，可能意為「工作、勞動」（原始日耳曼語 *idiz）。諾曼人將這個名字帶到了英格蘭，但它最終在中世紀在那裡消亡了。它在19世紀強勢復興，部分原因是阿爾弗雷德·丁尼生的詩歌《公主》（1847年）中的女主人公，該詩後來被吉爾伯特和沙利文改編成戲劇《伊達公主》（1884年）。雖然字源無關，但這是克里特島上一座山的名字，根據希臘神話，宙斯誕生於此。,,,,,,
女,Idella,,,英語,Ida 的進一步發展。,,,,,,
女,Idelle,,,英語（罕見）,Ida 的進一步發展。,,,,,,
女,Idonea,,,英語（古語）,中世紀英語名稱，可能是 Iðunn 的拉丁化形式。拼字可能受到拉丁語 idonea（意為「合適的」）的影響。它在12世紀的英格蘭很常見。,,,,,,
女,Idony,,,英語（古語）,Idonea 的中世紀英語白話形式。,,,,,,
男,Iggy,,,英語,Ignatius 的暱稱。,,,,,,
男,Ike,,,英語,Isaac 的縮寫。這是美國總統艾森豪威爾 (1890-1969) 的暱稱，取自其姓氏的首字母發音。,,,,,,
女,Ilean,,,英語（罕見）,Eileen 的變體。,,,,,,
女,Ileen,,,英語（罕見）,Eileen 的變體。,,,,,,
女,Ilene,,,英語,Eileen 的變體，可能受 Irene 拼寫的啟發。,,,,,,
女,Imogen,,,英語（英國）,威廉·莎士比亞戲劇《辛白林》(1609) 中辛白林國王女兒的名字。莎士比亞以傳奇人物伊諾金 (Innogen) 為原型，但該劇印刷錯誤，從未修改。伊諾金可能源自蓋爾語 inghean，意為「少女」。作為名字，它主要在英國和澳大利亞使用。,,,,,,
女,Imogene,,,英語,Imogen 的變體。,,,,,,
女,Ina,,,德語、荷蘭語、挪威語、丹麥語、瑞典語、英語、斯洛維尼亞語、拉脫維亞語,以ina結尾或包含ina的姓名縮寫，例如Martina、Christina和Carolina。,,,,,,
女,India,,,英語、西班牙語（現代）,源自印度國名，而印度國名本身又源自印度河的名稱。這條河的名稱最終源自於梵文सिन्धु (Sindhu)，意為「顫動的水體、河流」。 India Wilkes是瑪格麗特·米切爾1936年小說《亂世佳人》中的人物。,,,,,,
女男,Indiana,,,英語,源自美國印第安納州的名稱，意為「印地安人的土地」。這是哈里遜福特主演的《印第安納瓊斯》系列電影中男主角的名字。,,,,,,
女,Indie,,,英語（現代）,可能是 India 或 Indiana 的縮寫，但也可能受到 indie 一詞的啟發，indie 是 independent 的縮寫，通常指非主流媒體製作的媒體。,,,,,,
女,Indigo,,,英語（現代）,源自英語單字 indigo，意為紫藍色染料或顏色。它最終源自於希臘文 Ἰνδικόν (Indikon)，意為「印度的，來自印度」。,,,,,,
女,Indy (2),,,英語（罕見），荷蘭語（現代）,Indie 的變體。,,,,,,
女,Inez,,,英語，瑞典語，荷蘭語,Inés 的變體。,,,,,,
男,Ingram,,,日耳曼語，英語（罕見）,日耳曼語名稱，由元素 angil（源自日耳曼盎格魯部落的名稱）或 engil（意為「天使」）與 hram（意為「烏鴉」）組合而成。這個名稱由諾曼人傳入英國，但在中世紀後逐漸消亡。如今，它通常受到源自中世紀姓氏的姓氏的啟發。,,,,,,
男,Inigo,,,英語（罕見）,Íñigo 的英語形式。它因英國建築師伊尼戈·瓊斯（1573-1652）而在英國廣為人知。他的名字取自其父親，他是一位天主教徒，其父以聖依納爵·羅耀拉命名。,,,,,,
男,Innocent,,,歷史（教會），英語（非洲）,源自晚期拉丁名 Innocentius，源自於 innocens「無辜」。這是幾位早期聖徒的名字。 13 位教宗也曾使用這個名字，其中包括政治上權力顯赫的統治者、第四次十字軍的組織者英諾森三世。作為現代英語名，它在非洲最為常見。,,,,,,
女,Iola,,,英語,可能是 Iole 的變體。,,,,,,
女,Iona (1),,,英語，蘇格蘭語,源自蘇格蘭附近島嶼的名稱，聖哥倫巴在那裡建立了一座修道院。該島的名稱源自於古挪威語，顯然源自於意為「島嶼」的 ey。,,,,,,
女,Ione,,,（希臘神話，英語）,源自古希臘文 ἴον（ion），意為「紫羅蘭花」。這是希臘神話中一位海仙女的名字。自19世紀以來，它在英語世界中一直被用作名字，儘管可能源於希臘地名 Ionia，即小亞細亞西海岸的一個地區。,,,,,,
女,Ira,,,（英語，希伯來語，聖經）,希伯來文意為「警惕」。在《舊約》中，這是大衛王祭司的名字。作為英國基督教名字，Ira 在新教改革後開始使用。在17世紀，清教徒將其帶到了美國，並一直到20世紀仍然相當流行。,,,,,,
女,Ireland,,,英語（現代）,源自歐洲島國名稱，源自愛爾蘭蓋爾語 Éire，在古愛爾蘭語中可能意為「富饒的土地」。,,,,,,
女,Irene,,,英語、義大利語、西班牙語、葡萄牙語、瑞典語、挪威語、丹麥語、芬蘭語、德語、荷蘭語、古希臘語（拉丁化）、希臘神話（拉丁化）,源自希臘文 Εἰρήνη (Eirene)，意為「和平」。這是希臘和平女神的名字，是 Ὥραι (Horai) 之一。幾位早期基督教聖徒也使用過這個名字。這個名字在拜占庭帝國很常見，尤其是公元 8 世紀一位皇后，她是第一位統治帝國的女性。她最初擔任兒子的攝政王，但後來殺死兒子並獨自統治。這個名字傳統上在東方基督徒中更受歡迎。在英語世界，直到19世紀，它才被正式使用。,,,,,,
女,Iris,,,源自希臘神話、英語、德語、荷蘭語、瑞典語、挪威語、丹麥語、芬蘭語、法語、西班牙語、加泰隆尼亞語、義大利語、斯洛維尼亞語、克羅埃西亞語、希臘語,鳶尾花; 希臘文意為「彩虹」。鳶尾花是希臘彩虹女神的名字，也是眾神的信差。鳶尾花也指鳶尾花或眼睛的有色部分（源自於同一希臘文源）。,,,,,,
女,Irma,,,德語、英語、荷蘭語、芬蘭語、瑞典語、丹麥語、西班牙語、義大利語、喬治亞語、立陶宛語、匈牙利語、斯洛維尼亞語、日耳曼語,以古德語元素irmin（意為「完整、偉大」）開頭的德語姓名縮寫（原始日耳曼語*ermunaz）。因此，它與Emma（艾瑪）相關。它在19世紀開始在英語世界中廣泛使用。,,,,,,
男,Irvin,,,英語,源自Irving或Irwin的變體姓氏。,,,,,,
男,Irvine,,,英語、蘇格蘭語,源自Irving的變體姓氏。,,,,,,
男,Irving,,,英語、猶太語,源自蘇格蘭姓氏，姓氏源自北艾爾郡的歐文鎮，該鎮以歐文河命名，而歐文河源自布立吞語元素，意為「綠水」。歷史上，這個名字在猶太人中比較常見，他們將其用作以“I”開頭的希伯來語名字的美式發音形式，例如 Isaac、Israel 和 Isaiah。著名的 Isaac 名字使用者是俄裔美國作曲家兼作詞家歐文‧柏林 (1888-1989)，他的本名是 Israel Beilin。,,,,,,
男,Irwin,,,英語,源自於一個英語姓氏，該姓氏源自於古英語名字 Eoforwine。,,,,,,
男,Isaac,Ike (英語) Isi (西班牙語),,英語、西班牙語、葡萄牙語、加泰隆尼亞語、法語、猶太語、聖經語、聖經拉丁語,源自希伯來文名字 יִצְחָק (Yitsḥaq)，意為“他將歡笑，他將歡欣”，源自 צָחַק (tsaḥaq)，意為“歡笑”。舊約解釋了這個意義，講述了當上帝告訴亞伯拉罕，他年邁的妻子撒拉將懷上以撒時，亞伯拉罕笑了（見創世記 17:17），後來撒拉在無意中聽到同樣的預言時也笑了（見創世記 18:12）。當以撒還是個孩子的時候，上帝命令亞伯拉罕獻祭他的兒子，以考驗他的信仰，不過一位天使在最後一刻阻止了這一行為。以撒後來與他的妻子麗貝卡生了以掃和雅各。作為一個英語基督教名字，Isaac 在中世紀偶爾使用，但在猶太人中更常見。在宗教改革之後，它變得更加廣泛。著名的使用人包括物理學家和數學家艾薩克·牛頓（1643-1727）和科幻小說作家艾薩克·阿西莫夫（1920-1992）。,,,,,,
女,Isabel,"Isa (西班牙文) Belinha, Isa (葡萄牙文) Bell, Bella, Belle, Ibbie, Isi, Issy, Izzy, Libbie, Libby, Sabella (英文) Isa (德文) Isa (荷蘭文)",,西班牙語、葡萄牙語、英語、法語、德語、荷蘭語,伊麗莎白 (Elizabeth) 的中世紀奧克語形式。它傳遍了西班牙、葡萄牙和法國，並在12世紀成為皇室成員的常用名。 13世紀，昂古萊姆的伊莎貝拉嫁給英國國王約翰後，這個名字在英國開始流行；17世紀，法國公主伊莎貝拉嫁給愛德華二世後，這個名稱也得到了進一步發展。這是伊麗莎白 (Elizabeth) 在西班牙和葡萄牙的常見形式，但在其他地方，它被認為是一個並列的名字，例如在法國，它與伊麗莎白 (Élisabeth) 並列使用。這個名字由兩位西班牙女王所用，其中包括贊助克里斯多福哥倫布探險的卡斯蒂利亞女王伊莎貝爾。,,,,,,
女,Isabella,Isa（意大利語） Isa（德語） Bell、Bella、Belle、Ibbie、Isi、Isy、Izzy、Libbie、Libby、Sabella（英語） Iisa（芬蘭語） Isa（荷蘭語）,,義大利語、德語、英語、瑞典語、丹麥語、挪威語、芬蘭語、荷蘭語、羅馬尼亞語,(Isabel) 的拉丁文形式。許多中世紀皇室成員都曾使用過這個名字，包括英格蘭、法國、葡萄牙、神聖羅馬帝國和匈牙利的王后，以及當時權力顯赫的卡斯蒂利亞女王伊莎貝拉（正式名稱為伊莎貝爾）。在美國，這個名字的使用率遠低於伊莎貝爾，直到1990年代初才開始迅速上升。 2009年和2010年，這個名字達到了頂峰，成為美國最受歡迎的女孩名字，短短20年間，這個名字的漲幅令人震驚。義大利女演員伊莎貝拉羅西里尼（1952-）就是一個著名的使用這個名字的人。,,,,,,
女,Isabelle,"Bell, Belle, Isi, Issy, Izzy",,法語、英語、德語、荷蘭語、瑞典語,Isabel 的法語形式。,,,,,,
男,Isador,,,英語（罕見）,Isidore 的變體。,,,,,,
女,Isadora,,,英語、葡萄牙語,Isidora 的變體。美國舞蹈家伊莎多拉鄧肯（1877-1927）就是一個著名的使用這個名字的人。,,,,,,
男,Isadore,,,英語,Isidore 的變體。,,,,,,
男,Isaiah,,,英語，源自聖經,源自希伯來文名字 יְשַׁעְיָהוּ (Yeshaʿyahu)，意為「耶和華是拯救」，其字根 יָשַׁע (yashaʿ) 意為「拯救」，יָהּ (yah) 希伯來希伯來文的上帝。以賽亞是舊約四大先知之一，據說是《以賽亞書》的作者。他來自耶路撒冷，可能生活在西元前8世紀，當時亞述威脅猶大王國。作為一個英語基督教名字，Isaiah 首次使用是在新教改革之後。,,,,,,
女,Isbel,,,英語（罕見）,Isabel 的變體。,,,,,,
女,Isebella,,,英語（罕見）,Isabella 的變體。,,,,,,
男女,Isi,,,西班牙語、英語,Isaac、Isidro 和其他以 Is 開頭名字的縮寫。,,,,,,
男,Isiah,,,英語,Isaiah 的變體。,,,,,,
女,Isidora,,,西班牙語、塞爾維亞語、葡萄牙語（罕見）、義大利語（罕見）、英語（罕見）、古希臘語,英語、法語、喬治亞語（罕見）、猶太語,,,,,,
男,Isidore,,,英語、法語、喬治亞語（罕見）、猶太語,源自希臘文名字 Ἰσίδωρος (Isidoros)，意為“伊西斯的禮物”，源自於埃及女神伊西斯的名字與希臘語 δῶρον (doron)，意為“禮物”。塞維利亞的聖伊西多爾是一位公元6世紀的大主教、歷史學家和神學家。雖然它在英語世界的基督徒中從未流行過，但在歷史上，它一直是猶太人的常用名，他們將其用作“以撒”、“以色列”和“以賽亞”等名字的美式化形式。,,,,,,
女,Isla,,,蘇格蘭語、英語,Islay 的變體，通常用作女性名字。它也與西班牙語單字 isla（意為“島嶼”）一致。,,,,,,
男,Israel,,,猶太語、英語、西班牙語、聖經語、聖經希臘語,源自希伯來文名字 יִשְׂרָאֵל (Yisraʾel)，意為“上帝爭戰”，其詞根 שָׂרָה (sara) 意為“爭戰，戰鬥”，אֵל (ʾel) 意為“上帝”。在《舊約》中，以色列（原名雅各；參考創 32:28）與天使搏鬥。古代和現代的以色列國都以他的名字命名。,,,,,,
男,Issac,,,英語,Isaac 的變體。,,,,,,
男女,Issy,,,英語,Isidore、Isabella 和其他以 Is 開頭的名字的縮寫。,,,,,,
女,Ivah,,,英語（罕見）,可能源自《舊約》中伊瓦城的名稱。,,,,,,
男,Ivan,,,俄語、保加利亞語、烏克蘭語、白俄羅斯語、塞爾維亞語、馬其頓語、克羅埃西亞語、捷克語、斯洛伐克語、斯洛維尼亞語、英語、義大利語、葡萄牙語、羅馬尼亞語、丹麥語、瑞典語、挪威語、愛沙尼亞語,古教會斯拉夫語名字 Іѡаннъ (Ioannŭ) 的較新形式，源自希臘文 Ioannes（參考約翰福音）。這是六位俄羅斯統治者的名字，包括15世紀的伊凡三世大帝和16世紀的俄羅斯第一位沙皇伊凡四世雷帝。保加利亞的九位皇帝也曾使用過這個名字。其他著名的使用者包括俄羅斯作家伊凡·屠格涅夫（1818-1883），著有《父與子》，以及俄羅斯生理學家伊凡·巴甫洛夫（1849-1936），他因發現條件反射而聞名。,,,,,,
男,Ivor,,,愛爾蘭語、蘇格蘭語、威爾斯語、英語（英國）,源自古挪威語名稱Ívarr，可能源自ýr「紫杉，弓」和herr「軍隊，戰士」這兩個詞素。在中世紀，斯堪的納維亞的定居者和入侵者將它帶到了英國，並在愛爾蘭（愛爾蘭語 Íomhar）、蘇格蘭（蘇格蘭蓋爾語 Iomhar）和威爾士（威爾士語 Ifor）沿用。,,,,,,
女,Ivy,,,英語,源自於英語中指開著黃色小花的攀緣植物。它最終源自於古英語 ifig。,,,,,,
女,Izabelle,,,英語（罕見）,Isabel 的變體。,,,,,,
男,Izaiah,,,英語（罕見）,Isaiah 的變體。,,,,,,
男女,Izzy,,,英語,Isidore、Isabel、Israel 和其他以相似發音開頭的名字的縮寫。,,,,,,
J,,,,,,,,,,,
男,Jace,,,英語,Jason 的縮寫，有時單獨使用。它因西部電視劇《德州遊騎兵傳奇》（1955-1958）中的主角而在美國引起了有限的關注。 20世紀末，這個名字開始穩定成長，2013年在美國男孩中排名第66位。,,,,,,
男女,Jacey,,,英語（現代）,一個自創的名字，使用了流行的語音元素jay，並與Casey和Macy等名字的發音相同。,,,,,,
女,Jaci (1),,,英語,Jacqueline的暱稱。,,,,,,
女,Jacinda,,,英語（罕見）,Jacinta的變體。,,,,,,
女,Jacinth,,,英語（罕見）,源自英語中橙色寶石的單詞，與Hyacinth同源。,,,,,,
男,Jack,Jackie,,英語,源自Jackin（早期為Jankin），是中世紀John的暱稱。它可能受到無關的法語名字Jacques的早期影響。它通常被視為一個獨立的名字。在中世紀，這個名字非常常見，並成為俚語，意為“男人”，例如南瓜燈、傑克在盒子裡、伐木工等等。它經常出現在童話故事和童謠中，例如《傑克與豆莖》、《傑克與吉爾》、《小傑克霍納》和《傑克·斯普拉特》。美國作家傑克倫敦（1876-1916）和傑克凱魯亞克（1922-1969）是兩位使用這個名字的著名人物。演員傑克·尼科爾森（1937-）和高爾夫球手傑克·尼克勞斯（1940-）也使用過這個名字。除了尼克勞斯之外，這些名人出生時都沒有使用過這個名字。在英國，自1990年代以來，這個名字的使用頻率超過了約翰（John），並在1996年至2008年間成為最受歡迎的男孩名字。,,,,,,
女,Jackalyn,Jackie,,英語（罕見）,Jacqueline 的變體。,,,,,,
女,Jacki,,,英語,Jacqueline 的暱稱。,,,,,,
男女,Jackie,,,英語,Jack 或 Jacqueline 的暱稱。一個著名的姓氏使用者是棒球運動員 Jackie Robinson（1919-1972），他是第一位參加美國職棒大聯盟的非裔美國人。,,,,,,
女,Jacklyn,Jackie,,英語,Jacqueline 的變體。,,,,,,
男,Jackson,,,英語,源自英語姓氏 Jackson，意為「傑克之子」。該姓氏的著名使用者包括美國總統安德魯傑克遜（1767-1845）和美國音樂家邁克爾傑克遜（1958-2009）。,,,,,,
女,Jaclyn,,,英語,Jacqueline 的縮寫變體。,,,,,,
男,Jacob,,,英語、荷蘭語、瑞典語、挪威語、丹麥語、猶太語、聖經,源自拉丁語 Iacob，源自希臘語 Ἰακώβ (Iakob)，後者源自希伯來文 יַעֲקֹב (Yaʿaqov)。在《舊約》中，雅各（後稱以色列）是以撒和利百加的兒子，也是以色列十二個支派十二位創始人的父親。他出生時手握孿生兄弟以掃的腳跟，他的名字被解釋為“腳跟的握持者”或“取代者”，因為他曾兩次剝奪了哥哥作為長子的權利（參見《創世記》27:36）。其他理論則認為，雅各其實源自於一個假設的名字，例如 יַעֲקֹבְאֵל (Yaʿaqovʾel)，意為「願上帝保佑」。英語名 Jacob 和 James 源自於同一來源，James 源自拉丁語 Iacomus，是拉丁語新約形式 Iacobus 的後期變體。與英語不同，許多語言對這兩個名字沒有單獨的拼寫。在中世紀的英國，Jacob 主要被視為猶太人的名字 [1]，而其變體 James 則在基督徒中使用。宗教改革後，Jacob 開始廣泛地以基督教名字使用。在美國，儘管 Jacob 已經相當普遍，但從 20 世紀 70 年代初到 90 年代末，它的受歡迎程度穩步上升，並在 1999 年至 2012 年期間成為最受歡迎的名字。 Jacob Grimm（1785-1863）是德國語言學家和作家，他與兄弟 Wilhelm 共同創作了《格林童話》。,,,,,,
女,Jacqueline,,,法語，英語,Jacques 的法語陰性形式，在英語世界中也常用。,,,,,,
女,Jacquelyn,,,英語,Jacqueline 的變體。,,,,,,
女,Jacquetta,,,英語（英式）,Jacques 的女性暱稱。,,,,,,
女,Jacqui,,,英語（英式）,Jacqueline 的縮寫。,,,,,,
女,Jada (1),,,英語,Jade 的繁體字形式。該名稱在 20 世紀 60 年代開始廣泛使用，並在 20 世紀 90 年代由女演員 Jada Pinkett Smith（1971-）推廣。,,,,,,
女男,Jade,,,英語、法語,源自於西班牙語 (piedra de la) ijada，意為“腰部（的）石頭”，與玉石可以治癒腎絞痛的信念有關。作為名字，它在 20 世紀 70 年代開始廣泛使用。最初是男女通用的，但現在大多為女性用語。,,,,,,
男女,Jaden,,,英語（現代）,一個自創的名字，使用了常見的 den 後綴發音，例如 Braden、Hayden 和 Aidan。這個名字最初在 20 世紀 90 年代的美國流行起來，當時發音相似的名字越來越流行。 Jayden 的拼字自 2003 年以來更加流行。它有時被認為是聖經名字 Jadon 的變體。,,,,,,
女男,Jadyn,,,英語（現代）,Jaden 的變體。,,,,,,
男女,Jae (2),,,英語（罕見）,Jay 1 的變體。,,,,,,
男女,Jaeden,,,英語（罕見）,Jaden 的變體。,,,,,,
女,Jaelyn,,,英語（現代）,Jaylynn 的變體。,,,,,,
男,Jagger,,,英語（現代）,源自英語姓氏，意為「小販」。它被用作名字，以紀念英國音樂家、滾石樂隊主唱米克·賈格爾 (1943-)。,,,,,,
男,Jai (2),,,英語（現代）,Jay 1 的變體。在某些情況下，它的發音與 Kai 或 Ty 等名字押韻。,,,,,,
女,Jaida,,,英語（現代）,Jada 1 的變體。,,,,,,
男女,Jaiden,,,英語（現代）,Jaden 的變體。,,,,,,
男女,Jaidyn,,,英語（現代）,Jaden 的變體。,,,,,,
女,Jaime (2),,,英語,Jamie 的變體。電視劇《無敵女金剛》（1976-1978）中的角色 Jaime Sommers 推動了這個名字的流行。它有時也被用來指法語短語 j'aime，意為“我愛”，儘管發音不同。,,,,,,
女,Jaimie,,,英語,Jamie 的變體。,,,,,,
男,Jake,,,英語,Jack 的中世紀變體。有時也用作 Jacob 的縮寫。,,,,,,
女,Jaki,,,英語（罕見）,Jacqueline 的暱稱。,,,,,,
女,Jakki,,,英語（罕見）,Jacqueline 的暱稱。,,,,,,
男,James,"Jai, Jay, Jem, Jemmy, Jim, Jimi, Jimmie, Jimmy, Jae, Jaye",,英語，聖經用語,晚期拉丁名 Iacomus 的英語形式，是聖經拉丁名 Iacobus 的變體，源自希伯來名 Yaʿaqov（參見 Jacob）。這是《新約》中兩位使徒的名字。第一個是大聖雅各，即使徒約翰的兄弟，他在《使徒行傳》中被希律·亞基帕斬首。第二個是小雅各，即亞勒腓的兒子。另一位雅各（被稱為公義者雅各）在《聖經》中也被提及，他是耶穌的兄弟。這個名字自 13 世紀以來一直在英格蘭使用，但在蘇格蘭更為常見，在那裡有幾位國王都使用過這個名字。 17 世紀，蘇格蘭國王詹姆斯六世繼承了英國王位，成為不列顛的第一位統治者，這個名字變得更加流行。在美國姓名統計（自 1880 年開始記錄）中，這個名字從未跌出前 20 名，可以說是那個時代最受歡迎的名字。從1940年到1952年，這個名字一直是美國最受歡迎的男孩名字。著名的使用這個名字的人包括英國探險家詹姆斯·庫克（1728-1779）、蘇格蘭發明家詹姆斯·瓦特（1736-1819）以及愛爾蘭小說家兼詩人詹姆斯·喬伊斯（1882-1941）。此外，還有六位美國總統也使用過這個名字。英國間諜詹姆斯龐德也是著名的虛構人物，由作家伊恩弗萊明於1953年創作。,,,,,,
男,Jameson,,,英語,源自英語姓氏，意為「詹姆斯之子」。,,,,,,
男女,Jamey,,,英語,Jamie 的變體。,,,,,,
女,Jami (1),,,英語,Jamie 的變體。,,,,,,
男女,Jamie,,,蘇格蘭語，英語,最初是蘇格蘭低地人對詹姆斯的暱稱。自19世紀末以來，它也被用作女性形式。,,,,,,
男,Jamison,,,英語,源自英語姓氏，意為「詹姆斯之子」。,,,,,,
女,Jan (2),,,英語,Janet、Janice 和其他以 Jan 開頭的名字的簡稱。,,,,,,
女,Janae,,,英語（現代）,Jane 的繁體形式。,,,,,,
女,Jane,,,英語,Jehanne 的中世紀英語形式，Iohannes（參見 John）的古法語陰性形式。這在 17 世紀成為 John 最常見的陰性形式，超過了 Joan。 20 世紀上半葉，Joan 在美國和英國再次超越 Jane 長達數十年。著名的使用這個名字的人包括：在位僅九天的未加冕的英國女王簡·格雷夫人（1536-1554）、創作了《理智與情感》和《傲慢與偏見》的英國小說家簡·奧斯汀（1775-1817）、英國靈長類動物學家簡·古道（1934-193-7）。這也是夏綠蒂·勃朗特的小說《簡·愛》（1847年）中主角的名字。這部小說講述了簡的悲慘童年以及她與愛德華·羅徹斯特的關係。,,,,,,
女,Janeka,,,英語（罕見）,Jane 的暱稱。,,,,,,
女,Janel,,,英語,Janelle 的變體。,,,,,,
女,Janele,,,英語（罕見）,Janelle 的變體。,,,,,,
女,Janella,,,英語（罕見）,Janelle 的變體。,,,,,,
女,Janelle,,,英語,Jane 的暱稱。自20世紀起才開始使用。,,,,,,
女,Janene,,,英語,Janine 的變體。,,,,,,
女,Janessa,,,英語（現代）,Jane 的精簡形式，受 Vanessa 的影響。,,,,,,
女,Janet,,,英語,Jane 的中世紀暱稱。在20世紀，尤其是在20世紀30年代到60年代，這個名字在整個英語世界都很流行。但後來逐漸不再流行。,,,,,,
女,Janetta,,,英語（罕見）,Janet 的精緻形式。,,,,,,
女,Janette,,,英語,Janet 的變體。,,,,,,
女,Janey,,,英語,Jane 的暱稱。,,,,,,
女,Janice,,,英語,Jane 的精緻形式，由 Paul Leicester Ford 為其小說《Janice Meredith》（1899 年）創作。,,,,,,
女,Janie,,,英語,Jane 的暱稱。,,,,,,
女,Janine,,,法語、英語、荷蘭語、德語,Jeannine 的變體。自 20 世紀起才開始使用。,,,,,,
女,Janis,,,英語,Janice 的變體。,,,,,,
女,Janna,,,荷蘭語、瑞典語、芬蘭語、英語,Jan 1 的女性形式。作為英語名，它是 Jan 2 的精緻形式。,,,,,,
女,Jannah,,,英語（罕見）,Janna 的變體，受 Hannah 的影響。,,,,,,
女,Jannette,,,英語,Janet 的變體。,,,,,,
女,Jannine,,,英語（罕見）,Janine 的變體。,,,,,,
女,January,,,英語,源自於該月份的名稱，以羅馬神話中的雅努斯 (Janus) 命名。在 Jacqueline Susann 的小說《一次不夠》(Once Is Not Enough) (1973 年) 的主角使用該名字後，這個名字曾短暫地登上美國女孩常用名 1000 榜單。,,,,,,
女,Jaqueline,,,英語（現代），葡萄牙語（巴西）,Jacqueline 的變體。,,,,,,
女,Jaquelyn,,,英語（罕見）,Jacqueline 的變體。,,,,,,
男,Jared,,,英語，聖經用語,源自希伯來文名字 יָרֶד (Yareḏ) 或 יֶרֶד (Yereḏ)，意為「後裔」。這是《舊約》中亞當一位近親的名字。自新教改革以來，它一直被用作英語名，並在 20 世紀 60 年代因電視劇《大峽谷》中的角色 Jarrod Barkley 而廣為人知。,,,,,,
男,Jaren,,,英語（現代），非裔美國人（現代）,Jaron 2 的變體。,,,,,,
男,Jarod,,,英語,Jared 的變體。,,,,,,
男,Jaron (2),,,英語（現代），非裔美國人（現代）,自創名字，可能基於 Jared 和 Darren 等名字的發音。,,,,,,
男,Jarred,,,英語,Jared 的變體。,,,,,,
男,Jarrett,,,英語,源自姓氏 Garrett 的變體。,,,,,,
男,Jarrod,,,英語,Jared 的變體。,,,,,,
男,Jarvis,,,英語,源自英語姓氏，姓氏源自名字 Gervais。,,,,,,
男,Jase,,,英語（現代）,Jace 的變體，Jason 的縮寫。,,,,,,
女,Jaslene,,,英語（現代）,由流行的語音元素 jaz 和 lene 組合而成。 2007 年，波多黎各出生的模特兒 Jaslene Gonzalez（1986-）引起了公眾的關注，她是真人秀節目《全美超模大賽》的第八位冠軍。,,,,,,
女,Jaslyn,,,英語（現代）,Jazlyn 的變體。,,,,,,
女,Jasmin (1),,,德語、芬蘭語、英語,Jasmine 的德語和芬蘭語形式，以及英語變體。,,,,,,
女,Jasmine,,,英語、法語,源自於英語，意指一種攀緣植物，花朵芬芳，可用於製作香水。它經由阿拉伯語衍生自波斯語 یاسمین (yāsamīn)，後者也是一個波斯名字。在美國，這個名字自1970年代起逐漸流行起來，尤其是在非裔美國人中。在1990年代初，迪士尼動畫電影《阿拉丁》（1992年）上映後不久，它的流行度達到了頂峰，片中一位公主就叫這個名字。,,,,,,
女,Jasmyn,,,英語（現代）,Jasmine 的變體。,,,,,,
男,Jason,,,英語、法文、希臘神話（英語化）、聖經,"源自希臘文名字 Ἰάσων (Iason)，意為“治療者”，源自希臘文 ἰάομαι (iaomai)，意為「治癒」。在希臘神話中，Jason 是阿爾戈英雄的領導者。伊阿宋的叔父珀利阿斯推翻了伊奧爾科斯國王埃宋的統治後，伊阿宋便踏上了尋找金羊毛的旅程，試圖奪回王位。在旅途中，他娶了女巫美狄亞，美狄亞幫助他獲得了金羊毛並殺死了叔叔。但後來，伊阿宋愛上了另一個女人，美狄亞背叛了他。這個名字也出現在《新約》中，屬於一個收留保羅和西拉的人。對他來說，它可能是希伯來名字的希臘化版本。直到新教改革之後，它才在英國使用。
",,,,,,
男,Jasper,,,荷蘭、猶太基督教-伊斯蘭教傳說,源自拉丁語 Gaspar，可能源自聖經希伯來語 גִּזְבָּר (gizbar)，意為“財務主管”，源自古波斯語 ganzabarah。這個名字傳統上是給一位據說曾拜謔過新生耶穌的賢士（也稱為“三博士”，或“三王”）命名的。自中世紀以來，英語世界偶爾也會使用這個名字。這個名字也與英語中表示寶石的單字有關。,,,,,,
男,Jax,"Jaxie, ",,英語（現代）,Jackson 的縮寫。它於 1993 年出現在電子遊戲《真人快打 II》。它於 1995 年首次在美國註冊為名字（當時僅使用過五次），但在之後的二十年裡逐漸流行起來，這可能是受到了 Max 和 Dax 等類似名字的啟發，也得益於美國電視劇《混亂之子》（2008-2014）中一個同名角色的幫助。,,,,,,
男,Jaxen,,,英語（現代）,Jackson 的變體。,,,,,,
男,Jaxon,,,英語（現代）,Jackson 的變體。,,,,,,
男,Jaxson,,,英語（現代）,Jackson 的變體。,,,,,,
男,Jaxton,,,英語（現代）,Jax 的變體，受 Paxton 和 Braxton 等發音相,,,,,,
男,Jaxtyn,,,英語（現代）,Jaxton 的變體。,,,,,,
男,Jaxx,,,英語（現代）,Jax 的變體。,,,,,,
男,Jaxxon,,,英語（現代）,Jackson 的變體。,,,,,,
男,Jay (1),,,英語,以 J 開頭的名字的縮寫，例如 James 或 Jason。它最初在美國用於紀念美國開國元勳約翰·傑伊 (1749-1825)，他的姓氏源自於鳥鳥。,,,,,,
男,Jayce,,,英語,Jace 的變體。,,,,,,
女男,Jaycee,,,英語（現代）,Jacey 的變體。,,,,,,
男,Jayceon,,,英語（現代）,Jason 的變體。,,,,,,
男,Jaycob,,,英語（現代）,Jacob 的變體。,,,,,,
女,Jayda,,,英語（現代）,Jada 的變體。,,,,,,
女,Jayde,,,英語（現代）,Jade 的變體。,,,,,,
男女,Jayden,,,英語（現代）,Jaden 的變體。這個拼字在 2003 年後在美國繼續迅速流行，而 Jaden 則停滯不前。它在 2010 年達到頂峰，在男孩中排名第四，在短短二十年內表現出巨大的成長。此後，它逐漸衰退。,,,,,,
男,Jaydon,,,英語（現代）,Jaden 的變體。,,,,,,
女男,Jaye,,,英語,Jay 的變體或陰性形式。,,,,,,
女,Jayla,,,英語（現代）,一個自創的名字，使用了語音元素 jay 和 la，並與其他流行名字（例如 Kayla）發音相同。,,,,,,
女,Jaylah,,,英語（現代）,Jayla 的變體。,,,,,,
女,Jaylee,,,英語（現代）,一個自創的名字，使用了流行的語音元素 jay 和 lee，並與其他流行的名字（例如 Kaylee 和 Bailey）發音相同。,,,,,,
女,Jayleen,,,英語（現代）,Jaylene 的變體。,,,,,,
男女,Jaylen,,,非裔美國人（現代）、英語（現代）,Jalen（陽性）或 Jaylynn（陰性）的變體。,,,,,,
女,Jaylene,,,英語（現代）,一個自創的名字，由流行的語音元素 jay 和 lene 組合而成。,,,,,,
男女,Jaylin,,,非裔美國人（現代）、英語（現代）、荷蘭語（現代）,Jalen（陽性）或 Jaylynn（陰性）的變體。,,,,,,
女,Jaylyn,,,英語（現代）,Jaylynn 的變體。,,,,,,
女,Jaylynn,,,英語（現代）,一個自創的名字，由流行的語音元素 jay 和 lyn 組合而成。,,,,,,
女,Jayma,,,英語（罕見）,Jamie 的變體。,,,,,,
女男,Jayme,,,英語,Jamie 的變體。,,,,,,
男,Jaymes,,,英語（現代）,James 的變體。,,,,,,
女,Jayna,,,英語（罕見）,Jane 的變體。,,,,,,
女,Jayne,,,英語,Jane 的變體。,,,,,,
女,Jaynie,,,英語,Jayne 的暱稱。,,,,,,
男,Jayson,,,英語,Jason 的變體。,,,,,,
男,Jazlyn,,,英語（現代）,由流行的語音元素 jaz 和 lyn 組合而成。,,,,,,
女,Jazmin,,,英語（現代）,Jasmine 的變體。,,,,,,
女,Jazmine,,,英語（現代）,Jasmine 的變體。,,,,,,
女,Jazmyn,,,英語（現代）,Jasmine 的變體。,,,,,,
女,Jean (2),,,英語,Jehanne（參見 Jane）的中世紀英語變體。在中世紀時期，它在英格蘭和蘇格蘭很常見，但最終在英格蘭變得罕見。 19世紀，它從蘇格蘭重新引入英語世界。,,,,,,
女,Jeana,,,英語,Jean 2 或 Gina 的變體。,,,,,,
女,Jeane,,,英語,Jean 2 的變體。,,,,,,
女,Jeanette,,,法語，英語，丹麥語，瑞典語，挪威語，荷蘭語,Jeannette 的變體。,,,,,,
女,Jeanie,,,英語,Jean 2 的暱稱。,,,,,,
女,Jeanine,,,法語，英語，荷蘭語,Jeannine 的變體。,,,,,,
女,Jeanna,,,英語,,,,,,,
女,Jeanne,,,法語，英語,Jehanne 的現代法語形式，Iohannes（參見 John）的古法語陰性形式。自13世紀以來，這一直是最受歡迎的法國女孩名字。聖女貞德在法國被稱為 Jeanne d'Arc。,,,,,,
女,Jeannette,,,法文、英語、荷蘭文,Jeanne 的法文縮寫。,,,,,,
女,Jeannie,,,英語,Jeanne 的縮寫。,,,,,,
女,Jeannine,,,法語，英語,Jeanne 的縮寫。,,,,,,
男,Jeb,,,英語,有時是 Jacob 的縮寫。這個名字也可能源自於美國內戰期間南方邦聯將軍詹姆斯·埃威爾·布朗·斯圖爾特 (1833-1864) 的綽號，該綽號由他三個名字的首字母組成。,,,,,,
男,Jed,,,英語,Jedidiah 的縮寫。,,,,,,
男,Jeff,,,英語,Jeffrey 的縮寫。,,,,,,
男,Jefferson,,,英語,源自英語姓氏 Jefferson，意為「傑弗裡之子」。該姓氏通常用來紀念美國第三任總統、《獨立宣言》的主要起草人托馬斯·傑斐遜 (1743-1826)。,,,,,,
男,Jeffery,,,英語,Jeffrey 的變體,,,,,,
男,Jeffrey,,,英語,Geoffrey 的中世紀變體。在美國，Jeffrey 比 Geoffrey 更常見，但在英國並非如此。,,,,,,
男,Jeffry,,,英語,Jeffrey 的變體。,,,,,,
男,Jem,,,英語,Jeremy（以前是 James）的暱稱。,,,,,,
女,Jemima,,,聖經，英語,傳統上認為其意為“鴿子”，但實際上可能與希伯來語 יוֹמָם (yomam) 有關，意為“白天”。這是《舊約》中約伯三個女兒中的長女。 Jemima 作為英語名，最早在清教徒時代變得流行。,,,,,,
女,Jemma,,,英語（英國）,Gemma 的變體。,,,,,,
男,Jemmy,,,英語,Jeremy（以前是 James）的暱稱。,,,,,,
女,Jen,,,英語,Jennifer 的縮寫。,,,,,,
女,Jena,,,英語,Jennifer 的暱稱。,,,,,,
女,Jenae,,,英語（罕見）,Jennifer 的暱稱。,,,,,,
女,Jenelle,,,英語,Jen 與常用名後綴 elle 的組合。,,,,,,
女,Jenessa,,,英語（罕見）,Jen 與常用名後綴 essa 的組合。,,,,,,
女,Jeni,,,英語（現代）,Jenny 的變體。,,,,,,
女,Jenifer,,,英語、西班牙語、康沃爾語,Jennifer 的變體。,,,,,,
女,Jenn ,,,英語,Jennifer 的縮寫。,,,,,,
女,Jenna,,,英語、芬蘭語、法語,Jenny 的變體。該名字因電視劇《達拉斯》中 Jenna Wade 一角在 20 世紀 80 年代流行起來。,,,,,,
女,Jenni ,,,英語、芬蘭語,Jenny 的變體。,,,,,,
女,Jennica,,,英語（罕見）,Jennifer 和 Jessica 的組合。,,,,,,
女,Jennie,,,英語、瑞典語,Jenny 的變體。在 20 世紀之前，這種拼字更為常見。,,,,,,
女,Jennifer,"Jen, Jena, Jenelle, Jeni, Jenn, Jenna, Jenni, Jennie, Jenny, Jenae, Jenessa (英語) Jenny (德語) Jenny (荷蘭語) Jennie, Jenny (瑞典語) Jenny (西班牙語) Yenny (西班牙語 (拉丁美洲))",,英語、德語、荷蘭語、瑞典語、西班牙語,源自威爾斯名字 Gwenhwyfar（見 Guinevere）的康沃爾語形式。這個名字自20世紀初在蕭伯納的戲劇《醫生的困境》（1906年）中出現後，才在康沃爾郡以外的地方流行起來。直到1930年代末，它才在英國名聲大噪，之後開始穩定流行，並在1970年代初加速發展。在1970年至1984年間，它是美國最受歡迎的女孩名字，儘管在英國並不常見。著名的使用這個名字的人包括美國女演員珍妮佛安妮斯頓（1969年至今）、珍妮佛嘉納（1972年至今）和珍妮佛勞倫斯（1990年至今），以及歌手兼演員珍妮佛洛佩茲（1969年至今）。,,,,,,
男,Jennings,,,英語,源自英語姓氏 Jennings，而 Jennings 本身源自於名字 John 的暱稱。這個名字在 19 世紀 90 年代的流行度飆升，要歸功於美國政治家 William Jennings Bryan (1860-1925)。,,,,,,
女,Jenny,,,英語、瑞典語、挪威語、芬蘭語、德語、荷蘭語、法語、西班牙語,最初是中世紀英語中 Jane 的暱稱。自 20 世紀中葉以來，它主要被認為是 Jennifer 的暱稱。,,,,,,
男,Jensen,,,英語（現代）,源自丹麥姓氏，意為「Jens 的兒子」。,,,,,,
男,Jenson,,,英語（現代）,Jensen 的變體。,,,,,,
男,Jep,,,英語（古語）,Geoffrey 的中世紀暱稱。,,,,,,
男,Jepson,,,英語（罕見）,源自英語姓氏，意為「Jep 的兒子」。,,,,,,
男,Jeptha,,,英語（古語）,Jephthah 的變體。,,,,,,
男,Jerald,,,英語,Gerald 的變體。,,,,,,
男,Jere,,,芬蘭語、克羅埃西亞語、英語,Jeremias 的芬蘭語暱稱（通常單獨使用），以及 Jeronim 的克羅地亞語暱稱和 Jerald 或 Jeremiah 的英語暱稱。,,,,,,
男,Jeremiah,Jem、Jemmy、Jere、Jerry (英語) Jez、Jezza (英語(英國)),,英語，聖經用語,源自希伯來文名字 יִרְמְיָהוּ (Yirmeyahu)，意為“耶和華將高舉”，其詞根 רוּם (rum) 意為“高舉”，יָהּ (yah) 指希伯來神。這是《舊約》中一位主要先知的名字，也是《耶利米書》和《耶利米哀歌》（據稱）的作者。他親眼目睹了公元前六世紀巴比倫人對耶路撒冷的毀滅。在英格蘭，雖然自13世紀以來，白話文形式Jeremy就偶爾被使用，但Jeremiah這個形式直到新教改革後才開始流行。,,,,,,
男,Jeremy,Jem、Jemmy、Jere、Jerry (英語) Jez、Jezza (英語(英國)),,英語，聖經,Jeremiah的英語形式，最初是中世紀的白話文形式。新約聖經的一些英語版本也使用這種拼法。,,,,,,
女,Jeri,,,英語,Jerry的變體。,,,,,,
男,Jericho,,,英語（現代）,源自以色列一座城市的名字，該城市在舊約聖經中被多次提及。該城市名稱的含義尚不確定，但可能與希伯來語יָרֵחַ (yareaḥ)（意為「月亮」）或希伯來語רֵיחַ (reyaḥ)（意為「芬芳」）有關。,,,,,,
女,Jerilyn,,,英語,使用流行名稱後綴lyn對Jerry進行修飾。,,,,,,
男,Jerold,,,英語,Gerald的變體。,,,,,,
男,Jerome,Jerry,,英語,源自希臘名Ἱερώνυμος (Hieronymos)，意為“神聖之名”，源自ἱερός (hieros)，意為“神聖”和ὄνυμα (onyma)，意為“名字”。聖傑羅姆於5世紀參與編纂了拉丁文聖經《武加大譯本》。他被尊為教會聖師。中世紀，尤其是在義大利和法國，人們用這個名字來紀念他，自12世紀以來，英國也沿用這個名字。,,,,,,
男,Jerrard,,,英語（罕見）,Gerard 的變體。,,,,,,
男,Jerred,,,英語（罕見）,Jared 的變體。,,,,,,
女,Jerri,,,英語,Jerry 的變體。,,,,,,
女,Jerrie,,,英語,Jerry 的變體。,,,,,,
男,Jerrod,,,英語,Jared 的變體。,,,,,,
男,Jerrold,,,英語,Gerald 的變體。,,,,,,
男女,Jerry,,,英語,Jeremy、Jerome、Gerald、Geraldine 等以相同發音開頭的名字的縮寫。著名的 Jerry 成員包括美國喜劇演員 Jerry Lewis（1926-2017）和 Jerry Seinfeld（1954-），以及美式足球員 Jerry Rice（1962-）。,,,,,,
男,Jervis,,,英語（罕見）,源自 Jarvis 的變體姓氏。,,,,,,
男女,Jess,,,英語,Jesse 或 Jessica 的縮寫。,,,,,,
女,Jessa,,,英語,Jessica 的縮寫。,,,,,,
女,Jessalyn,,,英語（罕見）,Jessie 1 和常用名後綴 lyn 的組合。,,,,,,
女,Jessamine,,,英語（罕見）,源自英語單字 jasmine 的變體拼字（參見 Jasmine），也用於指稱花楸科的開花植物。,,,,,,
女,Jessamyn,,,英語（罕見）,Jessamine 的變體。,,,,,,
男,Jesse,,,英語、荷蘭語、芬蘭語、聖經用語,源自 Ἰεσσαί (Iessai)，這是希伯來語名字 יִשַׁי (Yishai) 的希臘語形式。它可能源自於 שַׁי (shai)，意為“禮物”，或 יֵשׁ (yesh)，意為“存在”。在《舊約》中，Jesse 是大衛王的父親。宗教改革後，Jesse 開始使用英語名。 Jesse James（1847-1882）是一位著名的使用這個名字的人，他是一名美國歹徒，搶劫銀行和驛馬車。最終，他被一名幫派成員槍殺，以示懸賞。另一位著名的使用這個名字的人是美國運動員 Jesse Owens（1913-1980），他的真名是 James Cleveland（或 J. C.）Owens。,,,,,,
女,Jessi,,,英語（現代）,Jessie 1 的變體。,,,,,,
女,Jessica,Jess、Jessa、Jessi、Jessie、Jessy、Jessye (英語) Jessy (法語),,英語、法語、德語、瑞典語、挪威語、丹麥語、荷蘭語、義大利語、西班牙語,這個名字最早出現在威廉·莎士比亞的戲劇《威尼斯商人》（1596 年）中，屬於夏洛克的女兒。莎士比亞很可能以聖經名字 Iscah 為原型，在當時，Iscah 的拼寫是 Jescha。直到 20 世紀中葉，它才被廣泛用作英語名。 1987 年，它在美國達到流行頂峰，並在 1985 年至 1995 年間位居女孩名字榜首，除了 1991 年和 1992 年（當時被 Ashley 取代）。著名持有者包括女演員傑西卡坦迪 (1909-1994) 和傑西卡蘭格 (1949-)。,,,,,,
女,Jessie (1),,,蘇格蘭語、英語,最初是蘇格蘭語中 Jean 2 的暱稱。在現代，它也被用作 Jessica 的暱稱。,,,,,,
男,Jessie (2),,,英語,Jesse 的變體。,,,,,,
女,Jessika,,,德語、瑞典語、英語（現代）,Jessica 的德語、瑞典語和英語變體。,,,,,,
男女,Jessy,,,法語，英語,Jesse 或 Jessie 1 的變體。,,,,,,
女,Jessye,,,英語（罕見）,Jessie 1 的變體。,,,,,,
男,Jett,,,英語（現代）,源自英語單字 jet，表示噴射機或深黑色（這兩個字的來源不同）。,,,,,,
女男,Jewel,,,英語,部分源自英語單字 jewel，指一種珍貴的寶石，源自古法語 jouel，可能與 jeu（遊戲）有關。它也部分源自姓氏 Jewel 或 Jewell（源自布列塔尼語名稱 Judicaël），有時用於紀念 16 世紀索爾茲伯里主教 John Jewel。自 19 世紀以來，它一直用作名字。,,,,,,
女男,Jewell,,,英語,Jewel 的變體。,,,,,,
男,Jez,,,英語（英式）,Jeremy 的暱稱。,,,,,,
男,Jezza,,,英語（英式）,Jeremy 的主要英式暱稱。,,,,,,
女,Jill,,,英語,Gillian 的縮寫。,,,,,,
女,Jillian,"Gill, Jill, Jillie, Jilly",,英語,Gillian 的變體。,,,,,,
女,Jillie,,,英語,Jill 的暱稱。,,,,,,
女,Jilly,,,英語,Jill 的暱稱。,,,,,,
男,Jim,,,英語,James 的中世紀暱稱。,,,,,,
男,Jimi,,,英語，芬蘭語（現代）,Jimmy 的變體。搖滾音樂家吉米·亨德里克斯 (1942-1970) 是該名字的著名持有者。,,,,,,
男女,Jimmie,,,英語,James 的暱稱或陰性形式。,,,,,,
男,Jimmy,,,英語,James 的暱稱。這是美國演員詹姆斯史都華 (1908-1997) 的常用名。美國總統吉米卡特 (1924-2024) 也曾使用過這個名字。,,,,,,
女,Jinny,,,英語,Virginia 的暱稱。,,,,,,
女男,Jo,,,英語、德語、荷蘭語、挪威語,Joan 1、Joanna、Josephine 以及其他以 Jo 開頭的名字的縮寫。在德語、荷蘭語和挪威語中，該名字主要為陽性，是 Johannes 或 Josef 的縮寫。,,,,,,
女,Joan (1),,,英語,Johanne 的中世紀英語形式，Iohanna 的古法語形式（參見 Joanna）。這是中世紀英語中 John 常用的女性形式，但在 17 世紀被 Jane 超越。 20 世紀上半葉，它再次變得相當流行，進入了美國和英國的前十個名字，儘管後來逐漸淡出。這個名字（有多種拼寫）在歐洲皇室中很常見，那不勒斯、納瓦拉和卡斯蒂利亞的統治女王都曾使用過這個名字。另一個著名的使用這個名字的人是聖女貞德，她是法國的守護神聖女（在那裡她被稱為 Jeanne d'Arc）。她是 15 世紀的農家女孩，聲稱聽到了上帝的旨意後，被任命為法國軍隊的統帥。她在奧爾良戰役中擊敗了英國人，但最終被捕並被燒死在火刑柱上。其他著名的使用這個名字的人包括女演員瓊克勞馥 (1904-1977) 和喜劇演員瓊·里弗斯 (1933-2014)，她們都是美國人。,,,,,,
女,Joandra,,,英語（罕見）,Joanne 和 Andrea 2 的組合。,,,,,,
女,Joanie,,,英語,Joan 1 的暱稱。,,,,,,
女,Joann,"Jo, Joanie, Joetta, Joni, Jonie, Jonette",,英語,Joan 1 的變體。,,,,,,
女,Joanna,Jo、Jodi、Jodie、Jody、Joetta、Joey、Jodene (英語) Asia、Joasia (波蘭語),,英語、波蘭語、聖經,拉丁語 Iohanna 的英語和波蘭語形式，源自希臘語 Ἰωάννα (Ioanna)，是 Ioannes（參見 John）的陰性形式。英語《新約》中也使用這種拼寫，指耶穌的追隨者，他們被尊為聖徒。在中世紀的英格蘭，它被用作 Joan（John 的常用陰性形式）的拉丁化形式，並在 19 世紀成為常見的名字。,,,,,,
女,Jo-Anne,,,英語,英語、法語,,,,,,
女,Joanne,"Jo, Joanie, Joetta, Joni, Jonie, Jonette",,英語、法語,Joan 1 或 Johanne 的變體。在某些情況下，它可能被認為是 Jo 和 Anne 1 的組合。,,,,,,
女,JoBeth,,,英語（罕見）,Jo 和 Beth 的組合。,,,,,,
男,Joby,,,英語（罕見）,Job 和其他以 Jo 開頭的名字的縮寫。,,,,,,
男女,Jocelin,Joss,,法語，英語（罕見）,Jocelyn 的變體。,,,,,,
女男,Jocelyn,Joss,,英語，法語,源自法蘭克男性名，拼字方式多樣，有 Gautselin、Gauzlin 等。它源自於日耳曼語元素 *gautaz，該元素源自日耳曼部落耶特人 (Geats) 的名稱，並帶有拉丁語指小後綴。諾曼人以 Goscelin 或 Joscelin 的形式將此名字傳入英國，並沿用至 14 世紀。它在 20 世紀復興，主要作為女性名，可能是姓氏 Jocelyn（中世紀名字的衍生詞）的變體。在法國，這僅作為男性名使用。,,,,,,
女,Jodene,,,英語（罕見）,Jody 的女性變體。,,,,,,
女,Jodi,,,英語,Jody 的女性變體。,,,,,,
女,Jodie,,,英語,Jody 的女性變體。,,,,,,
女男,Jody,,,英語,Josephine、Joseph、Joanna 和其他以 Jo 開頭的名字的縮寫。它因 Marjorie Kinnan Rawlings 的小說《鹿苑長春》（1938 年）及其後續電影改編版（1946 年）中的年輕男主角（男孩）而廣為人知。作為一個女性名字，它可能得益於發音相似的名字 Judy，在 Jody 崛起的時期，Judy 在美國正處於流行高峰。,,,,,,
男,Joe,,,英語,Joseph 的縮寫。曾有五位著名運動明星使用過這個名字：拳擊手 Joe Louis（1914-1981 年）和 Joe Frazier（1944-2011 年）、棒球運動員 Joe DiMaggio（1914-1999 年）以及橄欖球四分衛 Joe Namath（1943 年至今）和 Joe Montana（1956 年至今）。美國總統 Joe Biden（1942 年至今）也曾使用過這個名字。,,,,,,
男,Joel,,,英語、西班牙語、葡萄牙語、瑞典語、芬蘭語、愛沙尼亞語、聖經語,源自希伯來文名稱 יוֹאֵל (Yoʾel)，意為“耶和華是上帝”，由 יוֹ (yo) 和 אֵל (ʾel) 兩個詞素組成，均指希伯來神。 Joel 是《舊約》十二小先知之一，也是《約珥書》的作者，這本書描述了一場蝗災。在英國，該名稱在新教改革後首次被用作基督教名稱。,,,,,,
女,Joella,,,英語,Joel 的陰性形式。,,,,,,
女,Joelle,,,英語,Joel 的陰性形式。,,,,,,
女,Joetta,,,英語,Jo 的擴展形式。,,,,,,
男女,Joey,,,英語,Joseph 的暱稱。有時也用作 Josephine 或 Johanna 的陰性暱稱。,,,,,,
女,Johanna,"Hanna, Hanne (德語) Hanna, Jonna (瑞典語) Hanna, Hanne, Janne (挪威語) Hanna, Hanne, Janne, Jonna (丹麥語) Hanna, Hanne, Hanneke, Hannie, Jennigje, Johanneke, Joke, Hanke (荷蘭語) Hanna (匈牙利語) Hanna, Hannele, Janna, Jonna (芬蘭語) Janne (愛沙尼亞語) Jo, Jody, Joey (英語)",,德語、瑞典語、挪威語、丹麥語、荷蘭語、匈牙利語、芬蘭語、愛沙尼亞語、英語、晚期羅馬語,希臘文 Ioanna 的拉丁化形式（參見 Joanna）。,,,,,,
男,John,"Johnie, Johnnie, Johnny",,英語、瑞典語、丹麥語、挪威語、荷蘭語、聖經語,Iohannes 的英語形式，是希臘語名字 Ἰωάννης (Ioannes) 的拉丁化形式，源自希伯來文名字 יוֹחָנָן (Yoḥanan)。其意為“耶和華是仁慈的”，字根 יוֹ (yo) 指希伯來語上帝，חָנַן (ḥanan) 意為“仁慈”。希伯來文形式出現在《舊約》中（英語版拼寫為 Johanan 或 Jehohanan），但這個名字的流行要歸功於兩位《新約》中的人物，他們都是備受尊敬的聖徒。第一個是施洗約翰，一位猶太苦行僧，被認為是耶穌的先驅。他為耶穌施洗，後來被希律安提帕處死。第二個是使徒約翰，傳統上被認為是第四福音書和啟示錄的作者。他與使徒彼得和雅各（約翰的兄弟）一起，屬於耶穌的核心圈子。這個名字最初在拜占庭帝國的東方基督徒中更為常見，但在第一次十字軍東徵之後，它在西歐蓬勃發展。在英國，它變得非常流行，通常是13世紀到20世紀最常見的男性名字（但有時威廉的流行程度超過了它）。在中世紀後期，大約五分之一的英國男孩都用這個名字。在美國，直到1923年，它一直是最常見的男孩名字。 21位教宗和8位拜占庭皇帝，以及英國、法國、瑞典、丹麥、波蘭、葡萄牙、保加利亞、俄羅斯和匈牙利的統治者都曾使用過這個名字（各種拼字）。詩人約翰·彌爾頓（1608-1674）、哲學家約翰·洛克（1632-1704）、美國開國元勳兼總統約翰·亞當斯（1735-1826）和詩人約翰·濟慈（1795-1821）也曾使用過這個名字。 20世紀的著名使用者包括作家約翰·史坦貝克（1902-1968）、遇刺的美國總統約翰·F·甘迺迪（1917-1963）和音樂家約翰·列儂（1940-1980）。 Ian（蘇格蘭）、Sean（愛爾蘭）和Evan（愛爾蘭）等形式也曾使用過這個名字。,,,,,,
女,Johna,"Johnie, Johnnie",,英語（罕見）,John 的陰性形式。,,,,,,
男,Johnathan,"Jon, Jonny (英語) Jonty (英語(英國))",,英語,Jonathan 的變體，受 John 的影響。,,,,,,
男,Johnathon,"Jon, Jonny (英語) Jonty (英語(英國))",,英語,Jonathan 的變體，受 John 的影響。,,,,,,
男女,Johnie,,,英語,John 的暱稱，有時用作陰性形式。,,,,,,
女,Johnna,"Johnie, Johnnie",,英語,John 的陰性形式。,,,,,,
男女,Johnnie,,,英語,John 的暱稱，有時用作陰性形式。,,,,,,
男,Johnny,,,英語,John 的暱稱。美國演員約翰尼·德普 (1963-) 是這個名字的著名使用者。,,,,,,
男,John Paul,,,英語,John 和 Paul 的組合。該名字由兩位 20 世紀的教宗使用，其中最著名的是聖約翰保羅二世 (1920-2005)。,,,,,,
男,Johnson,,,英語（非洲）,源自英語姓氏 Johnson，意為「約翰之子」。作為名字，該名字在講英語的非洲最為常見。,,,,,,
女,Joi,,,英語（現代）,Joy 的變體。,,,,,,
女,Joisse,,,英語（罕見）,Joyce 的變體。,,,,,,
男女,Jojo,,,英語,Joseph、Jolene 和其他以 Jo 開頭的名字的縮寫。,,,,,,
女,Joleen,Jojo,,英語,Jolene 的變體。,,,,,,
女,Jolene,Jojo,,英語,由 Jo 和常用名後綴 lene 組成。名字誕生於 20 世紀初。在多莉·帕頓 1973 年發行歌曲《Jolene》後，該名字的受歡迎程度大幅提升。,,,,,,
女,Jolie,,,英語,法文意為「漂亮」。該名字由美國女演員安吉麗娜朱莉 (1975-) 推廣，她的姓氏最初是她的中間名。在法國，該名字不用作名字。,,,,,,
女,Joline,Jojo,,英語、瑞典語（現代）,Jolene 的變體。,,,,,,
女,Jolyon,"Jools, Jules",,英語（罕見）,Julian 的中世紀形式。作家約翰·高爾斯華綏在其《福賽特世家》（出版於1906年至1922年間）小說中用它指涉一個角色。,,,,,,
男,Jon (2),,,英語,喬納斯（Jonathan）的簡稱，有時是約翰（John）的變體。,,,,,,
男,Jonah,,,英語，聖經用語,源自希伯來文名稱יוֹנָה（Yona），意為「鴿子」。這是《舊約聖經·約拿書》中記載的一位被魚吞食的先知的名字。約拿奉上帝之命前往尼尼微傳道，但他卻乘船逃走。在遭遇暴風雨後，其他水手將約拿丟下海，他被魚吞食。三天后，他從魚腹中活著出來，懺悔了。約拿的故事在中世紀很流行，希臘化的約拿（Jonas）形式偶爾在英國使用。約拿（Jonah）這一形式直到新教改革後才變得普遍。,,,,,,
男,Jonathan,Jon、Jonny(英語) Jonty(英語(英式)),,英語、法語、德語、瑞典語、挪威語、丹麥語、荷蘭語、聖經語,源自希伯來文名יְהוֹנָתָן (Yehonaṯan)，縮寫為יוֹנָתָן (Yonaṯan)，意為「耶和華賜予」。這個名字源自於希伯來文中指上帝יְהוֹ (yeho) 和意為「給予」的נָתַן (naṯan) 兩個字根。根據《舊約》，Jonathan 是掃羅的長子。由於他與父親的對手大衛關係密切，他與父親的關係緊張。他和掃羅一起在與非利士人的戰鬥中陣亡。 Jonathan 這個英語名直到宗教改革後才變得流行。一位著名的持有者是英愛諷刺作家喬納森·斯威夫特（1667-1745），他創作了《格列佛遊記》等作品。,,,,,,
男,Jonathon,Jon、Jonny(英語) Jonty(英語(英式)),,英語,Jonathan 的變體。,,,,,,
女,Jonelle,,,英語（罕見）,John 的陰性形式。,,,,,,
男,Jones,,,英語,源自英語和威爾斯語姓氏，姓氏本身源自於名字 John。,,,,,,
女,Jonette,,,英語（罕見）,Joan 1 的陰性暱稱。,,,,,,
女,Joni (1),,,英語,Joan 1 的暱稱。,,,,,,
女,Jonie,,,英語,Joan 1 的暱稱。,,,,,,
男,Jonny,,,英語,Jonathan 的暱稱。,,,,,,
女,Jonquil,,,英語（罕見）,源自英語中表示花的種類的單詞，最終源自於拉丁語 iuncus“蘆葦”。,,,,,,
男,Jonty,,,英語（英國）,Jonathan 的暱稱。,,,,,,
男女,Jools,,,英語,"Julius, Julian 或 Julia 的暱稱。",,,,,,
男女,Jordan,,,英語、法語、馬其頓語、塞爾維亞語,源自於流經約旦和以色列兩國之間的一條河流。這條河的希伯來文名稱是 יַרְדֵן (Yarḏen)，源自於 יָרַד (yaraḏ)，意為「下降，流下」。在《新約》中，施洗約翰在河水中為耶穌基督施洗，而十字軍從河中取水為孩子們施洗後，這個名字在歐洲被採納為人名。 Jordanes 可能也受到了拉丁名 Jordanes 的影響，這個名字的作者是一位公元 6 世紀的哥德歷史學家。這個名字在中世紀後逐漸消失，但在 19 世紀又重新流行起來。在 20 世紀下半葉，它在美國和其他國家變得相當流行。這個姓氏的著名持有者是前籃球明星邁克爾喬丹（1963-）。,,,,,,
女,Jordana,,,西班牙語、葡萄牙語、馬其頓語、塞爾維亞語、英語,Jordan 的陰性形式。,,,,,,
女,Jordanna,,,英語,Jordan 的嚴格陰性變異。,,,,,,
女男,Jordin,,,英語（現代）,Jordan 的變體。,,,,,,
男,Jordon,,,英語（現代）,Jordan 的變體。,,,,,,
女,Jordyn,,,英語（現代）,Jordan 的陰性變體。,,,,,,
女,Jorie,,,英語,Marjorie 的縮寫。,,,,,,
女,Jorja,,,英語（現代）,Georgia 的變體。,,,,,,
女,Josceline,Joss,,英語（罕見）,Jocelyn 的變體。,,,,,,
女,Joselyn,Joss,,英語（現代）,Jocelyn 的變體。,,,,,,
男,Joseph,Jo、Jody、Joe、Joey、Jojo、Josey (英語) Jo、Jupp、Sepp、Seppel (德語),,英語、法語、德語、聖經,源自 Ioseph，希臘語 Ἰωσήφ (Ioseph) 的拉丁語形式，源自希伯來語 יוֹסֵף (Yosef)，意為“他將添加”，其詞根 יָסַף (yasaf) 意為“添加、增加”。在《舊約》中，約瑟是雅各的第十一個兒子，也是他與妻子拉結所生的長子。由於他是父親最寵愛的孩子，他的哥哥們把他送到埃及，並告訴父親他已故。在埃及，約瑟成為法老的顧問，最後在飢荒期間與來到埃及的兄弟們和解。這個名字也出現在《新約》中，分別屬於瑪利亞的丈夫聖約瑟和亞利馬太的約瑟。在中世紀，約瑟是一個常見的猶太名字，在基督徒中較少使用。在中世紀晚期，聖約瑟受到更高的崇敬，這個名字在西班牙和義大利也變得流行起來。在英國，這個名字在宗教改革後變得普遍。在美國，自1880年以來，它一直位列男孩名字前25名，成為當時最經久不衰的名字之一。神聖羅馬帝國和葡萄牙的統治者都曾經使用過這個名字。其他著名的使用者包括奧地利作曲家約瑟夫·海頓（1732-1809）、摩門教創始人約瑟夫·史密斯（1805-1844）、波蘭裔英國作家約瑟夫·康拉德（1857-1924）和蘇聯獨裁者約瑟夫·史達林（1878-1953）。,,,,,,
女,Josepha,,,荷蘭語、德語（古語）、英語（罕見）,Joseph的女性形式。,,,,,,
女,Josephina,"Jo, Jody, Joey, Josey, Josie, Posie, Posy",,英語（罕見）,Joséphine的拉丁語變體。,,,,,,
女,Josephine,Jo、Jodi、Jodie、Jody、Joetta、Joey、Josey、Josie、Posie、Posy、Jodene (英語) Fieke、Fien、Fiene、Pien (荷蘭語),,英語、德語、荷蘭語,Joséphine的英語、德語和荷蘭語形式。,,,,,,
男女,Josey,,,英語,Joseph或Josephine的暱稱。,,,,,,
男,Josh,,,英語,Joshua 的簡稱。,,,,,,
男,Joshua,Josh,,英語，聖經用語,源自希伯來文名稱יְהוֹשֻׁעַ（Yehoshuaʿ），意為“耶和華是拯救”，其詞根יְהוֹ（yeho）指希伯來語上帝，יָשַׁע（yasha）意為「拯救。根據《舊約》記載，約書亞是摩西的同伴。摩西從上帝領受十誡後，他與摩西一同登上西乃山，後來成為十二探子之一，被派往迦南。摩西死後，約書亞繼任以色列人的領袖，率領以色列人征服迦南。他原名何細亞。耶穌（Jesus）這個名字源自亞蘭語縮寫יֵשׁוּעַ（Yeshuaʿ）的希臘語音譯，而耶書亞正是耶穌的真名。作為一個英語名字，Joshua 自新教改革以來就一直被使用。,,,,,,
男,Josiah,,,聖經用語，英語,源自希伯來文名字 יֹאשִׁיָהוּ (Yoshiyahu)，意為“耶和華支持”，源自 אָשְׁיָה (ʾashya)，意為“支持”和 יְׁיָה (ʾashya)，意為“支持”和 יְהּ (yah)，希伯來。在《舊約》中，這是一位以宗教改革而聞名的猶大國王的名字。他於西元前7世紀在米吉多與埃及人作戰時陣亡。在英國，這個名字在新教改革後開始使用。,,,,,,
女,Josie,,,英語,Joshine 的暱稱。,,,,,,
女,Joslyn,Joss,,英語（現代）,Jocelyn 的變體。,,,,,,
女男,Joss,,,英語,Jocelyn 的縮寫。,,,,,,
女,Josslyn,Joss,,英語（罕見）,Jocelyn 的變體。,,,,,,
女,Journee,,,英語（現代）,Journey 的變體。,,,,,,
女,Journey,,,英語（現代）,,,,,,,
女,Journi,,,英語,Journey 的變體。,,,,,,
女,Joy,,,英語,源自英語單字 joy，最終源自於諾曼法語 joie 和拉丁語 gaudium。自 19 世紀末以來，它一直被用作名字。,,,,,,
女男,Joyce,,,英語,源自中世紀男性名字 Josse，該名字源自於早期的 Iudocus，後者是布列塔尼名字 Judoc 的拉丁化形式，意為「領主」。這個名字屬於一位 7 世紀的布列塔尼聖徒，諾曼征服後，布列塔尼定居者將其引入英格蘭。 14 世紀後，這個名字變得罕見，但後來作為女性名字重新使用，可能是因為它與中世紀英語單字 joise（意為「歡喜」）相似。這個名字也變成了姓氏，例如愛爾蘭小說家詹姆斯喬伊斯（1882-1941）。,,,,,,
女,Joye,,,英語,Joy 的變體。,,,,,,
女,Jream,,,英語（現代）,Dream 的變體。,,,,,,
男,Judd,,,英語、中世紀英語,Jordan 的中世紀暱稱。這個名字的現代用法受到了源自中世紀名字的姓氏的啟發。,,,,,,
男,Jude (1),,,英語，聖經,Judas 的變體。在許多英語版的新約聖經中，它被用來指名為猶大的第二位使徒，以區別於加略人猶大。他被認為是《猶大書》的作者。在英語世界，自新教改革以來，Jude 偶爾被用作名字。,,,,,,
女,Jude (2),,,英語,Judith 的縮寫。,,,,,,
女,Judi,,,英語,Judith 的暱稱。,,,,,,
女,Judie,,,英語,Judith 的暱稱。,,,,,,
女,Judith,"Jude, Judi, Judie, Judy (英語) Yutke (意第緒語) Ditte (丹麥語)",,英語、猶太語、德語、荷蘭語、瑞典語、挪威語、丹麥語、西班牙語、法語、聖經用語,源自希伯來文名 יְהוּדִית (Yehuḏiṯ)，意為「猶太女子」，是 יְהוּדִי (yehuḏi) 的陰性形式，最終指稱猶大支派的人。在《舊約》中，Judith 是以掃的赫梯妻子之一。這也是偽經《猶大書》中主角的名字。她殺死了入侵的亞述將軍何樂弗尼，並在他睡夢中將他斬首。作為英語名，Judith 直到新教改革後才變得普遍，儘管在中世紀早期曾有過一些例子。然而，它在歐洲大陸的使用更早，一些歐洲皇室成員，例如9世紀的巴伐利亞的 Judith 就曾使用過這個名字。,,,,,,
女,Judy,,,英語,Judith 的暱稱。美國歌手兼演員朱迪·加蘭 (1922-1969) 是該名字的著名使用者。,,,,,,
女男,Jules (2),,,英語,Julia 或 Julian 的暱稱。,,,,,,
女,Julia,Jules,,英語、德語、瑞典語、挪威語、丹麥語、荷蘭語、西班牙語、波蘭語、芬蘭語、愛沙尼亞語、俄語、烏克蘭語、古羅馬語、聖經語,羅馬姓氏 Julius 的女性形式。家族的著名女性包括奧古斯都皇帝之妻 Julia Augusta（又名 Livia Drusilla）和奧古斯都之女、提比略之妻 Julia the Elder。 《新約》中曾簡單提及一位使用此名字的人。一些早期聖人和殉道者也使用過這個名字，包括科西嘉島的守護神聖羅馬帝國皇帝朱利葉斯。此外，莎士比亞在其喜劇《維羅納二紳士》(1594) 中也使用了這個名字。自18世紀以來，它才在英語世界中作為名字而流行。現代著名的使用這個名字的人是美國女演員朱莉婭·羅伯茨（1967-）。,,,,,,
男,Julian,"Jools, Jules (英語) Julek (波蘭語) Lian (德語)",,英語、波蘭語、德語,源自羅馬姓氏Iulianus，該姓氏源自Julius。這是最後一位信奉異教的羅馬皇帝叛教者朱利安（4世紀）的名字。一些早期聖人也使用過這個姓氏，包括傳奇的聖朱利安醫院騎士團成員。這個名字自中世紀以來就在英國使用，當時它也是一個女性名字（源自 Juliana，最終演變為 Gillian）。,,,,,,
女,Juliana,Liane（德語） Leanna、Liana（英語） Liana（葡萄牙語）,,荷蘭語、德語、英語、西班牙語、葡萄牙語、斯洛伐克語、古羅馬語,Iulianus（見 Julian）的女性形式。這是4世紀尼科米底亞一位聖徒和殉道者的名字，也是諾里奇真福朱利安娜（也被稱為朱利安）的名字，她是14世紀的神秘主義者和作家。 20世紀的一位荷蘭女王也曾經使用過這個名字。在英國，這個形式自18世紀以來一直與更古老的形式Gillian一起使用。,,,,,,
女,Julianna,Liana,,匈牙利語、波蘭語、英語,Iulianus（見 Julian）的女性形式。它也可以被認為是Julia和Anna的組合。,,,,,,
女,Julianne,Liana,,英語,Iulianus（見 Julian）的女性形式。它也可以被認為是 Julie 和 Anne 1 的組合。,,,,,,
女,Julie,,,法語、丹麥語、挪威語、捷克語、英語、德語、荷蘭語,Julia 的法語、丹麥語、挪威語和捷克語形式。它也傳播到了許多其他地區。自 20 世紀初以來，它在英語世界中很常見。,,,,,,
女,Juliet,,,英語,Giulietta 或 Juliette 的英語化形式。在威廉莎士比亞的戲劇《羅密歐與茱麗葉》（1596 年）中，羅密歐不幸的情人就用這個拼法。莎士比亞的故事取材自早期的義大利故事，例如路易吉·達·波爾圖的《朱麗葉與羅密歐》（1524 年）。,,,,,,
男,Julius,,,古羅馬語、英語、德語、芬蘭語、立陶宛語、丹麥語、瑞典語、挪威語、荷蘭語、捷克語,源自羅馬姓氏，可能源自希臘文 ἴουλος (ioulos)，意為「長著絨毛的鬍鬚」。或者，它可能與羅馬神朱庇特的名字有關。朱庇特家族是羅馬一個顯赫的貴族家族，自稱是神話中埃涅阿斯之子尤利烏斯的後裔。其最著名的成員是蓋烏斯·尤利烏斯·凱撒，他因巧妙地征服高盧而獲得了軍事領袖的聲譽。內戰結束後，他成為羅馬共和國的獨裁者，但最終在元老院被刺身亡。儘管包括一位教宗在內的幾位早期聖人都使用過這個名字，但在中世紀卻很少見。它在文藝復興時期在義大利和法國復興，隨後傳入英國。,,,,,,
女男,July,,,英語（罕見）,源自於該月份的名稱，該月份最初以尤利烏斯·凱撒的名字命名。,,,,,,
男,Julyan,,,英語（罕見）,Julian 的中世紀變體。,,,,,,
女,June,,,英語,源自於該月份的名稱，該月份最初源自於羅馬女神朱諾的名字。自19世紀以來，它一直被用作名字。,,,,,,
男,Junior,,,英語,源自於一個暱稱，最初用於指一個與父親同名的男孩。,,,,,,
女,Juniper,,,英語（現代）,源自於英語中表示樹木種類的單字，最終源自於拉丁文 iuniperus。,,,,,,
男女,Justice,,,英語,源自於古法語中意為「法官、司法官員」的職業姓氏。此名稱也可直接指英語單字justice。,,,,,,
男,Justin,Justy,,英語、法文、斯洛維尼亞語,源自拉丁文名稱Iustinus，此名稱源自Justus。這是幾位早期聖人的名字，包括殉道者賈斯汀（Justin Martyr），他是2世紀的一位基督教哲學家，在羅馬被斬首。兩位拜占庭皇帝也使用過這個名字。作為英語名，它自中世紀晚期以來偶爾被使用，但直到20世紀下半葉才變得普遍。現代使用這個名字的名人包括流行歌手賈斯汀·汀布萊克（Justin Timberlake，1981-）和賈斯汀·比伯（Justin Bieber，1994-）。,,,,,,
女,Justina,,,英語、西班牙語、葡萄牙語、斯洛維尼亞語、立陶宛語、晚期羅馬語,源自拉丁語 Iustina，Iustinus（參見 Justin）的女性形式。早期幾位聖徒和殉道者都使用過這個名字。,,,,,,
女,Justine,,,法語、英語,Iustina（參見 Justina）的法語形式。這是薩德侯爵所著小說《賈斯汀》（Justine，1791 年）中女主角的名字。,,,,,,
男女,Justy,,,英語,Justin 或 Justine 的暱稱。,,,,,,
K,,,,,,,,,,,
女男,Kacey,,,英語（現代）,Casey 的變體。,,,,,,
女,Kacie,,,英語（現代）,Casey 的變體。,,,,,,
女,Kade,,,英語（現代）,Cade 的變體。,,,,,,
男,Kaden,,,英語（現代）,Caden 的變體。,,,,,,
女,Kadence,,,英語（現代）,英語（現代）,,,,,,
女,Kae,,,英語（罕見）,Kay 1 的變體。,,,,,,
男,Kaeden,,,英語（現代）,Caden 的變體。,,,,,,
女,Kaelea,,,英語（罕見）,Kaylee 的變體。,,,,,,
女,Kaelee,,,英語（罕見）,Kaylee 的變體。,,,,,,
女,Kaelyn,,,英語（現代）,Kaylyn 的變體。,,,,,,
女,Kaety,,,英語（罕見）,Kate 的暱稱。,,,,,,
男,Kai (1),,,弗里斯蘭語、德語、丹麥語、挪威語、瑞典語、芬蘭語、荷蘭語、英語,意義不明，可能是 Gerhard、Nicolaas、Cornelis 或 Gaius 的弗里斯蘭語暱稱。這個名字由漢斯克里斯蒂安安徒生在 1844 年創作的童話故事中被冰雪女王捕獲的男孩所生。這個名字從德國和斯堪的納維亞半島傳播開來，在 20 世紀末在英語世界和西歐其他地區流行起來。,,,,,,
男,Kaiden,,,英語（現代）,Caden 的變體。,,,,,,
女,Kaila,,,英語（現代）,Kayla 的變體。,,,,,,
女,Kailee,,,英語（現代）,Kaylee 的變體。,,,,,,
女,Kailey,,,英語（現代）,Kaylee 的變體。,,,,,,
女,Kailyn,,,英語（現代）,Kaylyn 的變體。,,,,,,
男,Kairo,,,英語（現代）,Cairo 的變體。,,,,,,
男,Kaison,,,英語（現代）,Kyson 或 Cason 的變體。,,,,,,
女,Kaitlin,,,英語（現代）,Caitlin 的變體。,,,,,,
女,Kaitlyn,,,英語（現代）,Caitlin 的變體。,,,,,,
女,Kaitlynn,,,英語（現代）,Caitlin 的變體。,,,,,,
男,Kaleb,,,英語（現代）,Caleb 的英語變體。,,,,,,
女,Kaleigh,,,英語（現代）,Kayleigh 或 Callie 的變體。,,,,,,
男,Kal-El,,,流行文化，英語（現代）,1938年，傑瑞·西格爾和喬·舒斯特為漫畫英雄超人（Superman）創作了Kal-El，他來自遙遠的氪星。最初的拼字Kal-L在20世紀40年代改為Kal-El。有人認為El的靈感來自希伯來文中常見的名字元素אֵל（ʾel），意為「上帝」。儘管西格爾和舒斯特都是猶太人，但沒有證據表明他們有這種聯繫，他們很可能只是自創的。超人的另一個名字克拉克·肯特（Clark Kent）是由他的養父母取的。美國演員尼可拉斯凱吉於2005年為他的兒子取了這個名字。,,,,,,
女,Kaley,,,英語（現代）,Kaylee 的變體。,,,,,,
女,Kali (2),,,英語（現代）,Callie 或 Kaylee 的變體。,,,,,,
女,Kalie,,,英語（現代）,Callie 或 Kaylee 的變體。,,,,,,
女,Kalla,,,英語（罕見）,Calla 的變體。,,,,,,
女,Kallie,,,英語（現代）,Callie 的變體。,,,,,,
女,Kalyn,,,英語（現代）,Kaylyn 的變體。,,,,,,
女,Kalysta,,,英語（罕見）,Calista 的變體。,,,,,,
男女,Kam,,,英語（現代）,Kameron 的縮寫。,,,,,,
男,Kamden,,,英語（現代）,Camden 的變體。,,,,,,
男女,Kameron,"Cam, Kam",,英語（現代）,Cameron 的變體。,,,,,,
女男,Kamryn,"Cam, Kam",,英語（現代）,Cameron 的變異（通常為陰性）。,,,,,,
女,Kandace,"Cam, Kam",,英語（現代）,Candace 的變體。,,,,,,
女,Kandi,,,英語,Candy 的變體。,,,,,,
男,Kane,,,英語（現代）,源自愛爾蘭姓氏，Ó Catháin 的英語化形式，源自於名字 Cathán。,,,,,,
男,Kannon (2),,,英語（現代）,Cannon 的變體。,,,,,,
男,Kaolin,,,英語（罕見）,Caolán 的英語化形式。這也是一種黏土的名稱。,,,,,,
女,Kara (1),,,英語,Cara 的變體。,,,,,,
女,Karaugh,,,英語（罕見）,Kara 1 的變體。,,,,,,
女,Karen (1),,,丹麥語、挪威語、冰島語、英語、德語,Katherine 的丹麥語縮寫形式。 20 世紀 30 年代後，它在英語世界中變得普遍。,,,,,,
女,Karena,,,英語（罕見）,Karen 1 的進一步發展，可能受到 Carina 1 的影響。,,,,,,
女,Karina,,,瑞典語、丹麥語、挪威語、波蘭語、德語、俄語、英語、拉脫維亞語、西班牙語,Karin 的進一步發展形式。,,,,,,
女,Karissa,,,英語,Charissa 的變體。,,,,,,
男,Karl,,,德語、瑞典語、挪威語、丹麥語、冰島語、英語、芬蘭語、愛沙尼亞語、日耳曼語、古挪威語,Charles 的德語和斯堪的納維亞語形式。這是法蘭克帝國和神聖羅馬帝國七位統治者的名字。奧地利一位受封真福的皇帝（1887-1922）以及十位瑞典國王也曾使用過這個名字。其他著名的使用這個名字的人包括德國哲學家卡爾·馬克思（1818-1883），一位政治理論家和社會主義者，以及卡爾·雅斯貝斯（1883-1969），一位存在主義者和精神病學家。,,,,,,
女,Karla,,,德語、瑞典語、挪威語、丹麥語、捷克語、克羅埃西亞語、英語,Karl、Karel 或 Karlo 的陰性形式。,,,,,,
女,Karlee,,,英語（現代）,Carly 的變體。,,,,,,
女,Karlene,,,英語,Carlene 的變體。,,,,,,
女,Karli,,,英語（現代）,Carly 的變體。,,,,,,
女,Karlie,,,英語（現代）,Carly 的變體。,,,,,,
女,Karly,,,英語（現代）,Carly 的變體。,,,,,,
女,Karol (2),,,英語,Carol 1 的變體。,,,,,,
女,Karolyn,,,英語,Caroline 的變體。,,,,,,
女,Karrie,,,英語,Carrie 的變體。,,,,,,
男,Karson,,,英語（現代）,Carson 的變體。,,,,,,
女男,Karsyn,,,英語（現代）,Carson 的變體。,,,,,,
男,Karter,,,英語（現代）,Carter 的變體。,,,,,,
女,Karyn,,,英語,Karen 1 的變體。,,,,,,
女,Kasandra,"Cass, Cassie, Cassy, Kassie, Kassy",,英語（現代）、波蘭語,Cassandra 的英語變體和波蘭語形式。,,,,,,
男,Kasen,,,英語（現代）,Cason 的變體。,,,,,,
男女,Kasey,"Case, Kayce",,英語,Casey 的變體。,,,,,,
男,Kash,,,英語（現代）,Cash 的變體。,,,,,,
男,Kashton,,,英語（現代）,可能是 Kash 和流行名字後綴 ton 的組合，靈感來自 Ashton 等名字。,,,,,,
男,Kason,,,英語（現代）,Cason 的變體。,,,,,,
女,Kassandra,"Cass, Cassie, Cassy, Kassie, Kassy",,希臘神話、古希臘文、英語（現代）,Cassandra 的希臘語形式，以及現代英語變體。,,,,,,
女,Kassia,,,英語（罕見）,Cassia 的變體。,,,,,,
女,Kassidy,"Cass, Cassie, Cassy",,英語（現代）,Cassidy 的變體。,,,,,,
女,Kassie,,,英語（現代）,Kassandra 的暱稱。,,,,,,
女,Kassy,,,英語（現代）,Kassandra 的暱稱。,,,,,,
女,Kat,,,英語,Katherine 的暱稱。,,,,,,
女,Kate,,,英語，克羅埃西亞語,Katherine 的簡稱，常單獨使用。它是莎士比亞戲劇《馴悍記》（1593 年）中 Katherina 的簡稱。該稱呼自中世紀以來在英國一直使用。英國女演員凱特溫斯蕾（1975-）是該稱呼的著名使用者。,,,,,,
女,Katee,,,英語（罕見）,Kate 的暱稱。,,,,,,
女,Katelin,,,英語（現代）,Caitlin 的變體。,,,,,,
女,Katelyn,,,英語（現代）,Caitlin 的變體。,,,,,,
女,Katelynn,,,英語（現代）,Caitlin 的變體。,,,,,,
女,Katey,,,英語,Kate 的暱稱。,,,,,,
女,Katharine,"Cat, Cate, Cathie, Cathy, Kat, Kate, Kathi, Kathie, Kathy, Kay, Kit, Kittie, Kitty (英語) Cathrin, Catrin, Ina, Käthe, Kathrin, Katinka (德語)",,英語，德語,Katherine 的英語變體和 Katharina 的德語變體。美國女演員凱瑟琳赫本 (1907-2003) 是一位著名的凱瑟琳 (Kathary) 名字的使用者。,,,,,,
女,Katharyn,"Kat, Kate, Katey, Kathi, Kathie, Kathy, Katie, Katy, Kay, Kaye, Kit, Kittie, Kitty, Kae, Kaety, Katee",,英語,Katherine 的變體。,,,,,,
女,Katherina,"Cat, Cate, Cathie, Cathy, Kat, Kate, Kathi, Kathie, Kathy, Kay, Kit, Kittie, Kitty (英語) Cathrin, Catrin, Ina, Käthe, Kathrin, Katinka (德語)",,英語（罕見）、德語,Katherine 的拉丁文形式。這是莎士比亞喜劇《馴悍記》(1593) 中彼特魯喬娶並試圖馴服的女子的名字。,,,,,,
女,Katherine,"Cat, Cathie, Cathy, Kat, Kate, Katey, Kathi, Kathie, Kathy, Katie, Katy, Kay, Kaye, Kit, Kittie, Kitty, Cate, Kae, Kaety, Katee",,英語,源自希臘文名字 Αἰκατερίνη (Aikaterine)。這個字源有爭議：它可能源自更早的希臘文名字 Ἑκατερινη (Hekaterine)，而 ἑκάτερος (hekateros) 意為「兩者各佔」；也可能源自女神赫卡特 (Hecate) 的名字；也可能與希臘文 αἰ ία (aκa) 的名字；意為「折磨」有關；也可能源自於一個科普特名字，意為「我奉獻於你的名字」。在早期基督教時代，它與希臘語 καθαρός (katharos) 聯繫起來，意為“純潔”，拉丁語拼寫也從 Katerina 改為 Katharina，以反映這一點。這個名字源自於一位來自亞歷山大的半傳奇的4世紀聖徒和殉道者，他曾被釘在帶刺的輪子上受刑。這位聖人最初在敘利亞受到崇敬，歸來的十字軍將這個名字帶到了西歐。自12世紀以來，它在英格蘭以多種不同的拼寫方式流行，其中 Katherine 和 Catherine 在16世紀後期成為標準拼寫。,,,,,,
女,Katheryn,"Kat, Kate, Katey, Kathi, Kathie, Kathy, Katie, Katy, Kay, Kaye, Kit, Kittie, Kitty, Kae, Kaety, Katee",,英語,Katherine 的變體。,,,,,,
女,Katheryne,"Kat, Kate, Katey, Kathi, Kathie, Kathy, Katie, Katy, Kay, Kaye, Kit, Kittie, Kitty, Kae, Kaety, Katee",,英語（罕見）,Katherine 的變體。,,,,,,
女,Kathi,,,英語,Katherine 的暱稱。,,,,,,
女,Kathie,,,英語,Katherine 的暱稱。,,,,,,
女,Kathleen,,,愛爾蘭語，英語,Caitlín 的英語化形式。,,,,,,
女,Kathlyn,,,英語,Caitlín 的英語化形式。,,,,,,
女,Kathryn,"Kat, Kate, Katey, Kathi, Kathie, Kathy, Katie, Katy, Kay, Kaye, Kit, Kittie, Kitty, Kae, Kaety, Katee",,英語,Katherine 的縮寫形式。,,,,,,
女,Kathy,"Katey, Katie, Katy, Kaety, Katee",,英語,Katherine 的暱稱。,,,,,,
女,Katie,,,英語,Kate 的暱稱。,,,,,,
女,Katlyn,,,英語（現代）,Caitlin 的變體。,,,,,,
女,Katrina,Trina,,蘇格蘭語，英語,Caitrìona 的英語化形式。,,,,,,
女,Katy,,,英語,Kate 的暱稱。,,,,,,
女,Kay (1),,,英語,Katherine 和其他以 K 開頭的名字的縮寫。,,,,,,
女,Kaya (2),,,英語（現代）,可能源自斯堪的納​​維亞語名字 Kaia，也可能只是根據其他名字（例如 Maya）的發音而發明的名字。,,,,,,
男女,Kayce,,,英語（現代）,Casey 或 Case 的變體（取決於發音）。它因電視劇《黃石公園》（2018-2024）中的角色 Kayce Dutton（發音類似 Casey）而廣為人知。,,,,,,
女,Kaycee,,,英語（現代）,Casey 的女性變體。,,,,,,
男女,Kayden,,,英語（現代）,Caden 的變體。,,,,,,
女,Kaydence,,,英語（現代）,Cadence 的變體。,,,,,,
女,Kaye,,,英語,Kay 1 的變體。,,,,,,
女,Kayla,,,英語,流行語音元素 kay 和 la 的組合。 1982年，凱拉·布雷迪（Kayla Brady）這一角色在美國肥皂劇《我們的日子》（Days of Our Lives）中出現後，這個名字的使用率大幅提升。,,,,,,
女男,Kaylan,,,英語（現代）,Caelan 的變異。,,,,,,
女,Kaylani,,,英語（現代）,Kailani 的變體。,,,,,,
女,Kayleah,,,英語（罕見）,Kaylee 的變體。,,,,,,
女,Kaylee,,,英語（現代）,由流行語音元素 kay 和 lee 組合而成。這個名字有多種拼寫方式，自20世紀80年代起，其受歡迎程度穩步上升。這種拼字方式在2009年在美國達到頂峰，排名第26位，此後逐漸下降。,,,,,,
女,Kayleen,,,英語（現代）,由流行語音元素 kay 和 lene 組合而成。,,,,,,
女,Kayleigh,,,英語（現代）,Kaylee 的變體。這種拼字方式因英國樂團 Marillion 1985年的一首歌曲而廣為人知。,,,,,,
女男,Kaylen,,,英語（現代）,Caelan 的變異。,,,,,,
女,Kayley,,,英語（現代）,Kaylee 的變體。,,,,,,
女,Kaylie,,,英語（現代）,Kaylee 的變體。,,,,,,
女,Kaylin,,,英語（現代）,Kaylyn 的變體。,,,,,,
女,Kayly,,,英語（罕見）,Kaylee 的變體。,,,,,,
女,Kaylyn,,,英語（現代）,"Kaylyn f 英語（現代）
由常用語音元素 kay 和 lyn 組合而成。",,,,,,
女,Kalynn,,,英語（現代）,Kaylyn 的變體。,,,,,,
男,Kasen,,,英語（現代）,Cason 的變體。,,,,,,
男,Kayson,,,英語（現代）,Cason 的變體。,,,,,,
男,Kean,,,英語（罕見）,源自愛爾蘭姓氏，Kane 的變體。,,,,,,
男,Keane,,,英語（現代）,源自愛爾蘭姓氏，Kane 的變體。,,,,,,
女,Keanna,,,英語（現代）,Kiana 1 的變體。,,,,,,
女,Keara,,,英語（現代）,Ciara 1 的變體。,,,,,,
男,Keaton,,,英語（現代）,源自於一個英語姓氏，該姓氏源自幾個不同的地名（參見姓氏 Keaton）。,,,,,,
男,Keefe,,,英語（罕見）,源自一個愛爾蘭姓氏，Ó Caoimh 的英語化形式，源自名字或別名 Caomh。,,,,,,
男,Keegan,,,英語,源自愛爾蘭姓氏，愛爾蘭蓋爾語 Mac Aodhagáin 的英語化形式，源自於名字 Aodhagán，是 Aodh 的雙重暱稱。,,,,,,
女,Keeleigh,,,英語（罕見）,Keely 的變體。,,,,,,
女,Keeley,,,英語（現代）,Keely 的變體。,,,,,,
女,Keely,,,英語,源自愛爾蘭姓氏，Ó Caolaidhe 的英語化形式，而 Caoladhe 本身源自於名字 Caoladhe，源自於愛爾蘭語 caol（意為「苗條的」）。,,,,,,
男,Kegan,,,英語（現代）,Keegan 的變體。,,,,,,
女,Kehlani,,,英語（現代）,Kailani 或 Kalani 的變體。這個拼法由美國歌手 Kehlani Parrish（1995-）推廣，她被簡稱為 Kehlani。,,,,,,
女,Keighley,,,英語（罕見）,源自於一個源自英語地名的姓氏，最終意義為「屬於 Cyhha 的空地」。古英語名字 Cyhha 意思不明。這個名字也是 Kaylee 的變體。,,,,,,
女,Keila,,,葡萄牙語（巴西）、英語（現代）,Kayla 的變體。它也可能受到《舊約》中基伊拉鎮名稱的啟發。,,,,,,
女,Keira,,,英語（現代）,Ciara 1 的變體。此拼字因英國女演員凱拉·奈特莉（1985-）而廣為人知。,,,,,,
男,Keiran,,,英語（罕見）,Kieran 的變體。,,,,,,
男,Keith,,,英語，蘇格蘭語,源自蘇格蘭姓氏，原源自於東洛錫安郡一個地名，該地名本身可能源自凱爾特語詞根 *kayto，意為「木頭」。這是蘇格蘭貴族世家的姓氏。自 19 世紀以來，它一直被用作名字，並在 20 世紀在整個英語世界變得相當普遍。,,,,,,
女,Keitha,,,英語（罕見）,Keith 的女性形式。,,,,,,
男,Kelan,,,英語（現代）,Kellen 的變體。,,,,,,
男女,Kelcey,,,英語（罕見）,Kelsey 的變體。,,,,,,
女,Kelda,,,英語（罕見）,可能源自古挪威語 kildr，意為「泉水」。,,,,,,
女,Kelia,,,英語（罕見）,意義不明，可能是虛構的名字。,,,,,,
男,Kellan,,,英語（現代）,Kellen 的變體。自從演員凱蘭盧茨（1985-）於 2008 年開始出演《暮光之城》系列電影以來，這種拼寫方式迅速流行起來。,,,,,,
女,Kelleigh,,,英語（罕見）,Kelly 的變體。,,,,,,
男,Kellen,,,英語（現代）,可能源自德國姓氏，源自中古低地德語 kel，意為「沼澤」。 20 世紀 80 年代初，美式足球員凱倫·溫斯洛 (1957-) 開始職業生涯後，該姓氏開始在美國使用。,,,,,,
女男,Kelley,,,英語,Kelly 的變體。,,,,,,
女,Kelli,,,英語,Kelly 的變體。,,,,,,
女,Kellie,,,英語,Kelly 的變體。,,,,,,
男女,Kelly,,,愛爾蘭語，英語,愛爾蘭人的英語化形式給定名稱Ceallach或從中得出的姓氏。作為姓氏，它是由演員和舞蹈家吉恩·凱利（Gene Kelly，1912- 1996年）和女演員和女演員格蕾絲·凱利（Grace Kelly）（1929-1982）承擔的。作為一個給定的名字，它主要是1940年之前的男性，但在40年代和50年代，它是女孩的名字，這可能是由於格蕾絲·凱利（Grace Kelly）（與1956年的摩納哥王子（Rainier of Monaco）結婚）和1957年電視連續劇的女性角色是女性角色。到1970年代末，它正在下降。,,,,,,
女,Kelsea,,,英語（現代）,Kelsey 的變體，拼字受Chelsea 影響。,,,,,,
女男,Kelsey,,,英語,源自林肯郡城鎮名稱的英語姓氏。它可能意為“塞內爾島”，源自古英語名稱 Cenel（意為“兇猛”）與例如“島嶼”的組合。,,,,,,
女,Kelsi,,,英語（現代）,Kelsey 的變體。,,,,,,
男,Kelsie,,,英語（現代）,Kelsey 的變體。,,,,,,
男,Kelvin,,,英語,源自蘇格蘭河流的名稱，可能意為「狹窄的水域」。作為頭銜，它由愛爾蘭-蘇格蘭物理學家威廉·湯姆森，即開爾文勳爵（1824-1907）所擁有，他的頭銜源於這條河。,,,,,,
男,Kemp,,,英語（罕見）,源自於一個源自中世紀英語 kempe 的姓氏，意為「冠軍、運動員、戰士」。,,,,,,
男,Ken (1),,,英語,Kenneth 的簡短形式。,,,,,,
男女,Kendal,,,英語（現代）,來自 Kendall 的變體的姓氏。,,,,,,
男女,Kendall,,,英語,來自英格蘭西北部肯德爾市的名字的英語姓氏，意為“肯特河上的山谷”。這個名字最初是大多數男性，在1993年為女孩而受歡迎時，當時狡猾的角色肯德爾·哈特（Kendall Hart）開始出現在我所有的孩子的美國肥皂劇上。,,,,,,
女,Kendra,,,英語,Ken 1或Kendrick的女性形式。,,,,,,
男,Kendrick,,,英語,來自具有幾個不同起源的姓氏。它可以是從古老的英語中給出的名字，鑑於名稱憤世嫉俗的“皇家力量”或Cenric“ Bold Power”，也可以來自Welsh名稱Cynwrig“ Chief Hero”。它也可以是蓋爾姓Mac Eanraig的一種英語形式，意為“亨利的兒子”。作為美國的名字，在說唱歌手肯德里克·拉馬爾（Kendrick Lamar，1987-）發行了他的首張專輯後，它在2012年受到了提高。,,,,,,
男,Kenelm,,,英語（罕見）,來自舊的英語名稱Cenhelm，該名稱由Cene“ Bold，Heen”和Helm“ Helmet”元素組成。聖凱內爾姆（Saint Kenelm）是來自默西亞（Mercia）的9世紀烈士，他是王室成員。這個名稱偶爾在中世紀使用，但此後變得很少見。,,,,,,
男,Kenith,"Ken, Kenny",,英語（罕見）,Kennith 的變體。,,,,,,
男,Kennard,,,英語（罕見）,來自源自古老的英語的姓氏，給定名稱Cyneweard或Cyneheard。,,,,,,
女,Kennedi,,,英語（現代）,Kennedy 的變體。,,,,,,
女男,Kennedy,,,英語,來自愛爾蘭蓋爾語cinnéidigh的一種英語形式的愛爾蘭姓氏，本身源自給定的名字Cennétig。有時為了紀念被暗殺的美國總統約翰·肯尼迪（John F. Kennedy，1917- 1963年）而命名。它被麗莎·肯尼迪·蒙哥馬利（Lisa Kennedy Montgomery，1972-）聞名為女孩，被稱為肯尼迪，肯尼迪是1992年至1997年在MTV上的電視節目替代國家的主持人。,,,,,,
男,Kenneth,"Ken, Kenny",,蘇格蘭語，英語，瑞典語，丹麥語，挪威語,Coinneach和Cináed的英語形式。這個名字由蘇格蘭國王肯尼斯（Cináed）Mac Alpin誕生，後者在9世紀將蘇格蘭人和皮克斯聯合起來。它是沃爾特·斯科特（Walter Scott）在蘇格蘭以外的人普及的，沃爾特·斯科特（Walter Scott）在他的1825年小說《塔利斯曼》（The Talisman）中使用了它。英國小說家肯尼斯·格雷厄姆（Kenneth Grahame，1859- 1932年）是一位著名的承載者，他在柳樹上寫了風。,,,,,,
男,Kennith,"Ken, Kenny",,英語,Kenneth 的變體。,,,,,,
男,Kenny,,,蘇格蘭語，英語,Kenneth 的小巧。,,,,,,
男,Kenrick,,,英語（罕見）,Kendrick 的變體。,,,,,,
女,Kensley,,,英語（現代）,Kinsley 的變體。,,,,,,
男,Kent,,,英語,來自最初源自肯特的姓氏，肯特是英格蘭一個縣的名字，該名稱可能源自一個野蠻的詞，意為“沿海地區”。,,,,,,
男,Kenton,,,英語,源自一個英語地點名稱的姓氏，意為“肯恩河上的小鎮”或“皇家小鎮”的姓氏。肯尼亞F英語，非裔美國人,,,,,,
女,Kenya,,,英語，非裔美國人,來自肯尼亞非洲國家的名字。該國以肯尼亞命名，肯尼亞山（Mount Kikuyu）的語言被稱為kĩrĩnyaga，意為“有條紋的人”。自1960年代以來，它在英語世界中被用作給定名稱。,,,,,,
男,Kenyon,,,英語,來自源自英語名稱的姓氏，具有不確定的含義。,,,,,,
男女,Kenzie,,,英語,Mackenzie 的簡短形式。,,,,,,
女,Kerena,,,英語（罕見）,Karena 的變體。,,,,,,
女,Keri,,,英語,Kerry 的女性變體。,,,,,,
男,Kermit,,,英語,來自愛爾蘭姓氏Mac Diarmada的一種稀有（美國化）Manx姓氏，本身源自給定名稱Diarmaid。這是西奧多·羅斯福（Theodore Roosevelt）的兒子，1889年出生。該名稱現在與木偶木吉姆·亨森（Jim Henson）在1955年創建的Muppet (Kermit The Frog) 相關聯。,,,,,,
女,Kerri,,,英語,Kerry 的女性變體。,,,,,,
女,Kerrie,,,英語,Kerry 的女性變體。,,,,,,
男女,Kerry,,,英語,從愛爾蘭縣的愛爾蘭縣的名字中，在愛爾蘭蓋爾語中被稱為Ciarraí，意思是“ Ciar的人民”。,,,,,,
男,Kester,,,英語（罕見）,Christopher 的矮小。,,,,,,
女,Kestrel,,,英語（罕見）,源自《獵物鳥》的名字，最終源自古老的法國奶油般的“嘎嘎聲”，它指的是哭泣的聲音。,,,,,,
男,Kev,,,英語,Kevin 的簡短形式。,,,,,,
男,Kevan,Kev,,英語,Kevin 的變體。,,,,,,
男,Kevin,Kev,,英語，愛爾蘭語，法語（現代），德語（現代），荷蘭人（現代）,愛爾蘭名字的英語化形式caoimhín意思是“心愛的出生”，源自古老的愛爾蘭cóemgein，由Cóem組成，“親愛的，心愛的，溫柔的”和Gein“出生”。 SaintCaoimhín於6世紀在愛爾蘭格倫達洛（Glendalough）建立了一座修道院，是都柏林的守護神。這個名字在20世紀中葉以及20世紀後半葉的歐洲其他地方在愛爾蘭以外的英語世界中流行。著名的承載者包括美國演員凱文·科斯特納（Kevin Costner）（1955-）和凱文·培根（Kevin Bacon）（1958--）。它也由1990年喜劇電影《家》中的角色凱文· 麥卡利斯特 （Kevin McCallister）承擔。,,,,,,
男女,Kevyn,Kev,,英語（罕見）,Kevin 變體或女性形式。,,,,,,
女,Khloe,,,英語（現代）,Chloe的變體。電視人物KhloéKardashian（1984-）開始與家人一起參加真人秀節目，並於2007年與Kardashians一起參加真人秀之後，這種特殊的變體受到了電視人物的普及。,,,,,,
男,Kian (2),,,英語（現代）,Cian的變體。,,,,,,
女,Kiana (1),,,夏威夷語，英語,夏威夷戴安娜的形式。它在1980年代後期引起了廣泛關注，可能是由夏威夷健身教練Kiana Tom（1965-）引起的，他於1988年開始在ESPN上進行電視節目。,,,,,,
女,Kianna,,,英語（現代）,Kiana 1的變體。,,,,,,
女,Kiara,,,英語（現代）,Ciara 1或Chiara的變體。唱歌二人基亞拉（Kiara）這次發行歌曲後， 這個名字於1988年引起了公眾關注。它在動畫電影《獅子王II》（1998年）中被一個角色進一步普及。,,,,,,
男,Kiaran,,,英語（罕見）,ciarán的英語形式。,,,,,,
女,Kiarra,,,英語（現代）,Kiara 的變體。,,,,,,
男,Kiefer,,,英語（現代）,來自德國姓氏，意為“松樹”或“桶裝製造商”。,,,,,,
女,Kiera,,,愛爾蘭語，英語,Ciara 1 的英語形式。,,,,,,
男,Kieran,,,愛爾蘭語，英語,ciarán 的英語形式。,,,,,,
男,Kieron,,,英語,ciarán 的英語形式。,,,,,,
女,Kierra,,,英語（現代）,Kiara的變體受塞拉的拼寫影響。,,,,,,
女,Kiersten,Kiki,,英語（現代）,Kirsten的變體。,,,,,,
女,Kiki,,,英語，希臘語，德語，荷蘭語,名稱的縮小是以聲音k開頭或包含聲音。,,,,,,
女,Kiley,,,英語,Kylie 的變體。,,,,,,
女,Kilie,,,英語（罕見）,的變體。,,,,,,
女男,Kim (1),,,英語，荷蘭語，德語,目前，它通常被認為是金伯利的一種簡短形式，但實際上它是給定名稱的。作者魯德亞德·吉卜林（Rudyard Kipling）將其用作他的小說《金（Kim）》（Kim，1901）的標題英雄，儘管在這種情況下，金博爾（Kimball）卻是短的。在她的小說《表演船》（1926年）中，埃德娜·費伯（Edna Ferber）用它扮演了一個在密西西比河上出生的女性角色，並以肯塔基州，伊利諾伊州和密西西比州的縮寫為名。這個名字被女演員金·亨特（Kim Hunter，1922- 2002年）和金·諾瓦克（Kim Novak）（1933-）普及，他們都將其作為舞台名稱。,,,,,,
男,Kimball,Kim,,英語,來自源自威爾士的名字的姓氏或舊英語的姓氏。,,,,,,
女,Kimber,"Kimmie, Kimmy",,英語（現代）,Kimberly 的簡短形式。,,,,,,
女,Kimberlee,"Kim, Kimber, Kimmie, Kimmy, Kimbra, Kym",,英語,Kimberly 的變體。,,,,,,
女,Kimberleigh,"Kim, Kimber, Kimmie, Kimmy, Kimbra, Kym",,英語（罕見）,Kimberly 的變體。,,,,,,
女,Kimberley,"Kim, Kimber, Kimmie, Kimmy, Kimbra",,英語,Kimberly 的變體。,,,,,,
女,Kimberly,"Kim, Kimber, Kimmie, Kimmy, Kimbra, Kym",,英語,以南非的金伯利市的名義，以金伯利勳爵（1826-1902）的名字命名。在布爾戰爭期間，這座城市在19世紀後期出名。自20世紀中葉以來，金伯利（Kimberly）一直被用作給定名稱，最終以女性名字而受歡迎。,,,,,,
女,Kimberlyn,"Kim, Kimber, Kimmie, Kimmy, Kimbra, Kym",,英語（罕見）,使用流行的名稱lyn詳細說明 Kimberly。,,,,,,
女,Kimbra,"Kimmie, Kimmy",,英語（罕見）,Kimberly 小巧。,,,,,,
女,Kimmie,,,英語,Kimberly 或 Kim 1 的暱稱。,,,,,,
女,Kimmy,,,英語,Kimberly 或 Kim 1 的暱稱。,,,,,,
男,King,,,英語,來自英語詞彙詞王，最終源自古老的英語cyning。這也是一個姓氏，源自同一消息來源，一個著名的承載者是美國民權領袖馬丁·路德·金（Martin Luther King Jr.）（1929-1968）。,,,,,,
男女,Kingsley,,,英語（現代）,來自最初源自一個地名的英語姓氏，意為“國王的木頭”，古英語。在2007年電影《哈利·波特》（Harry Potter）和《鳳凰勳章》（Order of Phoenix）上映後，這個名字可能受到了較小的知名度，其中包括角色金斯利·薩克爾博特（Kingsley Shacklebolt）。,,,,,,
男,Kingston,,,英語（現代）,來自最初源自一個地名的英語姓氏，意為“國王小鎮”，古英語。在音樂家格溫·史蒂芬妮（Gwen Stefani）和加文·羅斯代爾（Gavin Rossdale）將其用於2006年出生的兒子之後，這個名字在受歡迎程度上大大提升。,,,,,,
女,Kinley,,,英語（現代）,從蘇格蘭姓氏（Mac fhionnlaigh）的英語化形式源自給定名稱 fionnlagh本身。,,,,,,
女,Kinsey,,,英語（現代）,來自給定名稱Cynesige的英語姓氏。這個名字由Kinsey Millhone（Kinsey Millhone）誕生，這是作者Sue Grafton的一系列神秘小說中的女主人公，從1982年開始。,,,,,,
女,Kinslee,,,英語（現代）,Kinsley 的變體。,,,,,,
女,Kinsley,,,英語（現代）,源自源自英語名稱的姓氏，其本身意味著“屬於Cyne的清算”。 cyne名字的古老英語是較長的名字的簡短形式。,,,,,,
男,Kip,,,英語,從暱稱中，可能來自英語單詞 Kipper 的意思是“雄性鮭魚”。,,,,,,
男,Kipling,,,英語（罕見）,來自一個來自地名的英語姓氏，意為“ Cyppel's People”。 該姓氏由魯德 亞德吉卜林（Rudyard Kipling，1865- 1936年）誕生，他是一位出生於 印度的英國小說家，撰寫了叢林書和其他作品。,,,,,,
女,Kira (2),,,英語,Ciara 1 的變體。,,,,,,
男女,Kirby,,,英語,來自最初來自舊北歐的“教堂定居點”的英語姓氏。在柯比·安德斯·科爾比（Kirby Anders Colby）的角色被介紹給肥皂劇王朝之後，這個名字在 1982年對美國女孩的流行迅速增長。,,,,,,
男,Kirk,,,英語,從英語和蘇格蘭的姓氏中，意為“教堂”的“教堂”，最終來自希臘κυριακόν（Kyriakon）。美國演員柯克·道格拉斯（Kirk Douglas）（1916-2020） 是著名的承載者，其姓氏是伊蘇爾·丹尼爾維奇（Issur Danielovitch）。,,,,,,
女,Kirrily,,,英語（澳大利亞）,可能是對基里（Kiri）或基拉2（Kira 2）的詳細說明。這位女演員基里利·諾蘭（Kirrily Nolan）在1970年代在澳大利亞引起了人們的注意。,,,,,,
女,Kristen,,,丹麥語，挪威語，英語,Christina 的丹麥和挪威形式。,,,,,,
男女,Kit,,,英語,Christopher 或 Katherine 的矮小。著名的承載者是美國邊境人和探險家 Kit Carson（1809-1868）。,,,,,,
女,Kittie,,,英語,Kartherine 的暱稱,,,,,,
女,Kitty,,,英語,Kartherine 的暱稱,,,,,,
女,Kizzie,,,英語,Keziah 的暱稱,,,,,,
女,Kizzy,,,英語,Keziah 的暱稱。這本特殊的拼寫是在1970年代後期被書籍和迷你劇 《根源》（1977年）中的一個角色重塑。,,,,,,
男,Klay,,,英語（現代）,Clay 的變體。,,,,,,
男,Knox,,,英語,來自蘇格蘭人的姓氏，該姓氏來自蓋爾卡爾郡（Gaelc Cnoc）的“圓山 （Round Hill）”的各個地方。演員安吉麗娜·朱莉（Angelina Jolie）和 布拉德·皮特（Brad Pitt）在2008年生了一個孩子之後，它流行了。,,,,,,
男,Knute,,,英語（美國，罕見）,Knut 的變體。這種拼寫在美國最普遍。,,,,,,
男,Koby,,,英語（現代）,Coby 的變體。,,,,,,
男,Koda,,,英語（現代）,至少在某種程度上是受動畫電影兄弟熊（2003）中角色的名字的啟發。運動員顯然是從拉科塔（Lakota）或達科塔·科達（Dakota Koda）帶走的 意思是“朋友，同伴”。,,,,,,
男,Kodey,,,英語（罕見）,Cody 的變體。,,,,,,
男,Kody,,,英語（現代）,Cody 的變體。,,,,,,
男,Kohen,,,英語（現代）,Cohen 的變體。,,,,,,
男,Kolby,,,英語（現代）,Colby 的變體。,,,,,,
男,Kole,,,英語（現代）,Cole 的變體。,,,,,,
女,Kolleen,,,英語（罕見）,Colleen 的變體。,,,,,,
男,Kolton,,,英語（現代）,Colton 的變體。,,,,,,
男,Konnor,,,英語（現代）,Conor 的變體。,,,,,,
男,Korbin,,,英語（現代）,Corbin 的變體。,,,,,,
男,Korey,,,英語,Corey 的變體。,,,,,,
女,Kori,,,英語,Corey 的女性形式。,,,,,,
女,Korrine,,,英語（罕見）,Corrin 的變體。,,,,,,
女,Kortney,,,英語（現代）,Courtney 的變體。,,,,,,
男,Kory,,,英語,Corey 的變體。,,,,,,
女,Kourtney,,,英語（現代）,Courtney 的變體。像考特尼（Courtney）一樣，這個名字在1990年代 逐漸流行，但電視人物庫爾特尼·卡戴珊（Kourtney Kardashian，1979-）在2007年後短暫地複興了它，當時她開始出現在真人秀節目中，跟上卡戴珊（Kardashians）。,,,,,,
男女,Kris ,,,英語，佛蘭德，丹麥語,Kristian，Kristoffer 和其他名稱的簡短形式以 Kris 開頭。,,,,,,
女,Krista,,,德語，英語，芬蘭語，愛沙尼亞語，拉脫維亞,Kristina 的簡短形式。,,,,,,
女,Kristal,,,英語,Crystal 的變體。,,,,,,
女,Kristeen,"Chris, Chrissie, Chrissy, Christi, Christie, Christy, Kiki, Kris, Kristi, Kristie, Kristy",,英語（罕見）,Christine 的變體。,,,,,,
女,Kristen (2), ,,英語,Kristin 的變體。,,,,,,
女,Kristi,,,英語，愛沙尼亞,Christina 或 Christine（英語）或 Kristiina（愛沙尼亞人）的暱稱。,,,,,,
女,Kristia,,,英語（罕見）,Christina 的暱稱。,,,,,,
女,Kristie,,,英語,Christina 或 Christine 的暱稱。,,,,,,
女,Kristin,,,挪威語，瑞典語，德國，愛沙尼亞語，英語,Cristina 的斯堪的納維亞形式。,,,,,,
女,Kristina,"Christel、Christin、Ina、Kersti、Kerstin、Kia、Kjerstin、Kristin、Stina、Tina(瑞典文) Christel、Christin、Ina、Ine、Kine、Kirsten、Kjersti、Kjerstin、Kristin、Stina、Stine、Tina、Tine(挪威文) Christa、Christel、Ina、Kirsten、Stina、Stine、Tina、Tine(丹麥文) Krista、 Kristel, Kristi, Tiina (愛沙尼亞語) Chris, Christa, Christel, Ina, Kiki, Krista, Tina (德語) Ina, Inja, Tina, Tinkara (斯洛文尼亞語) Tina (克羅地亞語) Chris, Chrissie, Chrissy, Christa, Christ, Christi, Christie, Christy, Ina, Kiki, Kris, Krista, Kristi, Kristie, Kristy, Tina, Kristia (英語)",,瑞典語，挪威語，丹麥語，愛沙尼亞人，俄羅斯，德國人，斯洛文尼亞，捷克，立陶宛語，塞爾維亞，克羅地亞人，阿爾巴尼亞人，法羅斯，英語，保加利亞語,Christina 的形式幾種語言。它也是 Christina 的英國變種，也是赫里斯蒂娜（Hristina）的保加利亞變種。,,,,,,
女,Kristine,"Christel, Christin, Ina, Ine, Kine, Kirsten, Kjersti, Kjerstin, Kristin, Stina, Stine, Tina, Tine(挪威文) Christa, Christel, Ina, Kirsten, Stina, Stine, Tina, Tine(丹麥文) Christel, Christin、 Ina、Kersti、Kerstin、Kia、Kjerstin、Kristin、Stina、Tina (瑞典語) Chris、Chrissie、Chrissy、Christi、Christie、Christy、Kiki、Kris、Kristi、Kristie、Kristy (英語) Chris、Christel、Kiki (德語)",,挪威語、丹麥語、瑞典語、喬治亞語、英語、德語,Christina 的斯堪的納維亞語和格魯吉亞語形式，以及 Christine 的英語和德語變體。,,,,,,
男,Kristopher,"Chip, Chris, Christie, Christy, Kit, Kris, Topher, Kester",,英語,Christopher 的變體。,,,,,,
女,Krystal,,,英語,,,,,,,
女,Krystelle,,,英語（罕見）,Crystal 的變體。,,,,,,
女,Krysten,,,英語（現代）,Kristin 的變體。,,,,,,
女,Krystina,"Chris, Chrissie, Chrissy, Christa, Christi, Christie, Christy, Ina, Kiki, Kris, Krista, Kristi, Kristie, Kristy, Tina, Kristia",,英語（現代）,Christina 的變體。,,,,,,
女,Krystine,"Chris, Chrissie, Chrissy, Christi, Christie, Christy, Kiki, Kris, Kristi, Kristie, Kristy",,英語（罕見）,Christine 的變體。,,,,,,
女,Krystle,,,英語（現代）,Crystal 的變體。這種拼法因美國肥皂劇《豪門恩怨》（1981-1989）中的角色 Krystle Carrington 而廣為人知。,,,,,,
女,Kristy,,,英語,Christina 或 Christine 的暱稱。,,,,,,
男,Kurt,,,德語、英語、瑞典語、丹麥語、挪威語,Conrad 的德語縮寫形式。美國音樂家 Kurt Cobain (1967-1994) 是其著名繼承者。,,,,,,
男,Kurtis,Kurt,,英語,Curtis 的變體。,,,,,,
女,Kyla,,,英語,Kyle 的陰性形式，或常用語音元素 ky 和 ​​la 的組合。,,,,,,
男,Kylan,,,英語（現代）,根據 Kyle 和 Rylan 等其他名字的發音而發明的名字。,,,,,,
男,Kyle,,,英語,源自蘇格蘭姓氏，姓氏源自各種地名，而地名本身又源自蓋爾語 caol，意為「狹窄、水道、海峽」。在 20 世紀上半葉，作為名字使用並不多見。但在英語世界，它的受歡迎程度穩步上升，到 20 世紀 90 年代在大多數地區都進入了前 50 名。此後，它在各個地區的受歡迎程度均有所下降。,,,,,,
女,Kylee,,,英語,Kylie 的變體。,,,,,,
女,Kyleigh,,,英語（現代）,Kylie 的變體。,,,,,,
男,Kyler,,,英語（現代）,可能是 Kyle 和 Tyler 發音的混合。它也與姓氏 Kyler 相符，後者是荷蘭語 Cuyler 的英語化形式。,,,,,,
女,Kylie,,,英語,這個名字起源於澳大利亞，在澳大利亞土著語言 Nyungar 中，其意為“迴旋鏢”。早期使用這個名字的人是作家 Kylie Tennant (1912-1988)。它是 20 世紀 70 年代和 80 年代初澳大利亞最受歡迎的名字之一。它也可以被認為是 Kyle 的女性化形式，或者是流行音 ky 和 ​​lee 的組合，很可能正是由於這些原因，它在 20 世紀 70 年代末開始在美國使用。澳洲流行歌手 Kylie Minogue (1968-) 也是這個名字的著名使用者。,,,,,,
女,Kym,,,英語（罕見）,Kim 1 的變體。,,,,,,
男,Kynaston,,,英語（罕見）,源自於一個英語姓氏，該姓氏最初源自於一個地名，在古英語中意為「Cynefrið 的城鎮」。,,,,,,
女,Kyra,,,英語,Kira 2 的變體，有時被認為是 Cyrus 的女性形式。,,,,,,
女,Kyrie (2),,,英語（現代）,源自基督教禱詞的名稱，也稱為 Kyrie eleison，意為「主啊，憐憫我」。它最終源自於希臘文 κύριος (kyrios)，意為「主」。,,,,,,
女男,Kyro,,,英語（現代）,Cairo 的變體。,,,,,,
女,Kyrsten,,,英語（罕見）,Kirsten 的變體。,,,,,,
男,Kyson,,,英語（現代）,一個自創的名字，與 Bryson 和 Tyson 等名字的發音相同。,,,,,,
L,,,,,,,,,,,
女男,Lacey,,,英語,Lacy 的變體。這是該名字目前最受歡迎的拼法。,,,,,,
男,Lachlan,,,蘇格蘭語，英語,Lachlann 的英語化形式，Lachlann 是 Lochlainn 的蘇格蘭蓋爾語形式。在英語世界中，這個名字在 20 世紀末的澳洲尤其受歡迎。,,,,,,
女,Laci (2),,,英語（現代）,Lacy 的變體。在媒體報導了 2003 年 Laci Peterson (1975-2002) 謀殺案後，這個名字迅速流行起來。,,,,,,
女,Lacie,,,英語（現代）,Lacy 的變體。,,,,,,
女男,Lacy,,,英語,源自一個姓氏，該姓氏源自諾曼第一個小鎮的名字 Lassy。小鎮的名字起源於高盧語，可能源自於一個拉丁化為 Lascius 的人名。這個名字以前在美國男孩中更為常見，但從1975年開始在女孩中也越來越流行。,,,,,,
女,Laila (1),,,阿拉伯語、烏爾都語、英語,Layla 的變體。,,,,,,
女,Lainey,,,英語（現代）,Laney 的變體。,,,,,,
男,Laird,,,英語（罕見）,源自蘇格蘭姓氏，在蘇格蘭語中意為「地主」。,,,,,,
男女,Lake,,,英語（罕見）,源自英語單字 lake，意為內陸水域。它最終源自於拉丁語 lacus。,,,,,,
女,Lakelynn,,,英語（現代）,使用流行名稱後綴 lyn 對 Lake 進行修飾。,,,,,,
女,Lalia,,,英語（罕見）,Eulalia 的縮寫。,,,,,,
女,Lallie,,,英語（罕見）,Lalage 的縮寫。,,,,,,
女,Lally,,,英語（罕見）,Lalage 的縮寫。,,,,,,
男,Lamar,,,英語，非裔美國人,源自法語和英語姓氏，最初源自諾曼第的一個地名，源自古法語 la mare，意為「水池」。在20世紀下半葉，這個名字在非裔美國人群體中廣泛使用，可能是因為其常用的語音成分 la 和 mar。,,,,,,
男,Lambert,,,德國語、荷蘭語、法語、英語、日耳曼語,源自古德語元素 lant（土地）和 beraht（光明）。聖蘭伯特 （馬斯特里赫特）是一位7世紀的主教，他因譴責丕平二世通姦而殉道。 9世紀加冕為神聖羅馬帝國皇帝的一位義大利國王也使用了這個名字。,,,,,,
男,Lamont,,,英語，非裔美國人,源自蘇格蘭姓氏，姓氏源自中世紀蓋爾語名字 Lagmann，而 Lagmann  本身源自古挪威語 lǫgmaðr，意為「執法者」。這個名字在1972年在美國 達到了人氣的頂峰，同年情景喜劇《桑福德父子》（Sanford and Son） 首播，主角是拉蒙特·桑福德（名義上的兒子）。,,,,,,
女,Lana,,,英語、俄語、克羅埃西亞語、斯洛維尼亞語、喬治亞語,Alana（英語）或 Svetlana（俄語）的縮寫。在英語世界，這個名字 因女演員拉娜·特納（Lana Turner，1921-1995）而廣為人知，她本名為 朱莉婭·讓·特納（Julia Jean Turner）。,,,,,,
男,Lance,,,英語,源自日耳曼語名 Lanzo，最初是一些以古法蘭克語或古撒克遜語元素 land 開頭的姓名縮寫，古高地德語 lant 意為“土地”（原始日耳曼語 *landą）。在中世紀，它與古法語 lance 聯繫在一起，意為「長矛、長矛」。美國自行車運動員蘭斯·阿姆斯特朗（1971-）是一個著名的使用這個名字的人。,,,,,,
男,Landen,Lanny,,英語（現代）,Landon 的變體。,,,,,,
男,Landon,Lanny,,英語,源自一個姓氏，該姓氏源自古英語地名，意為“長山”（實際上是“山脊”）。該名字的使用可能部分受到演員邁克爾蘭登（1936-1991）的啟發。,,,,,,
男,Lane,,,英語,源自於一個英語姓氏，意為“小巷、小路”，最初屬於居住在小巷附近的人。,,,,,,
女,Laney,,,英語,Elaine 的暱稱。,,,,,,
男,Lanford,,,英語（罕見）,源自姓氏，該姓氏源自古英語中意為“長灘”的地名。,,,,,,
男,Langdon,,,英語（罕見）,源自一個姓氏，該姓氏是 Landon 的變體。,,,,,,
男,Langston,,,英語,源自於一個英語姓氏，姓氏本身源自於一個地名，源自古英語 lang（長） 和 stan（石頭）。一位著名的使用這個名字的人是美國作家 (Langston Hughes) 蘭斯頓· 休斯（1901-1967）。,,,,,,
男,Lanny,,,英語,Lance、Landon 和其他以 Lan 開頭的名字的縮寫。,,,,,,
女,Lara (1),,,俄語、英語、德語、法語、義大利語、西班牙語、葡萄牙語、荷蘭語、匈牙利語、斯洛維尼亞語、克羅埃西亞語,Larisa 的俄語縮寫形式。它是由鮑里斯·帕斯捷爾納克的小說 《日瓦戈醫生》（1957 年）及其後續電影改編版（1965 年）中的一個 角色引入 英語世界的。 1965 年至 1969 年間，它在美國成長了近 2000%，但目前在英國、澳洲、西班牙、葡萄牙、義大利和德國更受歡迎。另一位著名的虛構使用這個名字的人是勞拉·克勞馥，她於 1996 年首次出現在電子遊戲中，並於 2001 年出現在電影中。,,,,,,
女,Laraine,"Lori, Lorie, Lorinda, Lorri, Lorrie, Laurinda",,英語,Lorraine 的變體。,,,,,,
女,Larissa,Lara (英語) Lara (德語),,英語、德語、巴西葡萄牙語、拉丁化希臘神話,Larisa 的變體。自 20 世紀以來，它一直被廣泛用作英語名字， 源自於俄語。 1991 年，為了紀念這位神話人物，它被賦予了海王星的 一顆衛星。,,,,,,
女,Lark,,,英語（罕見）,源自英語中表示鳴禽種類的單字。,,,,,,
男,Larrie,,,英語,Laurence 1 的暱稱。,,,,,,
男,Larry,,,英語,Laurence 1 的暱稱。一個著名的使用者是前籃球運動員拉里·伯德（1956 年）,,,,,,
女,Laryn,,,英語（罕見）,Lauren 的變體。,,,,,,
女,Laura,"Laurie, Lori, Lorie, Lorinda, Lorri, Lorrie, Lauressa, Laurinda (英語) Laurita (西班牙語) Lauretta, Loretta (義大利語) Laurette, Laurie (法語)",,英語、西班牙語、義大利語、葡萄牙語、羅馬尼亞語、加泰隆尼亞語、法語、芬蘭語、愛沙尼亞語、匈牙利語、波蘭語、斯洛維尼亞語、克羅埃西亞語、捷克語、斯洛伐克語、瑞典語、挪威語、丹麥語、德語、荷蘭語、立陶宛語、拉脫維亞語、晚期羅馬語,晚期拉丁語名 Laurus 的女性形式，意為「月桂樹」。這個意思很 受歡迎，因為在古羅馬，月桂樹的葉子被用來製作勝利者的花環。這個名字源自於9世紀的西班牙殉道者聖勞拉，她是一位被摩爾人丟進熔鉛桶的修女。 14世紀義大利詩人彼特拉克的詩歌主題也以此命名。 Laura 作為 一個英語名，自13世紀以來就一直被使用。著名的勞拉·塞科德（Laura Secord，1775-1868），1812年戰爭期間的加拿大女英雄，以及創作了 《草原小屋》系列小說的美國作家勞拉·英格爾斯·懷爾德（Laura Ingalls Wilder，1867-1957）。,,,,,,
女,Lauraine,"Lori, Lorie, Lorinda, Lorri, Lorrie, Laurinda",,英語（罕見）,Lorraine 的變體，受 Laura 拼字影響。,,,,,,
女,Laureen,"Laurie, Lori, Lorie, Lorinda, Lorri, Lorrie, Lauressa",,英語,Laura 的進一步發展。,,,,,,
女,Laurel,,,英語,源自月桂樹的名稱，最終源自於拉丁語 laurus。,,,,,,
女,Laurelle,,,英語（罕見）,Laurel 的變體。,,,,,,
女男,Lauren,"Larrie, Larry, Laurie, Laz, Loren, Lori, Lorie, Lorin, Lorinda, Lorri, Lorrie, Laurinda, Lorrin",,英語,Laurence 1 的變異或陰性形式。它最初是一個男性名字，最初由女演員 貝蒂·簡·珀斯克（Betty Jean Perske，1924-2014）推廣為女性名字， 她使用勞倫·白考爾（Lauren Bacall）作為她的藝名。,,,,,,
女,Laurena,"Lori, Lorie, Lorri, Lorrie",,英語（罕見）,Lauren 的進一步發展。,,,,,,
男,Laurence (1),"Larrie, Larry, Laurie, Laz, Loren, Lorin, Lorrin (英語) Lawrie (英語（英國）)",,英語,源自羅馬別名 Laurentius，意為「來自勞倫圖姆」。勞倫圖姆是古義大利的城市，其名稱可能源自拉丁語 laurus（月桂樹）。聖勞倫斯是一位公元三世紀的羅馬執事和殉道者。根據傳統，他被活活地烤死在烤架上，因為當被命令交出教堂的財物時，他卻將病人和窮人獻給了教堂。由於這位聖徒的聲望，這個名字在基督教世界中被廣泛使用（有多種拼寫）。在中世紀，這個名字在英格蘭很常見，部分原因是另一位同名的聖人——一位七世紀的坎特伯雷大主教。同樣，由於十二世紀的聖勞倫斯·奧圖爾（其真名為 Lorcán），這個名字在愛爾蘭也很常見。自十九世紀以來，Lawrence 的拼寫更為常見，尤其是在美國。英國演員勞倫斯奧利維爾（1907-1989）是這個名字的著名使用者。,,,,,,
女,Laurencia,,,英語（罕見）,Laurence 1 的女性形式。,,,,,,
女,Laurene,"Laurie, Lori, Lorie, Lorinda, Lorri, Lorrie, Lauressa",,英語,Laura 的變體。,,,,,,
女,Lauressa,,,英語（罕見）,Laura 的暱稱。,,,,,,
女男,Laurie,,,英語、法語,Laura 或 Laurence 1 的暱稱。,,,,,,
女,Laurinda,,,英語（罕見）,Lorinda 的變體。,,,,,,
女,Laurissa,,,英語（罕見）,Laura 的變體。,,,,,,
女,Lauryn,,,英語（現代）,Lauren 的變體。,,,,,,
女,Lavena,,,英語（罕見）,Lavinia 的變體。,,,,,,
女,Lavender,,,英語（現代）,源自英語單字，意為芳香的花朵或淡紫色。,,,,,,
女,Lavern,,,英語,Laverne 的變體。,,,,,,
女男,Laverne,,,英語,源自法國姓氏，姓氏源自地名，最終源自高盧語單字 vern（意為「榿木」）。它有時與羅馬女神拉維娜 (Laverna) 或拉丁語 vernus（意為“春天”）聯繫在一起。,,,,,,
女,Lavina,,,英語,Lavinia 的變體。,,,,,,
女,Lavone,,,英語（罕見）,Lavonne 的變體。,,,,,,
女,Lavonne,,,英語,由常用字首 la 與名字 Yvonne 組合而成。,,,,,,
男,Lawrence,"Larrie, Larry, Laurie, Laz, Loren, Lorin, Lorrin (英語) Lawrie ((英語)（英國）)",,英語,Laurence 1 的變體。在英語世界中，該名字的這種拼寫現在比 Laurence 更常見，可能是因為 Lawrence 是該姓氏的常用拼寫。此姓氏由作家兼詩人 D. H. Lawrence (1885-1930) 以及革命家 T. E. Lawrence (1888-1935)（被稱為「阿拉伯的勞倫斯」）所擁有。,,,,,,
男,Lawrie,,,英語（英國）,Lawrence 的暱稱。,,,,,,
男,Lawson,,,英語,源自於一個英語姓氏，意為「勞倫斯一世之子」。,,,,,,
女,Layla,,,阿拉伯語，英語,在阿拉伯語中意為「夜晚」。 Layla 是詩人卡伊斯（又名瑪吉努）在一個古老阿拉伯故事中的愛人，該故事由12世紀的波斯詩人尼扎米·甘賈維在其詩歌《萊拉與瑪吉努》中重新演繹。這個故事在中世紀的阿拉伯和波斯地區廣為流傳。 1970年，德瑞克與多米諾樂團發行了歌曲《萊拉》（Layla），這個名字由此開始在英語世界中使用，這首歌的標題靈感來自這個中世紀故事。,,,,,,
男女,Layne,,,英語,Lane 的變體。,,,,,,
男,Layton,,,英語,姓氏原源自於英語城鎮的名稱，在古英語中意為「有韭菜園的城鎮」。與發音相似的名字（例如 Peyton 和 Dayton）一樣，這個名字在20世紀90年代開始流行起來。,,,,,,
男,Laz,,,英語,Larry 的暱稱。,,,,,,
男,Lazarus,,,聖經用語、聖經拉丁文、英語（非洲語）,Λάζαρος（Lazaros）的拉丁化形式，是新約聖經中以利亞撒 (Eleazar) 的希臘文形式。拉撒路 (Lazarus) 是伯大尼人，是瑪利亞和馬大的兄弟，被耶穌復活。目前，這個名字在英語非洲地區最常使用。,,,,,,
女,Leah,,,英語、希伯來文、聖經,源自希伯來文名 לֵאָה (Leʾa)，可能源自希伯來文 לָאָה (laʾa)，意為「疲倦、悲傷」。也可能與阿卡德文 littu 有關，意為「母牛」。在《舊約》中，利亞是雅各的第一任妻子，也是他七個孩子的母親。雅各的另一任妻子是利亞的妹妹拉結，雅各更喜歡她。後來，利亞將自己的侍女悉帕許配給雅各，好讓他能懷更多孩子。雖然這個名字在中世紀被猶太人使用，但直到宗教改革後，它才成為典型的英國基督教名字，在清教徒中很常見。,,,,,,
女,Leann,,,英語,Lee 和 Ann 的組合。,,,,,,
女,Leanna,,,英語,這很可能最初是 Liana 的變體。現在通常被認為是 Lee 和 Anna 的組合。,,,,,,
女,Leanne,,,英語,Lee 和 Anne 1 的組合。,,,,,,
女,Leanora,Nonie,,英語（罕見）,Eleanora 的縮寫。,,,,,,
女,Leatrice,,,英語,可能是 Leah 和 Beatrice 的組合。這個名字最初由美國女演員 Leatrice Joy (1893-1985) 引入公眾視野。,,,,,,
女,Lecia,,,英語（罕見）,Alicia、Felicia 或 Letitia 的縮寫。,,,,,,
男女,Lee,,,英語,源自古英語 leah（意為「清理」）的姓氏。該姓氏屬於美國內戰期間 南方邦聯軍隊指揮官羅伯特·E·李 (1807-1870)。為了紀念他，該姓氏在 美國南部被用作名字。它常用作中間名。,,,,,,
女,Leeann,,,英語,Lee 和 Ann 的組合。,,,,,,
女,Leesa,,,英語,Lisa 的變體。,,,,,,
男,Lefty,,,英語,源自暱稱，通常指慣用左手的人。,,,,,,
女男,Legacy,,,英語（現代）,源自英語單字，意為「從前任繼承下來的東西，遺產」。它源自於古法文 legacie，而後者源自於拉丁文 legatum（意為遺贈，遺產）。,,,,,,
男,Legend,,,英語（現代）,源自英語單字，指過去的故事（或引申為故事中的英雄人物），最終源自於拉丁語 lego（意為閱讀）。,,,,,,
女男,Leigh,,,英語,源自姓氏，是 Lee 的變體。,,,,,,
女男,Leighton,,,英語,Layton 的變體。 2007 年，女演員莉頓梅斯特 (1986-) 開始出演電視劇《花邊教主》後，該名字作為女性名字的受歡迎程度飆升。,,,,,,
女,Leila,,,波斯語、阿拉伯語、庫德語、英語、法語、喬治亞語,Layla 的變體，以及通常的波斯語音標。拜倫勳爵曾用此拼字法來稱呼 《異教徒》（1813年）和《唐璜》（1819年）中的人物，而這個名字正是透過他才傳入英語世界的。,,,,,,
女,Leilah,,,英語（罕見）,Leila 的變體。,,,,,,
女男,Leilani,,,夏威夷語、英語,意為“天上的花朵”或“皇家之子”，源自夏威夷語 lei（花、花環、孩子）和 lani（天堂、天空、皇家、威嚴）。,,,,,,
男女,Leith,,,英語（罕見）,源自一個姓氏，最初源自於蘇格蘭一個城鎮（現為愛丁堡的一個區）的名稱，該城鎮的名稱源自於蓋爾語 lìte（潮濕的、潮濕的）。它也是流經愛丁堡的一條河流的名字。,,,,,,
女,Lela (2),,,英語,Leila 的變體。,,,,,,
男,Leland,,,英語,源自一個姓氏，原源自於一個英語地名，在古英語中意為「休耕地」。該姓氏的著名成員是政治家、商人和史丹佛大學的創始人利蘭·斯坦福（1824-1893）。,,,,,,
男,Lemoine,,,英語（罕見）,源自法國姓氏，在法文中意為「僧侶」。,,,,,,
男,Len,,,英語,Leonard 的縮寫。,,,,,,
女,Lena,,,瑞典語、挪威語、丹麥語、德語、荷蘭語、波蘭語、芬蘭語、俄語、烏克蘭語、英語、義大利語、葡萄牙語、希臘語、格魯吉亞語、亞美尼亞語,以 lena 結尾的姓名的縮寫，例如 Helena、Magdalena 或 Yelena。通常單獨使用。,,,,,,
男,Lenard,,,英語,Leonard 的變體。,,,,,,
男女,Lennie,,,英語,Leonard 的暱稱，有時也用於女性。,,,,,,
男女,Lennon,,,英語（現代）,源自愛爾蘭姓氏，源自愛爾蘭別名 Leannán，意為「愛人」。該姓氏由音樂家兼披頭四成員約翰·藍儂（1940-1980）所用，有時也可用作名字以紀念他。在美國，它現在更常用作女性名字，可能部分受歌手列儂·斯特拉（1999-）的啟發，她於2012年開始出演電視劇《音樂之鄉》。,,,,,,
男女,Lennox,,,英語（現代）,源自蘇格蘭姓氏，源自蘇格蘭一個地區的名稱。該地區在蓋爾語中稱為 Leamhnachd，可能意為「榆樹之地」。這個名字在21世紀初逐漸流行起來，同時，發音相似（但不相關）的名字 Lennon 和 Knox 也開始流行起來。,,,,,,
男,Lenny,,,英語,Leonard 的暱稱。,,,,,,
女,Lenora,Nonie,,英語,Elenora 的縮寫。,,,,,,
女,Lenore,"Nellie, Nelly",,英語,Eleanor 的縮寫。這是愛倫坡的詩《烏鴉》（1845 年）中敘述者已故愛人的名字。,,,,,,
男,Lenox,,,英語（罕見）,源自姓氏 Lennox 的變體。,,,,,,
男,Leo,,,德語、荷蘭語、瑞典語、挪威語、丹麥語、芬蘭語、愛沙尼亞語、英語、克羅埃西亞語、亞美尼亞語、晚期羅馬語,源自拉丁文 leo，意為“獅子”，與 Leon 同源。它在早期基督教中很流行，曾有14位教宗使用過這個名字，其中包括在5世紀確立羅馬主教（教宗）統治地位的聖利奧大帝。六位拜占庭皇帝和五位亞美尼亞國王也使用過這個名字。另一位著名的使用者是俄國小說家列夫·托爾斯泰（1828-1910），俄語拼寫為 Лев，他的作品包括《戰爭與和平》和《安娜·卡列尼娜》。 Leo 也是一個星座，也是黃道十二宮的第五宮。在某些情況下，這個名字可以是以 Leo 開頭的長名字的縮寫，例如 Leonard。,,,,,,
女,Leola,,,英語,Leo 的陰性形式。,,,,,,
男,Leon,,,英語、德語、荷蘭語、波蘭語、斯洛維尼亞語、克羅埃西亞語、希臘語、古希臘語,源自希臘文λέων (leon)，意為「獅子」。在基督教時代，這個希臘名字與拉丁文同源詞Leo合併，因此這兩種形式在歐洲語言中可以互換使用。在中世紀的英格蘭，這個名字在猶太人中很常見。共產主義革命家列昂·托洛茨基（1879-1940）的俄語名字中也使用了這個名字，他的名字是Лев。,,,,,,
女,Leona,,,英語、捷克語,Leon的陰性形式。,,,,,,
男,Leonard,"Len, Lennie, Lenny (英語) Lenn (荷蘭語)",,英語、荷蘭語、德語、波蘭語、羅馬尼亞語、日耳曼語,意為“勇敢的獅子”，源自古德語元素lewo（源自拉丁語）和hart（堅硬、堅定、勇敢、耐寒）。這是公元6世紀一位來自諾布拉克的法蘭克聖徒的名字，他是囚犯和馬匹的守護神。諾曼人將這個名字帶到了英格蘭，並在中世紀一直使用，並在20世紀變得更加普遍。,,,,,,
女,Leone (2),,,英語,Leona 的變體。,,,,,,
女,Leontyne,,,英語（罕見）,Léontine 的變體。歌劇演唱家 Leontyne Price (1927-) 曾經使用此名。,,,,,,
男,Leopold,,,德語、荷蘭語、英語、捷克語、斯洛伐克語、斯洛維尼亞語、波蘭語,源自古德語元素 liut「人民」和 bald「大膽、勇敢」。拼字因與拉丁語 leo“獅子”相關而有所改變。這個名字在德國皇室中很常見，首先是巴本堡家族，然後是哈布斯堡家族。聖利奧波德是12世紀奧地利的巴本堡藩侯，如今被認為是奧地利的守護神。兩位哈布斯堡神聖羅馬帝國皇帝以及三位比利時國王也曾使用過這個名字。自19世紀以來，這個名字在英國偶爾使用，最初是為了紀念維多利亞女王的叔叔，一位比利時國王，維多利亞女王用他的名字為自己的其中一個兒子命名。後來，詹姆斯喬伊斯在他的小說《尤利西斯》（1922年）中用它來命名主角利奧波德布魯姆。,,,,,,
男,Leroi,,,英語（罕見）,Leroy 的變體。,,,,,,
男,Leroy,,,英語,源自法文暱稱 le roi，意為「國王」。自19世紀以來，它一直是常見 的英語名字。在美國，自1920年以來，它主要由非裔美國人使用。,,,,,,
男,Les,,,英語,Leslie 或 Lester 的縮寫。,,,,,,
女,Lesia,,,英語,Alesia 的縮寫。,,,,,,
女,Lesleigh,,,英語（罕見）,Leslie 的變體。,,,,,,
女男,Lesley,,,英語,Leslie 的變體。,,,,,,
女男,Leslie,,,英語,源自蘇格蘭姓氏，源自於阿伯丁郡的一個地方，可能源自蓋爾語 leas celyn，意為「冬青花園」。自19世紀以來，它一直被用作名字。在美國，20世紀40年代後，它更常被用作女性名字。,,,,,,
女,Lesly,,,英語（現代）,Leslie 的變體。,,,,,,
女,Lessie,,,英語,包含 les 音的姓名的縮寫，例如 Leslie。,,,,,,
男,Lester,Les,,英語,源自英語姓氏，源自萊斯特市的名稱，原指來自該地的人。該市的名稱源自於河流名稱 Ligore 與拉丁語 castra（意為「營地」）的組合。,,,,,,
女,Leta,,,英語,可能源自拉丁文 laetus，意為「高興」。也可能是以 leta 結尾的姓名的縮寫形式。,,,,,,
女,Letha,,,英語,可能是 Aletha 的縮寫。,,,,,,
女,Letitia,"Lettie, Letty, Tisha, Titty, Lecia",,英語,源自晚期拉丁文名 Laetitia，意為「喜悅、幸福」。這是一位鮮為人 知的聖徒的名字，主要在西班牙受到尊崇。中世紀時期，該名稱在英格蘭使用，通常拼寫為 Lettice，並在 18 世紀復興。,,,,,,
女,Lettice,"Lettie, Letty, Tisha, Titty, Lecia",,英語（古語）,Letitia 的中世紀形式。,,,,,,
女,Lettie,,,英語,Lettice 的縮寫。,,,,,,
女,Letty,,,英語,Lettice 的縮寫。,,,,,,
男,Levi,,,希伯來文、英語、荷蘭文、德文、聖經、聖經拉丁文,在希伯來文中可能意為「結合、依附」。根據《舊約》，利未是雅各和利亞的第三個兒子，也是以色列十二個支派之一利未人的祖先。利未人構成了以色列人的祭司階層。摩西和亞倫兄弟是教會成員。這個名字也出現在《新約》中，由亞勒腓的一個兒子使用。他可能與使徒馬太是同一個人。利未（Levi）作為一個英國基督教名字，在新教改革後開始使用。,,,,,,
男,Lew (1),,,英語,Lewis 的縮寫。,,,,,,
男,Lewin,,,英語（罕見）,源自於一個英語姓氏，該姓氏源自名字 Leofwine。,,,,,,
男,Lewis,"Lew, Lou, Louie",,英語,Louis 的中世紀英語形式。 《愛麗絲夢遊仙境》的作者 Lewis Carroll (1832-1898) 是該姓氏的著名持有者。 《納尼亞傳奇》系列的作者 C. S. Lewis (1898-1963) 也使用了這個姓氏。,,,,,,
男,Lex,,,英語、荷蘭語,Alexander 的縮寫。,,,,,,
女,Lexa,,,英語,Alexandra 或 Alexa 的縮寫。,,,,,,
女,Lexi,,,英語,Alexandra 或 Alexis 的暱稱。,,,,,,
女,Lexia,,,英語,Alexia 的縮寫。,,,,,,
女,Lexie,,,英語,Alexandra 或 Alexis 的暱稱。,,,,,,
女,Lexine,Lexa,,英語,Alexandra 的暱稱。,,,,,,
女,Lexus,,,英語,Alexus 的縮寫。它的使用受到雷克薩斯品牌名稱（豐田生產的豪華 汽車系列）的影響。,,,,,,
女,Lexy,,,英語,Alexandra 或 Alexis 的暱稱。,,,,,,
女,Leyla,,,土耳其語、亞塞拜然語、庫德語、波斯語、阿拉伯語、英語（現代）,Leila 的變體，以及常見的土耳其語、亞塞拜然語和庫德語形式。,,,,,,
男,Leyton,,,英語（現代）,源自 Layton 的一個姓氏變體。,,,,,,
男,Liam,,,愛爾蘭語、英語、法語（現代）、荷蘭語（現代）、德語（現代）、瑞典語（現代）、挪威語（現代）,William 的愛爾蘭語縮寫。它在 20 世紀 80 年代在英國流行起來， 之後在歐洲和美洲其他地區也開始流行。自2017年以來，它一直是美國最受歡迎的男孩名字。擁有該名字的名人包括英國演員利亞姆·尼森（1952-）、英國音樂家利亞姆·加拉格爾（1972-）和澳大利亞演員利亞姆·海姆 斯沃斯（1990-）。,,,,,,
女,Liana,,,義大利語、葡萄牙語、羅馬尼亞語、英語、喬治亞語,是朱莉安娜（Juliana）、莉莉安娜（Liliana）和其他以「liana」結尾的名字的縮寫。這個字也指一種生長在叢林中的藤蔓植物。,,,,,,
女,Lianne,,,英語（罕見）,Leanne的變體。,,,,,,
女,Libbie,,,英語,Libby的變體。,,,,,,
女,Libby,,,英語,原本是Ibb的中世紀暱稱，而Ibb本身又是Isabel的暱稱。它也被用作伊麗莎白（Elizabeth）的暱稱。,,,,,,
女男,Liberty,Libby,,英語,源自英語單字liberty，源自拉丁文libertas，是liber「自由」的衍生字。有趣的是，自1880年以來，這個名字曾在三個不同的時期登上美國流行榜：1918年（第一次世界大戰結束）、1976年（美國建國兩百週年）以及2001年之後（反恐戰爭期間）。,,,,,,
女,Liddy,,,英語,Elizabeth 或 Lydia 的暱稱。,,,,,,
女,Lila (2),,,英語,Leila 的變體。,,,,,,
女,Lilac,,,英語（罕見）,源自英語單字，意為紫丁香屬，開紫色或白色花朵的灌木。此字源自波斯語，並經由阿拉伯語演變而來。,,,,,,
女,Lilah,,,英語,Leila 的變體。,,,,,,
女男,Lilian,"Leanna, Liana, Lillia, Lillie",,英語、法語、羅馬尼亞語,Lillian 的英語變體，以及法語和羅馬尼亞語的陽性形式。,,,,,,
女,Liliana,"Liana (義大利語) Liana (葡萄牙語) Liana (羅馬尼亞語) Leanna, Liana, Lillia, Lillie (英語)",,義大利語、西班牙語、葡萄牙語、羅馬尼亞語、波蘭語、捷克語、英語,Lillian 的拉丁文形式。,,,,,,
女,Lilianna,"Leanna, Liana, Lillia, Lillie",,波蘭語、英語（現代）,Liliana 的變體。,,,,,,
女,Lilibet,"Lillia, Lillie",,英語,Elizabeth 的暱稱。,,,,,,
女,Lilibeth,"Lillia, Lillie",,英語,Elizabeth 的暱稱。,,,,,,
女,Lillia,Lillie,,英語,Lillian 的縮寫，或 Lily 的擴展形式。,,,,,,
女,Lillian,"Leanna, Liana, Lillia, Lillie",,英語,可能原本是 Elizabeth 的暱稱。也可能被認為是 Lily 的擴展形式， 源自拉丁語中表示“百合花”的 lilium。這個名字自 16 世紀以來一直在 英國使用。,,,,,,
女,Lilliana,"Leanna, Liana, Lillia, Lillie",,英語（現代）,Lillian 的變體。,,,,,,
女,Lillie,,,英語,Lily 的變體，或 Lillian 或 Elizabeth 的暱稱。,,,,,,
女,Lilly,,,英語、挪威語、丹麥語、瑞典語,Lily 的英語變體。在斯堪的納維亞半島，它也被用作百合（Lily） 或伊麗莎白（Elisabeth）的縮寫。,,,,,,
女,Lily,,,英語,源自象徵純潔的花名。這個字最終源自於拉丁文 lilium。這是伊迪絲華 頓小說《歡樂之家》（1905）中主角莉莉巴特（Lily Bart）的名字。 美國女演員莉莉湯姆林（1939-）也曾使用過這個名字。,,,,,,
女,Lilyrose,,,英語,Lily 和 Rose 的組合。,,,,,,
女,Lina (2),,,英語、義大利語、西班牙語、葡萄牙語、德語、法語、立陶宛語、瑞典語、丹麥語、挪威語、斯洛維尼亞語,以 lina 結尾的姓名的縮寫。,,,,,,
男,Lincoln,Link,,英語,源自英語姓氏林肯（Lincoln），該姓氏最初源於羅馬人稱為林杜姆·科洛尼亞（Lindum Colonia）的英國城市名，源於布立吞語 lindo（意為“湖泊 、水池”）和拉丁語 colonia（意為“殖民地”）。這個名字通常是為了紀念 美國內戰期間的美國總統亞伯拉罕·林肯 (1809-1865)。,,,,,,
女,Linda,Lindy、Linnie、Lyndi (英語) Linn (瑞典語) Linn (挪威語),,英語、德語、荷蘭語、義大利語、瑞典語、挪威語、丹麥語、冰島語、法語、拉脫維亞語、芬蘭語、愛沙尼亞語、匈牙利語、捷克語、斯洛伐克語、日耳曼語,最初是中世紀日耳曼人名的縮寫形式，包含 lind 元素，意為「柔軟 、靈活、溫柔」（原始日耳曼語 *linþaz）。它也與西班牙語和葡萄牙語 中的 linda 意思相同，意為「美麗」。在英語世界中，這個名字從 20 世紀 30 年代開始流行，在 1940 年代末達到頂峰，不久後便逐漸衰落。 1947 年至 1952 年期間，它是美國最受歡迎的女孩名字。,,,,,,
男女,Linden,,,英語,源自德國和荷蘭姓氏，源自古高地德語 linta，意為「菩提樹」。,,,,,,
男,Lindon,,,英語（罕見）,源自姓氏 Lyndon 的變體。,,,,,,
女男,Lindsay,,,英語,源自英格蘭和蘇格蘭姓氏 Lindsay，該姓氏最初源自於英格蘭東部地區 Lindsey 的名稱，在古英語中意為“林肯島”。作為名字，Lindsay 通常為陽性，直到 20 世紀 60 年代（在英國）和 70 年代（在美國），之後才在女孩中流行起來，這可能是因為它與 Linda 相似，也與美國女演員 Lindsay Wagner（1949-）有關。,,,,,,
女男,Lindsey,,,英語,Lindsay 的變體。,,,,,,
女,Lindsie,,,英語（罕見）,Lindsay 的變體。,,,,,,
男女,Lindy,,,英語,Lindy 最初是一個陽性名字，於 1927 年在美國開始使用，當時一種名為 Lindy Hop 的舞蹈開始流行。這種舞蹈可能是以飛行員查爾斯·林德伯格 (Charles Lindbergh) 的名字命名的。後來，這個名字被用來作為琳達 (Linda) 的暱稱。,,,,,,
女,Linette,,,英語,Lynette 的變體。,,,,,,
男,Linford,,,英語（罕見）,源自姓氏，該姓氏原源自古英語意為「亞麻淺灘」或「菩提樹淺灘」的地名。,,,,,,
男,Link,,,英語,Lincoln 的縮寫。這是《薩爾達傳說》電子遊戲系列（首次出現於 1986 年）中的英雄名字，源自英語單字 link，意為「連結、連結」。 日文中他被稱為 リンク (Rinku)。,,,,,,
女,Linnaea,,,英語（罕見）,源自一種花的詞，也稱為雙生花（參見 Linnéa）。,,,,,,
女,Linnet,,,英語（罕見）,可能是 Lynette 的變體，也可能源自於一種小鳥的名字，一種雀鳥。,,,,,,
女,Linnette,,,英語（罕見）,Lynette 的變體。,,,,,,
女,Linnie,,,英語,Linda 和其他以 Lin 開頭的名字的縮寫。,,,,,,
女,Linsay,,,英語（罕見）,Lindsay 的變體。,,,,,,
女,Linsey,,,英語,Lindsay 的變體。,,,,,,
男,Linton,,,英語,源自姓氏，該姓氏原源自古英語意為「亞麻鎮」或「菩提樹鎮」的地名。,,,,,,
男,Linwood,,,英語,源自於一個英語姓氏，該姓氏最初源自於古英語中意為「溪流森林」的地名。,,,,,,
女,Linzi,,,英語（罕見）,Lindsay 的變體。,,,,,,
男,Lionel,,,法語、英語、亞瑟王傳奇,Léon 的法文縮寫。它出現在13世紀亞瑟王傳奇的蘭斯洛特-聖杯傳奇中 ，屬於一位騎士，他是博爾斯爵士的兄弟。一個著名的現代使用者是阿根廷足球明星萊昂內爾·梅西（1987-）。,,,,,,
女,Lisa,,,英語、德語、荷蘭語、瑞典語、挪威語、丹麥語、義大利語,Elizabeth 的縮寫（儘管經常單獨使用）及其在其他語言中的同源詞。 這是世界著名畫作《蒙娜麗莎》（達文西創作的麗莎·德爾·吉奧孔多肖像）主角的名字。在美國，從1958年到1978年，這個名字比全名「伊莉莎白」（Elizabeth）更受歡迎，事實上，在1962年至1969年期間，它是美國最受歡迎的名字。,,,,,,
女,Lise,,,法語、瑞典語、挪威語、丹麥語、英語,Elisabeth 或 Elizabeth 的縮寫。,,,,,,
女,Lisette,,,法語、英語,Élisabeth 的暱稱。,,,,,,
女,Lisha,,,英語,Alicia、Felicia 和其他以相同發音結尾的名字的縮寫。,,,,,,
女,Lissa,,,英語,Melissa 的縮寫。,,,,,,
女,Lita,,,英語,以 lita 結尾的名字的縮寫。這個名字在20世紀20年代因查理·卓別林的第二任妻子麗塔·格雷（Lita Grey，1908-1995）而為公眾所知。她的本名是莉莉塔·路易絲·麥克默里（Lillita Louise MacMurray）。,,,,,,
女,Liv (2),,,英語,奧莉維亞（Olivia）的縮寫。,,,,,,
女,Livia (2),,,英語,奧莉維亞（Olivia）的縮寫。,,,,,,
女,Livvy,,,英語,奧莉維亞（Olivia）的縮寫。,,,,,,
女,Livy (2),,,英語,奧莉維亞（Olivia）的縮寫。,,,,,,
女,Liz,,,英語,伊麗莎白（Elizabeth）的縮寫。這是女演員伊莉莎白泰勒（Elizabeth Taylor，1932-2011）的常用名。,,,,,,
女,Liza,,,英語、俄語、希臘語、格魯吉亞語,伊麗莎白（Elizabeth，英語）、葉麗莎維塔（Yelizaveta，俄語）、伊麗莎白（Elisavet，希臘語）或伊麗莎白（Elisabed，格魯吉亞語）的縮寫。,,,,,,
女,Lizbeth,"Lillia, Lillie",,英語，西班牙語（拉丁美洲）,Elizabeth 的縮寫。,,,,,,
女,Lizette,"Lillia, Lillie",,英語,Elizabeth 的暱稱。,,,,,,
女,Lizzie,,,英語,Elizabeth 的暱稱。,,,,,,
女, Lizzy,,,英語,Elizabeth 的暱稱。,,,,,,
男,Lloyd,,,英語,源自威爾斯姓氏，源自 llwyd，意為「灰色」。作曲家安德魯·勞埃德· 韋伯（1948-）是該姓氏的著名使用者。,,,,,,
男,Lockie,,,英語,Lachlan 的暱稱。,,,,,,
男女,Logan,,,英語,源自蘇格蘭姓氏，原源自於艾爾郡的一個地方，意為「小窪地」（源自蓋爾語 lag「窪地，坑」加上一個暱稱字尾）。這個名字在1970年代 中期開始在美國流行榜上緩慢上升，或許部分原因是受到了電影《洛根的奔跑》（1976年）的啟發。漫畫人物金鋼狼（別名羅根）也大約在同一時期出現。自20世紀末以來，這個名字在整個英語世界都非常流行。在美國，它在2017年達到了頂峰，位居男孩最受歡迎的名字第五位。,,,,,,
女,Lois (1),,,英語、聖經、聖經拉丁文、聖經希臘語,可能源自希臘文λωίων (loion)，意為「更令人嚮往」或「更好」。在《新約》中，Lois是尤妮絲的母親和提摩太的祖母。作為一個英語名字，它在宗教改革後開始使用。在小說中，這是漫畫英雄超人的女友的名字。,,,,,,
女,Lola,,,西班牙語、英語、法語,Dolores的西班牙語縮寫。著名的Lola Montez（1821-1861；本名Eliza Gilbert）是愛爾蘭裔舞者、演員和交際花。,,,,,,
女,Lolicia,,,英語（罕見）,Lola的繁體形式。,,,,,,
男,Lon ,,,英語,Alonzo及其他同音名字的縮寫。著名的Lon Chaney Sr.（1883-1930）和Lon Chaney Jr.（1906-1973）也曾使用過這個名字。 Lon Chaney的本名是Leonidas。,,,,,,
女男,London,,,英語（現代）,源自英國首都倫敦，其意義不明。美國作家傑克·倫敦（1876-1916）曾經用該名字作為姓氏。,,,,,,
女,Londyn,,,英語（現代）,London 的變體。,,,,,,
男,Lonnie,,,英語,Alonzo及其他同音名字的縮寫。,,,,,,
男,Lonny,,,英語,Alonzo 的縮寫，以及其他發音相同的名字。,,,,,,
女,Lora,,,英語,Laura 的變體。,,,,,,
女,Loraine,"Lori, Lorie, Lorinda, Lorri, Lorrie, Laurinda",,英語,Lorraine 的變體。,,,,,,
女,Lorainne,"Lori, Lorie, Lorinda, Lorri, Lorrie, Laurinda",,英語,Lorraine 的變體。,,,,,,
女,Lorayne,"Lori, Lorie, Lorinda, Lorri, Lorrie, Laurinda",,英語,Lorraine 的變體。,,,,,,
女,Loreen,"Lori, Lorie, Lorinda, Lorri, Lorrie, Laurinda",,英語,Lorene 的變體。,,,,,,
女,Lorelai,,,英語（現代）,Lorelei 的變體。這個名字出現在電視劇《吉爾莫女孩》（2000-2007）中，劇中兩個主角都叫這個名字（小的那個暱稱 Rory）。,,,,,,
女,Lorelei,,,文學，英語,源自德語 Loreley，萊茵河上一處岩石岬角的名稱。其意義尚不確定， 但第二個詞組可能是古德語 ley，意為「岩石」（源自凱爾特語）。           從 1801 年的克萊門斯·布倫塔諾開始，德國浪漫主義詩人和詞曲作家 就曾講述過一位名叫 Lorelei 的少女住在岩石上，用她的歌聲引誘船夫走 向死亡。在英語世界中，自 20 世紀初以來，這個名字偶爾被使用。 自從電視劇《吉爾莫女孩》（2000-2007） 中主角（及其女兒， 暱稱羅裡）使用了變體“Lorelai”後，這個名字在美國開始流行起來。,,,,,,
女,Lorelle,,,英語（罕見）,Laurel 的變體。,,,,,,
男女,Loren,,,英語,可能是 Laurence 1（陽性）的縮寫，也可能是 Lauren（陰性）的變體。,,,,,,
女,Lorena (2),"Lori, Lorie, Lorinda, Lorri, Lorrie, Laurinda",,英語,Lauren 的拉丁化形式。這個名字最早在美國引起公眾關注是因為 歌曲《Lorena》（1856），這首歌的作者是約瑟夫·韋伯斯特，據說 他根據 Lenore（取自愛倫·坡詩歌《烏鴉》中的角色）的字母重排創造了 這個名字。,,,,,,
女,Lorene,"Lori, Lorie, Lorinda, Lorri, Lorrie, Laurinda",,英語,可能是 Loren 或 Lorena 2 的變體。,,,,,,
女,Loretta,"Lori, Lorie, Lorinda, Lorri, Lorrie, Laurinda (英語) Norina (義大利語)",,英語、義大利語,可能是 Lauretta 或 Loreto 的變體，或以 Lor 開頭的名字的縮寫。 美國女演員洛麗泰楊（Loretta Young，1913-2000） 的著名名字就是 這個名字，她的本名是格雷琴（Gretchen）。,,,,,,
女,Lori,,,英語,Laura、Lorraine 和其他以 Lor 開頭的名字的縮寫。這個名字在 20 世紀 50 年代和 60 年代在美國迅速流行起來，並在 1963 年達到女孩名字排行第八的頂峰。,,,,,,
女,Lorie,,,英語,Lori 的變體。,,,,,,
男女,Lorin,,,英語,Loren 的變體。,,,,,,
女,Lorinda,,,英語,Lori 的變體，加上流行的後綴 inda。,,,,,,
女,Lorine,,,英語,Lorene 的變體。,,,,,,
男,Lorn,,,英語（罕見）,Lorne 的變體。,,,,,,
女,Lorna,,,英語,由作家 R. D. Blackmore 為其小說《洛娜·杜恩》（Lorna Doone，1869 年）中的主角所創。這部小說以英格蘭南部為背景，講述了約翰·里德（John Ridd）和洛娜·杜恩（Lorna Doone）之間危險的愛情。布萊克 莫爾可能以蘇格蘭地名“Lorne”或“Lorne侯爵”（參見“Lorne”）命名。,,,,,,
男,Lorne,,,英語,源自“Lorne侯爵”稱號，該稱號源於蘇格蘭地名“Lorne”，而“Lorne”本身可能源自傳奇的達爾里阿塔國王洛恩·麥克·艾爾克（Loarn mac Eirc）。 這是加拿大第一任總督的稱號，此後，它最常用作名字。加拿大演員洛恩·格林（1915-1987）是該頭銜的著名持有者。,,,,,,
女,Lorraine,"Lori, Lorie, Lorinda, Lorri, Lorrie, Laurinda",,英語,源自法國東部一個地區的名稱，原意為「洛泰爾王國」。洛泰爾是一位法蘭克國王，查理曼大帝的曾孫，其領地位於法國現今的洛林地區，德語中為Lothringen（源自拉丁語Lothari regnum）。作為名字，它自19世紀 末以來便在英語世界中廣泛使用，或許是因為其發音與Laura相似。第一次世界大戰後，由於該地區是德法爭奪的焦點，它開始流行起來。,,,,,,
女,Lorri,,,英語,Lori的變體。,,,,,,
女,Lorrie,,,英語,Lori的變體。,,,,,,
男女,Lorrin,,,英語（罕見）,Loren的變體。,,,,,,
女,Lottie,,,英語、瑞典語,Charlotte或Liselotte的暱稱。,,,,,,
女,Lotus,,,英語（罕見）,源自蓮花（Nelumbo nucifera種）或神話中的蓮花樹的名稱。它們 最終源自於希臘文λωτός（lotos）。在希臘和羅馬神話中，蓮花樹的果實據說會使人昏昏欲睡、健忘。,,,,,,
女男,Lou,,,英語、法語,Louise或Louis的縮寫。著名的使用這個名字的人包括棒球運動員盧·格里格（1903-1941）和音樂家盧·里德（1942-2013）。,,,,,,
女,Louella,,,英語,Lou 與常用名後綴 ella 的組合。,,,,,,
男,Louie,,,英語,Louis 的暱稱。,,,,,,
男,Louis,,,法語、英語、荷蘭語,Ludovicus 的法語形式，Ludwig 的拉丁化形式。這是法國18位國王的 名字，從查理曼大帝之子路易一世開始。其他使用這個名字的人包括領導過兩次十字軍東徵的路易九世（聖路易）和法國鼎盛時期的統治者路易十四（被稱為太陽王），他是凡爾賽宮的建造者，也是歐洲歷史上在位時間最長的君主。德國（使用 Ludwig 的名字）、匈牙利（使用 Lajos 的名字）和其他國家的國王也使用這個名字。除了皇室成員外，這個名字在中世紀的法國並不那麼流行。法國大革命後，路易十六被送上斷頭台，這個名字變得不那麼常見了。諾曼人把這個名字帶到了英國，在那裡通常拼寫為 Lewis，儘管在美國，Louis 的拼寫更為常見。著名的姓氏 包括法國科學家路易·巴斯德（1822-1895）、法國演員路易·德·菲涅斯  （1914-1983）、蘇格蘭作家羅伯特·路易斯·史蒂文森（1850-1894），  他寫了一部名為《金銀島》的小說以及傑基爾博士和海德先生，以及美國爵士音樂 家路易斯阿姆斯壯（1901-1971）。,,,,,,
女,Louisa,,,英語、德語、荷蘭語,Louis 的拉丁化陰性形式。其著名代表人物為美國小說家路易莎·梅·奧爾 科特（1832-1888），《小婦人》的作者。,,,,,,
女,Louise,,,法語、英語、丹麥語、瑞典語、挪威語、荷蘭語、德語,Louis 的法語陰性形式。,,,,,,
女,Love (2),,,英語,源自英語單字 love，源自古英語 lufu。,,,,,,
男,Lovel,,,英語（罕見）,源自 Lowell 的變體姓氏。,,,,,,
男,Lovell,,,英語,源自 Lowell 的變體姓氏。,,,,,,
男,Lowell,,,英語,"源自於一個英語姓氏，該姓氏源自於諾曼法語的暱稱 lou（意為“狼”） 和一個暱稱後綴。該姓氏由美國詩人兼諷刺作家詹姆斯·羅素·洛威爾 (James Russell Lowell, 1819-1891) 所擁有。",,,,,,
女,Loyalty,,,英語（現代）,源自英語單字，該詞最初借用自古法語 loiauté，是 loial（忠誠的） 的派生詞，而 loial 本身又源於拉丁語 legalis（合法的）。,,,,,,
男, Loyd,,,英語,Lloyd 的變體。,,,,,,
女,Luana,,,英語、義大利語、葡萄牙語,源自電影《天堂鳥》（1932 年），姓氏由主角－一位玻里尼西亞女孩 所使用。這部電影改編自 1912 年上映的同名戲劇，故事背景設定在 夏威夷。,,,,,,
女,Luann,,,英語,可以是 Lou 和 Ann 的組合，也可以是 Luana 的變體。它在 20 世紀 50 年代由歌手 Lu Ann Simms（1933-2003）推廣。,,,,,,
女,Luanna,,,英語（罕見）,可以是 Lou 和 Anna 的組合，也可以是 Luana 的變體。,,,,,,
女,Luanne,,,英語,Luann 的變體。,,,,,,
男,Lucas,,,英語、荷蘭語、法語、葡萄牙語、西班牙語、瑞典語、丹麥語、挪威語、聖經拉丁語,希臘文 Λουκᾶς（參見 Luke）的拉丁文形式，以及其他幾種語言中使用 的形式。這個名字在20世紀下半葉非常流行。它在法國（1997年）、比利時（1998年）、丹麥（2003年）、加拿大（2008年）、荷蘭（2009年）、紐西蘭（2009年）、澳洲（2010年）、蘇格蘭（2013年）、西班牙（2015年）和澳洲（2018年）、蘇格蘭（2013年）、西班牙（2015年）和澳洲（2018年）都進入了男孩的前十名。,,,,,,
女,Lucia,,,義大利語、德語、荷蘭語、英語、瑞典語、挪威語、丹麥語、羅馬尼亞語、斯洛伐克語、古羅馬語,Lucius 的女性形式。聖露西亞是公元4世紀來自錫拉庫札的殉道者。 據說她的眼睛被挖出，因此她是盲人的守護神。她在中世紀廣受尊崇，她的名字在整個基督教歐洲（以各種拼寫方式）被使用。自12世紀以來，它在英國一直使用，通常拼寫為Lucy或Luce。,,,,,,
男,Lucian,,,羅馬尼亞語、英語,Lucianus 的羅馬尼亞語和英語形式。 Lucian 是薩莫薩塔的盧西亞努斯的常用英語名。,,,,,,
女,Lucile,,,法語、英語,Lucille 的變體。,,,,,,
女,Lucille,,,法語、英語,Lucilla 的法語形式。美國喜劇演員露西爾鮑爾（1911-1989）是著名的 Lucilla 的持有者。,,,,,,
女,Lucinda,"Cinda, Cindy, Lulu, Sindy",,英語、葡萄牙語、文學,塞萬提斯為他的小說《唐吉訶德》（1605）創作的Lucia（露西亞）的變體。後來，莫里哀在他的戲劇《情不自禁的醫生》（1666）中也使用了它。,,,,,,
男,Lucius,,,古羅馬語、聖經語、英語,羅馬人的名字，源自拉丁文lux（意為「光」）。這是最流行的名字。早期羅馬的兩位伊特魯裡亞國王以及幾位著名的後期羅馬人都使用過這個名字，其中包括政治家、哲學家、演說家和悲劇作家盧修斯·安納烏斯·塞內卡（簡稱塞內卡）。 《新約》中曾簡單提及這個名字，屬於安提阿的基督徒。三位教宗也使用過這個名字，包括公元3世紀的聖盧修斯。儘管如此，直到文藝復興之後，這個名字才在基督教世界中被廣泛使用。,,,,,,
男女,Lucky,,,英語，印地語,源於幸運者的暱稱。有時也用作 Luke 的暱稱。一個著名的 Lucky 暱稱是義大利裔美國黑幫老大「Lucky」 Luciano (1897-1962)。,,,,,,
女,Lucy,,,英語,Lucia 的英語形式，自中世紀以來一直使用。,,,,,,
女,Luella,,,英語,Louella 的變體。,,,,,,
男,Luke,,,英語，聖經的,拉丁語 Lucas 的英語形式，源自希臘語名稱 Λουκᾶς (Loukas)，可能是 Λουκανός (Loukanos) 的縮寫，意為“來自盧卡尼亞”，盧卡尼亞是 意大利南部的一個地區。 Luke 是一位醫生，曾與使徒保羅同行。根據 傳統，他是新約聖經第三本福音書和使徒行傳的作者。他可能是希臘裔。許多基督教派都尊他為聖人。由於這位聖人的聲望，這個名字在基督教世界中變得很常見（拼寫方式多種多樣）。作為英語名，Luke 自 12 世紀以來一直與拉丁語 Lucas 一起使用。到 20 世紀末，這兩種形式在 英語世界中都變得流行起來。一個著名的虛構人物是《星際大戰》電影中的英雄盧克天行者，始於 1977 年。,,,,,,
女,Lula (1),,,英語,Louise 和以 Lu 開頭的名字的縮寫。,,,,,,
女,Lulu (1),,,英語、德語,以 Lou 或 Lu 開頭的名字的縮寫，例如 Louise 或 Lucinda。,,,,,,
女,Luna,,,羅馬神話、西班牙語、義大利語、葡萄牙語、英語,在拉丁語（以及義大利語、西班牙語和其他羅曼語）中意為「月亮」。 Luna 是羅馬神話中的月亮女神，經常被描繪成駕駛著一輛白色戰車 穿越天空。,,,,,,
男,Luther,,,英語,源自於一個德國姓氏，該姓氏本身源自於古德語名字 Leuthar。 這個姓氏由馬丁路德（1483-1546）所姓，他是一位僧侶兼神學家， 他將著名的《九十五條論綱》釘在教堂大門上，從而開啟了宗教改革。此後，這個姓氏被用作名字以紀念他，尤其是在新教徒中。現代著名的繼承者是美國民權領袖馬丁路德金恩（1929-1968）。,,,,,,
女,Luvenia,,,英語,可能是 Lavinia 的一種形式。自19世紀以來，它一直在美國使用。,,,,,,
女,Luvinia,,,英語,Luvenia 的變體。,,,,,,
男,Lyall,,,英語（罕見）,源自蘇格蘭姓氏，姓氏源自古挪威語名字 Liulfr（部分源自 úlfr“狼”）。,,,,,,
女,Lyda,,,英語,可能是 Lydia 的變體。,,,,,,
女,Lydia,,,英語、德語、荷蘭語、聖經、聖經拉丁語、聖經希臘語,希臘文意為「來自呂底亞」。呂底亞是小亞細亞西海岸的一個地區，據說以傳奇國王呂多斯的名字命名。在《新約》中，這是一個被聖保羅改信基督教的女性的名字。在現代，這個名字自新教改革以來一直沿用。,,,,,,
女,Lyla,,,英語,Leila 的變體。,,,,,,
女,Lylah,,,英語（現代）,Leila 的變體。,,,,,,
男,Lyle,,,英語,源自於一個英語姓氏，該姓氏源自諾曼法語 l'isle，意為「島嶼」。,,,,,,
女,Lyn,,,英語,Lynn 的變體。,,,,,,
女,Lynda,,,英語,Linda 的變體。,,,,,,
女,Lyndi,,,英語（罕見）,Lindy 的變體。,,,,,,
男,Lyndon,,,英語,源自英語姓氏，該姓氏源自於一個地名，在古英語中意為「菩提樹山」。美國總統林登·B·約翰遜（1908-1973）曾是該名字的著名持有者。,,,,,,
女,Lyndsay,,,英語（現代）,Lindsay 的變體。,,,,,,
女,Lyndsea,,,英語（罕見）,Lindsay 的變體。,,,,,,
女,Lyndsey,,,英語（現代）,Lindsay 的變體。,,,,,,
女,Lynetta,,,英語（美式，罕見）,Lynette 的精煉形式。,,,,,,
女,Lynette,,,英語，亞瑟王傳奇,阿爾弗雷德·丁尼生在其1872年的詩歌《加雷斯和萊奈特》中使用了Lynet的形式。據丁尼生所述，加雷斯和萊奈特最終結婚了。在現代，它也被認為是Lynn的縮寫。,,,,,,
女男,Lynn,,,英語,源自於一個英語姓氏，該姓氏源自威爾斯語llyn，意為「湖」。在20世紀初之前，它主要用於男孩，但後來更常用於女孩。在某些情況下，它可能被認為是Linda的縮寫，或以lyn或line結尾的名字。,,,,,,
女,Lynna,,,英語（罕見）,Lynn 的精簡形式。,,,,,,
女,Lynne,,,英語,Lynn 的變體。,,,,,,
女,Lynnetta,,,英語（美式，罕見）,Lynette 的精煉形式。,,,,,,
女,Lynnette,,,英語,Lynette的變體。,,,,,,
女,Lynsay,,,英語（罕見）,Lindsay 的變體。,,,,,,
女,Lynsey,,,英語（現代）,Lindsay 的變體。,,,,,,
男,Lynton,,,英語（罕見）,Linton 的變體。,,,,,,
男,Lynwood,,,英語,Linwood 的變體。,,,,,,
女男,Lyric,,,英語（現代）,原意為“抒情的，像歌曲一樣”，源自於英語單字 λυρικός (lyrikos)。,,,,,,
女,Lysette,,,英語（罕見）,Lisette 的變體。,,,,,,
女,Lyssa (1),,,英語,Alyssa 的縮寫。,,,,,,
M,,,,,,,,,,,
女,Mabel,"Mae, May",,英語,Amabilis 的中世紀陰性形式。這種拼字和 Amabel 在中世紀很常見，但在 15 世紀後變得罕見。 19世紀，C. M. Yonge 在其1854年出版的小說 《雷德克利夫的繼承人》中，梅布爾（Mabel）和阿瑪貝爾（Amabel）這兩個人物相繼出現，該詞組再次流行起來。,,,,,,
女,Mabella,"Mae, May",,英語（罕見）,Mabel 的改良形式。,,,,,,
女,Mabelle,"Mae, May",,英語,Mabel 的變體。它也與法語短語“ma belle”（意為“我的美人”）相呼應。,,,,,,
女,Mable,"Mae, May",,英語,Mabel 的變體。,,,,,,
男,Mac,,,英語,Mack 1 的變體。,,,,,,
男,Macaulay,,,英語（英國）,源自蘇格蘭姓氏，蓋爾語Mac Amhalghaidh的英語化形式，而Mac Amhalghaidh本身源自Amhalghadh，一個含義不明的名字。該姓氏的著名持有者是托馬斯·巴賓頓·麥考利（Thomas Babington Macaulay，1800-1861），他是一位英國輝格黨政治家和著名歷史學家。這個名字由美國前童星麥考利·卡爾金（Macaulay Culkin，1980 -）所用，他的名字 取自這位英國政治家。,,,,,,
男,Macauley,,,英語（英國）,Macaulay 的變體。,,,,,,
女,Macey,,,英語（現代）,Macy 的變體。,,,,,,
女,Maci,,,英語（現代）,Macy 的變體。,,,,,,
女,Macie,,,英語,Macy 的變體。,,,,,,
男,Mack (1),,,英語,源自姓氏，最初是愛爾蘭和蘇格蘭各種姓氏的縮寫，以 Mac 或 Mc（源自愛爾蘭語 mac，意為“兒子”）開頭。它也用作男性的俚語。,,,,,,
女男,Mackenzie,Kenzie,,英語,源自蘇格蘭姓氏，是蓋爾語 Mac Coinnich 的英語化形式，而  Coinneach 本身也源自於名字 Coinneach。作為一個女性名字，它因美國女演員 麥肯齊·菲利普斯（Mackenzie Phillips，1959-）而廣為人知，尤其是在 她於1975年開始出演 電視喜劇《活在當下》（One Day at a Time） 之後。 在英國，它更常用作男性名字。,,,,,,
女,Macy,,,英語,源自一個來自法國多個名為Massy的城鎮的英語姓氏。這些城鎮最初源自於一個高盧羅馬人名，後拉丁化為Maccius。 1989年，隨著肥皂劇 《大膽而美麗》（The Bold and the Beautiful）中梅西·亞歷山大（Macy Alexander）這一角色的出現，這個名字引起了公眾的關注。它也是羅蘭·赫西·梅西（Rowland Hussey Macy）於1858年創立的美國連鎖百貨 公司的名稱。,,,,,,
女,Madalyn,"Maddie, Maddy, Madi",,英語,Madeline的變體。,,,,,,
女,Maddie,,,英語,Madeline或Madison的暱稱。,,,,,,
女,Maddison,"Maddie, Maddy, Madi",,英語（現代）,Madison 的變體。,,,,,,
男,Maddox,,,英語（現代）,源自威爾斯姓氏，意為「馬多克之子」。 2002年，女演員安潔莉娜裘 莉將這個名字賜給了她的養子，引發了大眾的關注。 ,,,,,,
女,Maddy,,,英語,Madeline 或 Madison 的暱稱。,,,,,,
女,Madelaine,"Maddie, Maddy, Madi",,英語（罕見）,Madeline 的變體。,,,,,,
女,Madeleine,"Madelon (法語) Maddie, Maddy, Madi (英語)",,法語、英語、瑞典語,Magdalene 的法語形式。,,,,,,
女,Madelina,"Maddie, Maddy, Madi",,英語（罕見）,Madeline 的拉丁文形式。,,,,,,
女,Madeline,"Maddie, Maddy, Madi",,英語,Madeleine 的英語形式。這是奧地利裔美國作家路德維希·貝梅爾曼 斯於1939年首次出版的一系列兒童讀物中女主角的名字。,,,,,,
女,Madelyn,"Maddie, Maddy, Madi",,英語,Madeline 的變體。,,,,,,
女,Madelynn,"Maddie, Maddy, Madi",,英語（現代）,Madeline 的變體。,,,,,,
女,Madge,,,英語,Margaret 的暱稱。,,,,,,
女,Madi,,,英語,Madeline 或 Madison 的暱稱。,,,,,,
女,Madilyn,"Maddie, Maddy, Madi",,英語（現代）,Madeline 的變體。,,,,,,
女,Madilynn,"Maddie, Maddy, Madi",,英語（現代）,Madeline 的變體。,,,,,,
女男,Madison,"Maddie, Maddy, Madi",,英語,"源自英語姓氏 Madison，意為「馬修之子」或「莫德之子」。直到電影 《美人計》（1984年）上映後，它才開始廣泛地用作女性名字。片中女主角在看到紐約市麥迪遜大道的路牌後，便取名為 Madison。到2001年， 該姓氏已位列美國女性姓氏第二位。從默默無聞到聲名鵲起，僅花了18年時間，其使用率就達到了前所未有的550,000%。該姓氏的著名持有者是詹姆斯·麥迪遜（1751-1836），他是美國憲法的起草人之一，後來擔任總統 （麥迪遜大道也以他的名字命名）。",,,,,,
女,Madisyn,"Maddie, Maddy, Madi",,英語（現代）,Madison 的變體。,,,,,,
女,Madlyn,"Maddie, Maddy, Madi",,英語,Madeline 的變體。,,,,,,
女,Madoline,"Maddie, Maddy, Madi",,英語（罕見）,Madeline 的變體。,,,,,,
女,Madonna,,,英語,源自義大利文對聖母瑪利亞的尊稱，意為「我的夫人」。該名字的著名使用者是美國歌手麥當娜·西科內 (1958-)，她被簡稱為麥當娜。,,,,,,
女,Madyson,"Maddie, Maddy, Madi",,英語（現代）,Madison 的變體。,,,,,,
女,Mae,,,英語,May 的變體。該名字的著名使用者是美國女演員梅·韋斯特 (1893-1980)，她的本名是瑪麗。,,,,,,
女,Maegan,Meg,,英語（現代）,Megan 的變體。,,,,,,
女,Maeghan,Meg,,英語（罕見）,Megan 的變體。,,,,,,
女,Maeve,,,愛爾蘭語、英語、愛爾蘭神話,愛爾蘭名字 Medb 的英語化形式，意為「令人陶醉的」。在愛爾蘭傳說 中，這是康諾特一位勇士女王的名字。她與丈夫艾利爾（Ailill）共同對抗阿爾斯特國王康喬巴（Conchobar）和英雄庫丘林（Cúchulainn），這在愛爾蘭史詩《庫利的牛群襲擊》中有所記載。,,,,,,
女,Magdalen,Lena,,英語,Magdalene 的變體。,,,,,,
女,Magdalena,"Lena, Magda (波蘭語) Alena, Lena, Lene, Leni, Magda (德語) Lena, Magda (荷蘭語) Lena, Linn, Magda, Malin (瑞典語) Lena, Linn, Magda, Malene, Malin (挪威語) Lena, Magda, Malene (丹麥語) Alena, Alenka, Magda, Majda (斯洛文尼亞語) Alena, Lenka, Madlenka, Magda (捷克語) Magda, Majda, Manda, Mandica (克羅地亞語) Manda (塞爾維亞語) Magda (羅馬尼亞語) Lena (英語)",,波蘭語、德語、荷蘭語、瑞典語、挪威語、丹麥語、立陶宛語、西班牙語、加泰隆尼亞語、奧克語、斯洛維尼亞語、捷克語、保加利亞語、馬其頓語、克羅埃西亞語、塞爾維亞語、羅馬尼亞語、英語,Magdalene 的拉丁語形式。,,,,,,
女,Magdalene,"Alena, Lena, Lene, Leni, Magda (德語) Lena (英語)",,德語、英語、聖經、聖經拉丁語、聖經希臘語,源自意為「抹大拉的」的稱號。抹大拉的瑪利亞是《新約》中的人物，因其來自抹大拉——加利利海邊的一個村莊，其名字在阿拉姆語中意為「塔」。她被耶穌洗淨了身上的邪靈，並在耶穌傳道時一直陪伴著他，見證了耶穌被釘十字架和復活。她是中世紀一位受人愛戴的聖徒，這個名字也隨之變得普遍。在英格蘭，傳統上被稱為瑪德琳 (Madeline)，而抹大拉 (Magdalene) 或瑪格達琳 (Magdalen) 則是更常見的稱呼。,,,,,,
女,Maggie,,,英語,Margaret 的暱稱。,,,,,,
女,Magnolia,,,英語,源自英語單字 magnolia，該字以法國植物學家皮埃爾·馬格諾爾 (Pierre Magnol) 的名字命名。,,,,,,
女,Mahala,,,英語,Mahalah 或 Mahalath 的變體。自宗教改革以來，它偶爾被用作英語基督徒的名字。,,,,,,
女,Nahalia,,,英語,Mahala 的變體。,,,,,,
女,Maisie,,,蘇格蘭語、英語,Mairead 的蘇格蘭語暱稱。它在英國和澳洲長期使用，並在 20 世紀末 開始流行。在美國，這個名字是由英國女演員麥茜·威廉姆斯（Maisie Williams，1997-）引入公眾視野的，她於2011年起在電視劇《權力 的遊戲》中飾演艾莉亞·史塔克。她的本名是瑪格麗特（Margaret）。,,,,,,
女,Maisy,,,英語（英式）,Maisie 的變體。,,,,,,
男女,Maitland,,,英語（罕見）,源自於一個英語姓氏，該姓氏源自於諾曼法語地名，可能意為「不宜居」。,,,,,,
男,Major,,,英語,源自於一個英語姓氏，該姓氏最初源自於名字 Mauger，Mauger 是日耳曼名字 Malger 的諾曼法語形式，意為「議會之矛」。該名字 也與英語單字 major 有關。,,,,,,
女,Makayla,"Mica, Mickey, Mikki",,英語（現代）,Michaela 的變體。,,,,,,
女,Makenna,,,英語（現代）,McKenna 的變體。,,,,,,
女,Makenzie,Kenzie,,英語（現代）,Mackenzie 的變體。,,,,,,
男,Malachi,,,希伯來語、英語、聖經語、拉丁語,源自希伯來文名 מַלְאָכִי (Malʾaḵi)，意為「我的信差」或「我的天使」，源自 מַלְאָךְ (malʾaḵ) 的所有信使形式，意為「天使」。他是《舊約》十二小先知之一，也是《瑪拉基書》的作者，有人認為《瑪拉基書》預言了基督的降臨。這個名字在新教改革後在英國開始使用。,,,,,,
男,Malakai,,,斐濟語、東加語、英語（現代）,Malachi 的斐濟語和湯加語形式，以及現代英語變體。,,,,,,
女,Malandra,,,英語（罕見）,使用流行名字字尾 andra 的自創名字，源自 Sandra 或 Alexandra 等名字。,,,,,,
女,Malani,,,英語（現代）,可能是 Melanie 的變體，使用了夏威夷語中意為「天堂、天空」的元素 lani（常見於 Leilani 和 Kalani 等名字中）。,,,,,,
女,Malaysia,,,英語（現代）,源自東南亞國家馬來西亞的名稱，馬來西亞是馬來人的故鄉。他們的族名來源不明，但可能源自於一條河流的名稱，而這條河流本身源自馬來語 melaju 或爪哇語 mlayu，意為「奔跑、快速」。,,,,,,
男,Malcolm,,,蘇格蘭語，英語,蘇格蘭蓋爾語 Máel Coluim 的英語化形式，意為「聖哥倫巴的門徒」。 這是自10世紀以來四位蘇格蘭國王的名字，其中包括馬爾科姆三世，他殺死了篡位者麥克白，後者擊敗了其父鄧肯。莎士比亞悲劇《馬克白》（1606年）中的人物馬爾科姆大致以他為原型。另一位著名的姓氏是美國民權領袖馬爾科姆·X (1925-1965)。,,,,,,
男,Malcom,,,英語,Malcolm 的變體。,,,,,,
女,Maleah,,,英語（現代）,Malia 的變體。,,,,,,
女,Malia,,,夏威夷語，英語（現代）,Maria 的夏威夷語形式。由於新任美國總統巴拉克·歐巴馬的長女（1998 年出生），這個名字在 2009 年人氣飆升。,,,,,,
女,Malinda,Mindy,,英語,Melinda 的變體。,,,,,,
女,Malliyah,,,英語（現代）,Malia 的變體。,,,,,,
女,Mallory,,,英語（現代）,源自於一個英語姓氏，源自古法語maleüré，意為「不幸」。該姓氏最初在1980年代因美國情境喜劇《家庭關係》（1982-1989）而變得流行，劇中出現了一個同名角色。,,,,,,
男女,Malone,,,英語（罕見）,源自愛爾蘭姓氏，是Ó Maoil Eoin的英語化形式，意為「聖約翰門徒的後 裔」。,,,,,,
女,Malvina,,,文學、英語、義大利語、法語,由蘇格蘭詩人詹姆斯·麥克弗森於18世紀為其奧西安詩歌中的一個角色所創造。他可能想用這個詞來表示“光滑的額頭”，源自蘇格蘭蓋爾語mala“額頭”和mìn“光滑的、精緻的”（輕化為mhìn，發音為v）。,,,,,,
女,Mamie,,,英語,Mary 或 Margaret 的暱稱。,,,,,,
女,Mandi,,,英語,Amanda 的暱稱。,,,,,,
女,Mandy,,,英語,Amanda 的暱稱。,,,,,,
男,Manley,,,英語,源自英語姓氏，最初是一個地名，在古英語中意為「公共空地」。,,,,,,
男,Manny,,,英語,Emmanuel 的縮寫。,,,,,,
男,Mansel,,,英語（罕見）,源自於一個英語姓氏，原指來自法國城市勒芒的人。,,,,,,
女,Maple,,,英語,源自英語中表示樹木（包括楓樹屬）的單詞，源自古英語 mapul。這是羅伯特·弗羅斯特的詩歌《楓樹》（1923 年）中一位女孩的名字，她對自己這個不尋常名字的起源感到疑惑。,,,,,,
女,Maralyn,,,英語,Marilyn 的變體。,,,,,,
女,Marcelyn,"Celine, Selina",,英語（罕見）,Marceline 的變體。,,,,,,
女,Marci,,,英語,Marcia 的暱稱。,,,,,,
女,Marcia,"Marci, Marcie, Marcy",,英語、西班牙語、古羅馬語,Marcius 的陰性形式。少數聖人曾使用過這個名字。自18世紀以來， 它在英語世界中一直被用作名字。,,,,,,
女,Mercie,,,英語,Marcia 的縮寫。,,,,,,
男,Marcus,,,古羅馬語、聖經拉丁語、英語、瑞典語、挪威語、丹麥語,羅馬人的名字，可能源自於羅馬神話中的戰神馬爾斯 (Mars)。這是羅馬人 最受歡迎的名字之一。著名的使用這個名字的人包括公元前1世紀的政治家和演說家馬庫斯·圖利烏斯·西塞羅（簡稱西塞羅）、公元前1世紀的政治家馬庫斯·安東尼烏斯（簡稱馬克·安東尼）和2世紀著名的皇帝馬庫斯·奧勒留。這也是一位4世紀教宗的名字。這種拼寫在英語世界中偶爾使用，但傳統的英語形式Mark更為常見。,,,,,,
女,Marcy,,,英語,Marcia 的暱稱。,,,,,,
女,Maree,,,英語（罕見）,Marie 的變體。,,,,,,
女,Margaret,"Madge, Mae, Maggie, Mamie, Marge, Margie, May, Mayme, Meg, Peg, Peggie, Peggy, Midge",,英語,源自拉丁語 Margarita，後者源自希臘語 μαργαρίτης (margarites)，意為 “珍珠”，該詞最終可能藉用自印度-伊朗語。聖瑪格麗特是孕婦的守護神， 於西元4世紀在安提阿殉道。後來的傳說講述了她如何從一條龍手中逃脫，中世紀藝術中經常出現她與龍共舞的場景。這位聖人在中世紀很受歡迎，她的名字在基督教世界中也被廣泛使用。作為一個英語名字，它自中世紀以來就非常流行。在20世紀20、30和40年代，它是英格蘭和威爾斯女孩的首選名字，但在20世紀下半葉，它的受歡迎程度有所下降。其他同名的聖人包括一位蘇格蘭女王和一位匈牙利公主。 14世紀統一丹麥、瑞典和 挪威的丹麥女王瑪格麗特一世也曾使用過這個名字。著名的文學家包括《亂世佳人》的作者美國作家瑪格麗特·米切爾（1900-1949）和加拿大作家 瑪格麗特·阿特伍德（1939-）。其他使用這個名字的還有美國人 類學家瑪格麗特·米德（1901-1978）和英國首相瑪格麗特·撒切爾（1925-2013）。,,,,,,
女,Margaretta,"Madge, Mae, Maggie, Mamie, Marge, Margie, May, Mayme, Meg, Peg, Peggie, Peggy, Midge",,英語,Margaret 的拉丁文形式。,,,,,,
女,Margarette,"Madge, Mae, Maggie, Mamie, Marge, Margie, May, Mayme, Meg, Peg, Peggie, Peggy, Midge",,英語,Margaret 的變體。,,,,,,
女,Marge,,,英語，愛沙尼亞語,Margaret（英語）或 Margareeta（愛沙尼亞語）的暱稱。,,,,,,
女,Margery,"Jorie, Madge, Mae, Maggie, Mamie, Marge, Margie, Marje, May, Meg",,英語,Margaret 的中世紀英語形式。,,,,,,
女,Margie,,,英語,Margaret 的暱稱。,,,,,,
女,Margo,,,英語,Margot 的變體。,,,,,,
女,Margret,"Grete, Gretel, Grit, Marga, Meta (德語) Madge, Mae, Maggie, Mamie, Marge, Margie, May, Mayme, Meg, Peg, Peggie, Peggy, Midge (英語)",,德語、英語,Margarete 或 Margaret 的縮寫形式。,,,,,,
女男,Maria,,,義大利語、葡萄牙語、加泰隆尼亞語、奧克語、德語、瑞典語、挪威語、丹麥語、法羅語、荷蘭語、弗里斯蘭語、希臘語、波蘭語、羅馬尼亞語、英語、芬蘭語、愛沙尼亞語、科西嘉語、撒丁島聖經、巴斯克語、亞美尼亞語、俄語、俄語聖經,希臘文Μαρία的拉丁形式，源自希伯來文מִרְיָם（參見Mary）。 Maria 是許多歐洲語言中該名字的常用形式，也是其他語言（例如英語，常用拼寫為  Mary）中的次要形式。在某些國家，例如德國、波蘭和義大利 ，Maria偶爾會被用作男性中間名。這是葡萄牙兩位在位女王的名字。哈布斯堡王朝的女王瑪麗亞·特蕾莎 (1717-1780) 也曾擁有過這塊土地 ，她繼承了其父神聖羅馬帝國皇帝查理六世的領地，從而引發了奧地利王位繼承戰爭。,,,,,,
女,Mariabella,,,英語（罕見）,Maria 和 Bella 的組合。,,,,,,
女,Mariah,Mimi (英語) Mariel (英語（美語）),,英語,Maria 的變體。它的發音通常與 Maria 的古老英語發音一致。這個名字在 20 世紀 90 年代初由美國歌手瑪麗亞凱莉 (1970-) 推廣。,,,,,,
女,Marian (1),,,英語,Marion 1 的變體。這個名字在英國傳說中由羅賓漢的愛人瑪麗安所生。有時也被認為是 Mary 和 Ann 的組合。 1954 年，教宗庇護六世宣佈為聖母瑪利亞年，以紀念聖母瑪利亞，此後，這個名字在世界各地迅速流行起來。 1987 年的類似宣布並沒有產生如此顯著的效果。,,,,,,
女,Marianna,,,義大利語、匈牙利語、斯洛伐克語、波蘭語、芬蘭語、愛沙尼亞語、拉脫維亞語、俄語、希臘語、英語,Maria 和 Anna 的組合。它也可以被視為羅馬名字 Mariana 的變體，或 Mariamne 的拉丁化形式。,,,,,,
女,Marianne,,,法語、英語、德語、荷蘭語、瑞典語、挪威語、丹麥語、芬蘭語,Marie 和 Anne 1 的組合，但也可以被視為 Mariana 或 Mariamne 的變體。 1792 年法蘭西共和國成立後不久，一位以此名字命名的女性形像被採納為國家象徵。,,,,,,
女男,Marie,,,法語、捷克語、德語、英語、瑞典語、挪威語、丹麥語、荷蘭語、阿爾巴尼亞語,Maria 的法語和捷克語形式。自 13 世紀以來，它在法國非常常見。在 20 世紀初，大約 20% 的法國女孩都叫這個名字。在本世紀，這一比例穩步下降，並於1958年跌出榜首。使用這個名字的著名人物是瑪麗安托瓦內特，她是法國大革命期間被斷頭台處決的法國王后。另一位是瑪麗·居里（1867-1934），她是一位物理學家和化學家，與丈夫皮埃爾一起研究放射性。在法國，它偶爾也用作男性名字，例如 Jean-Marie。,,,,,,
女,Mariel,,,西班牙語（拉丁美洲）、西班牙語（菲律賓）、英語（美國）,Marial 的暱稱。美國女演員瑪麗埃爾海明威（1961-）的名字靈感來自古巴小鎮馬裡爾。,,,,,,
女,Marigold,,,英語（現代）,源自一種花名，由 Mary 和英語單字 gold 組合而成。,,,,,,
女,Marilla,,,英語（古語）,可能是 Mary 的縮寫，也可能是 Amaryllis 的變體。這個名字在 19 世紀更為常見，由美國婦女參政主義者 Marilla Ricker (1840-1920) 所使用。它也是 L. M. Montgomery 的小說《綠山牆的安妮》(1908) 中 Anne 的養母的名字。,,,,,,
女,Marilou,,,法語、英語、西班牙語（菲律賓）,Maria 和 Louise 的組合。在菲律賓，通常是 Maria 和 Lourdes 的組合。,,,,,,
女,Marilyn,,,英語,Mary 和常用名後綴 lyn 的組合。在 20 世紀初之前，這個名字非常罕見。它在一定程度上因美國舞台明星 Marilyn Miller (1898-1936) 而流行起來。她出生時名為 Mary Ellen Reynolds，她的藝名取自她的出生名和母親的中間名 Lynn。 1920年代，該名字在美國流行起來，1936年最高排名第13位。美國女演員瑪麗蓮夢露（1926-1962；本名諾瑪珍妮莫滕森）和美國歌劇演唱家瑪麗蓮霍恩（1934-）等都曾使用過這個名字。,,,,,,
女,Marilynn,,,英語,Marilyn 的變體。,,,,,,
女,Marina,"Marinella, Rina (義大利語) Ina (德語) Maren, Marna (丹麥語) Rina, Rini, Riny (荷蘭語) Marinka (克羅地亞語) Marinka (斯洛文尼亞語) Marika (格魯吉亞語)",,義大利語、西班牙語、葡萄牙語、加泰隆尼亞語、德語、瑞典語、挪威語、丹麥語、荷蘭語、英語、希臘語、芬蘭語、愛沙尼亞語、俄語、羅馬尼亞語、捷克語、保加利亞語、克羅埃西亞語、塞爾維亞語、斯洛維尼亞語、馬其頓語,Marinus 的女性形式。一些早期聖徒也使用過這個名字。東正教的聖瑪格麗特·安提阿也使用這個名字。,,,,,,
女,Marinda,"Molly, Randi, Randy",,英語,Mary 的暱稱，或 Miranda 的變體。,,,,,,
女,Marion (1),,,"法語、英語、德語、荷蘭語
Marie 的中世紀法文暱稱。",Marie 的中世紀法文暱稱。,,,,,,
男,Marion (2),,,英語,源自於一個源自 Marion 1 的法國姓氏。這是美國演員約翰韋恩 (1907-1979) 的真名，本名 Marion Robert Morrison。,,,,,,
女,Maris (2),,,英語（罕見）,意為“海洋的”，源自聖母瑪利亞的拉丁名 Stella Maris，意為“海之星”。,,,,,,
女,Marisa,,,義大利語、西班牙語、葡萄牙語、英語,Maria 和 Luisa 的義大利語、西班牙語和葡萄牙語組合。,,,,,,
女,Marissa,,,英語、荷蘭語,Marisa 的變體。,,,,,,
女,Marje (1),,,英語,Marjorie 的暱稱。,,,,,,
女,Marjorie,"Jorie, Marge, Margie, Marje",,英語,Margery 的中世紀變體，受藥草馬鬱蘭名稱的影響。中世紀之後，這個名字很少見，但在19世紀末又重新流行起來。,,,,,,
女,Marjory,"Jorie, Marge, Margie, Marje",,英語,Marjorie 的變體。,,,,,,
男,Mark,,,英語、俄語、白俄羅斯語、荷蘭語、丹麥語、亞美尼亞語、聖經,拉丁語 Marcus 的形式，用於多種語言。聖馬可 (Saint Mark) 是《新約》第二部福音書的作者。雖然作者身份不明，但一些傳統認為他與《使徒行傳》中的約翰馬可 (John Mark) 是同一個人。他是威尼斯的守護神，據說他葬於此地。雖然 Mark 在中世紀就已使用，但直到19世紀才在英語世界中流行起來，當時它開始與古典形式 Marcus 一起使用。在中世紀特里斯坦與伊索德 (Tristan and Iseult) 的傳說中，這是康沃爾郡一位國王的名字。美國作家馬克吐溫（1835-1910）也曾使用過這個名字，他本名塞繆爾·克萊門斯，是《湯姆·索亞歷險記》和《哈克貝利·費恩歷險記》的作者。他的筆名取自密西西比河上河船工人用來表示兩俄丈深的呼喊聲。這也是公元前一世紀羅馬三頭執政官馬庫斯·安東尼（馬克·安東尼）名字的常用英語拼寫。現代著名的使用這個名字的人包括美國游泳運動員馬克·斯皮茨（1950-）和商人馬克·扎克伯格（1984-）。,,,,,,
女,Marla,,,英語,Marlene 的變體，使用後綴 la。,,,,,,
女,Marlee,,,英語（現代）,Marley 的變體。,,,,,,
女,Marleen,,,荷蘭語、英語,Marlene 的荷蘭語形式和英語變體。,,,,,,
女,Marlena,,,波蘭語、英語,Marlene 的拉丁文形式。,,,,,,
女,Marlene,,,德語、英語,Maria 和 Magdalene 的混合字。因此，它指的是《新約》中的人物抹大拉的瑪利亞。這個名字因德國女演員兼歌手瑪琳·黛德麗（1901-1992）而廣為人知，她的真名是 Maria Magdalene Dietrich。,,,,,,
女男,Marley,,,英語（現代）,源自於一個英語姓氏，該姓氏源自於一個地名，在古英語中意為「宜人的樹林」、「邊界樹林」或「貂樹林」。牙買加音樂家鮑勃馬利（1945-1981）是該姓氏的著名傳承者。,,,,,,
男,Marlin,,,英語,可能是 Merlin 的變體。,,,,,,
男,Marlon,,,英語,含義不明。這個名字因美國演員馬龍·白蘭度（1924-2004）而廣為人知，他的名字取自其父親。,,,,,,
女男,Marlowe,,,英語（現代）,源自姓氏，該姓氏源自古英語中意為「湖泊殘餘」的地名。英國劇作家克里斯托弗·馬洛（1564-1593）是該姓氏的著名傳承者。,,,,,,
女,Marly,,,英語（罕見）,Marley 的變體。,,,,,,
女男,Marlyn,,,英語,Marilyn（陰性）或 Marlin（陽性）的變異。,,,,,,
男,Marmaduke,,,英語（英國，罕見）,可能源自古愛爾蘭名字 Máel Máedóc。該名字傳統上在英國約克郡地區使用。,,,,,,
女,Marni,,,英語,Marnie 的變體。,,,,,,
女,Marnie,,,英語,可能是 Marina 的暱稱。這個名字因阿爾弗雷德·希區考克的電影《艷賊》（1964）而為公眾所知，該電影改編自溫斯頓·格雷厄姆 1961 年的小說。,,,,,,
女,Marsha,"Marci, Marcie, Marcy",,英語,Marcia 的變體。,,,,,,
男,Marshal,,,英語,Marshall 的變體。,,,,,,
男,Marshall,,,英語,源自於一個英語姓氏，原指擔任元帥的人。 「marshal」一詞源自於拉丁文 mariscalcus，其字根類似於古高地德語 marah（馬）和 scalc（僕人）。 Marsha 一詞的著名使用者是美國饒舌歌手 Marshall Mathers（1972-），他以藝名 Eminem 演出。,,,,,,
女,Martha,"Martie, Mattie, Patsy, Patti, Pattie, Patty",,英語、瑞典語、挪威語、丹麥語、荷蘭語、德語、希臘語、聖經希臘語、聖經拉丁語、古教會斯拉夫語,源自阿拉姆語 מַרְתָּא（marta），意為“女士、情婦”，是 מַר（mar）意為“主人”的陰性形式。在《新約》中，這是拉撒路和伯大尼的瑪利亞（有時與抹大拉的瑪利亞相提並論）的姊妹的名字。她見證了耶穌使她死去的兄弟復活。這個名字直到新教改革後才在英國使用。一個著名的名字是瑪莎華盛頓（1731-1802），她是第一任美國總統喬治華盛頓的妻子。媒體名人瑪莎·史都華（1941-）也使用過這個名字。,,,,,,
男女,Martie,,,英語,Martin、Martina 或 Martha 的暱稱。,,,,,,
男,Martin,"Martie, Marty (英語) Mart (愛沙尼亞語) Maroš (斯洛伐克語) Tine, Tinek (斯洛文尼亞語) Tin (克羅地亞語)",,英語、法語、德語、瑞典語、挪威語、丹麥語、愛沙尼亞語、俄語、羅馬尼亞語、捷克語、斯洛伐克語、斯洛維尼亞語、克羅埃西亞語、塞爾維亞語、匈牙利語、保加利亞語、馬其頓語、芬蘭語,源自羅馬名字 Martinus，這個名字源自於羅馬戰神 Mars 名字的所有格 Martis。聖馬丁·德·圖爾是一位公元 4 世紀的主教，也是法國的守護神。根據傳說，他在隆冬時節遇到一個受凍的乞丐，便將自己的斗篷撕成兩半，一半給了乞丐。他是中世紀受人愛戴的聖徒，他的名字在整個基督教世界廣為流傳。馬丁路德（1483-1546）是這個名字的一位重要傳承者，他是一位開創了新教改革的神學家。五位教宗也曾使用過這個名字（其中兩位更廣為人知的名字是馬裡努斯 (Marinus)）。其他現代使用這個名字的教宗包括德國哲學家馬丁海德格 (1889-1976)、美國民權領袖馬丁路德金恩 (1929-1968) 和美國電影製片人馬丁史柯西斯 (1942-)。,,,,,,
女,Martina,"Ina, Tina (德語) Tina (義大利語) Tina (克羅地亞語) Ina, Inja, Tina, Tinkara (斯洛文尼亞語) Ina, Martie (英語) Ina (瑞典語) Ina, Ine, Ineke, Maartje, Tina, Tineke (荷蘭語)",,德語、義大利語、西班牙語、加泰隆尼亞語、捷克語、斯洛伐克語、克羅埃西亞語、斯洛維尼亞語、保加利亞語、匈牙利語、英語、瑞典語、荷蘭語、古羅馬語,Martinus（參見 Martin）的女性形式。聖瑪蒂娜 (Saint Martina) 是一位公元三世紀的殉道者，也是羅馬的守護神之一。,,,,,,
男,Marty,,,英語,Martin 的暱稱。,,,,,,
女,Marva,,,英語,Marvin 的女性形式。,,,,,,
女,Marvel,,,英語,源自英語，意為“奇蹟、奇觀”，源自古法語 merveille，拉丁語 mirabilis，意為“奇妙”。,,,,,,
M,Marvin,,,英語、德語、荷蘭語,源自於一個英語姓氏，該姓氏源自威爾斯語名字 Merfyn 或古英語名字 Mærwine。作為一個美國名字，它在 20 世紀初逐漸流行起來，並在 20 世紀 30 年代初達到頂峰（與發音相似但不相關的名字 Melvin 非常相似）。美國音樂家 Marvin Gaye（1939-1984）也曾經使用過這個名字。,,,,,,
m,Marvyn,,,英語（罕見）,Marvin 的變體。,,,,,,
女,Mary,,,英語，聖經,Maria 的常用英語形式，新約希臘文名字 Μαριάμ（Mariam）和 Μαρία（Maria）的拉丁語形式－拼字可以互換－源自希伯來文 מִרְיָם（Miryam），這是舊約中摩西姊姊的名字。其意義尚不明確，但有多種說法，包括「苦海」、「叛逆」和「渴望的孩子」。然而，它最初很可能是一個埃及名字，可能部分源自於mry（意為「摯愛」）或mr（意為「愛」）。新約中許多人物都用這個名字命名，其中最重要的是耶穌的母親瑪利亞。根據福音書，耶穌是在她尚為處女時，由聖靈孕育而生的。抹大拉的瑪利亞也曾用這個名字命名，她是一位被耶穌治癒了邪魔的女子。她成為耶穌的跟隨者，後來目睹了耶穌被釘十字架和復活。由於聖母瑪利亞的緣故，這個名字在基督教世界中非常流行，儘管在某些文化中，它在某些時期被認為過於神聖，不適合日常使用。在英國，這個名字自12世紀起就被使用，自16世紀以來一直是最常見的女性名字之一。 1880 年，在美國，使用這個名字的頻率是排名第二的女孩名字（安娜）的兩倍多。它在美國一直位居榜首，直到 1946 年被琳達擠到第二位。雖然在 20 世紀 50 年代，它又重新奪回了榜首的位置，但使用率已經開始下降，並從前 100 個名字中跌出。兩位英國女王和一位蘇格蘭女王蘇格蘭瑪麗女王都曾使用過這個名字。另一個著名的使用這個名字的人是《科學怪人》的作者瑪麗雪萊 (1797-1851)。 P. L. Travers 於 1934 年首次出版的兒童讀物中一個著名的虛構人物是瑪麗·波平斯 (Mary Poppins)。這個名字的拉丁化形式 Maria 也在英語和其他幾種語言中使用。,,,,,,
女,Mary Ann,,,英語,Mary 和 Ann 的組合。,,,,,,
女,Mayann,,,英語,Mary 和 Ann 的組合。,,,,,,
女,Mary Anne,,,英語,Mary 和 Anne 的組合 1。,,,,,,
女,Maryanne,,,英語,Mary 和 Anne 的組合 1。,,,,,,
女,Marybelle,,,英語,Mary 和 Belle 的組合。,,,,,,
女,Mary Beth,,,英語,Mary 和 Beth 的組合。,,,,,,
女,Marybeth,,,英語,Mary 和 Beth 的組合。,,,,,,
女,Maryellen,,,英語,Mary 和 Ellen 的組合 1。,,,,,,
女,Mary Jane,,,英語,Mary 和 Jane 的組合。,,,,,,
女,Mary Jo,,,英語,Mary 和 Jo 的組合。,,,,,,
女,Mary Lou,,,英語,Mary 和 Lou 的組合。,,,,,,
女,Marylou,,,英語,Mary 和 Lou 的組合。,,,,,,
女,Marylu,,,英語（罕見）,Marylou 的變體。,,,,,,
女,Marylyn,,,英語,Marilyn 的變體。,,,,,,
男,Mason,,,英語,源自於一個英語姓氏（或詞彙），意為“石匠”，源自於一個源自法蘭克語的古法語單字（類似於古英語 macian，“製作”）。在美國，這個名字在1980年代開始流行，可能是因為它的發音很時尚。 2009年，考特妮·卡戴珊和斯科特·迪西克在2010年真人秀節目《與卡戴珊一家同行》中，將這個名字給了他們的兒子，之後這個名字的人氣飆升。 2011年，這個名字成為最受歡迎的男孩名字第二名。,,,,,,
男,Masterman,,,英語（罕見）,源自於一個英語姓氏，最初屬於一個從事僕人工作的人。,,,,,,
男,Mat,,,英語,Matthew的縮寫。,,,,,,
男,Mathew,"Mat, Matt, Mattie, Matty",,英語,Matthew的變體。,,,,,,
女,Mathilda,"Mattie, Tilda, Tillie, Tilly (英語) Tilda, Tilde (瑞典語) Til (荷蘭語)",,英語、瑞典語、荷蘭語,Matilda的變體。,,,,,,
女,Matilda,"Mattie, Maudie, Tilda, Tillie, Tilly (英語) Tilda, Tilde (瑞典語) Tilda (芬蘭語)",,英語、瑞典語、芬蘭語、斯洛伐克語、斯洛維尼亞語,源自日耳曼語名字 Mahthilt，意為“戰鬥中的力量”，源自於元素 maht（威力、力量）和 hilt（戰鬥）。聖瑪蒂爾達是10世紀德國國王亨利一世（Henry I the Fowler）的妻子。這個名字在中世紀歐洲皇室的許多分支中很常見。它由諾曼人傳入英國，由征服者威廉本人的妻子所生。另一位著名的皇室成員也叫這個名字，是12世紀英格蘭國王亨利一世的女兒，她因與神聖羅馬帝國皇帝亨利五世的初婚而被稱為瑪蒂爾達皇后。後來，她入侵英格蘭，為其子亨利二世的統治奠定了基礎。這個名字在15世紀之前的英格蘭非常流行，通常以方言形式 Maud 來使用。這兩種形式在19世紀都得到了復興。這個名字出現在1895年創作的澳洲流行民謠《華爾滋·瑪蒂爾達》（Waltzing Matilda）中。,,,,,,
男,Matt,,,英語,Matthew 的縮寫。著名使用這個名字的人包括美國演員馬特狄龍（1964-）和馬特達蒙（1970-）。,,,,,,
男,Matthew,"Mat, Matt, Mattie, Matty",,英語，聖經用語,Ματθαῖος（Matthaios）的英語形式，是新約聖經中馬提提亞（Mattithiah）的希臘文形式。馬太（Matthew），可能也叫利未（Levi），是十二使徒之一。他是一名稅吏，據說是新約聖經中第一本福音書的作者。在許多基督教傳統中，他被認為是聖徒。變體 Matthias 也出現在新約聖經中，屬於另一位使徒。 Matthew 作為英語名字，自中世紀以來就一直被使用。它在20世紀中葉在整個英語世界流行起來，在20世紀80年代和90年代的男孩名字排行榜上名列前茅。一位著名的持有者是美國海軍軍官馬修·C·佩里（1794-1858），他率領一支遠徵軍前往日本。現代著名的持有者包括演員馬修·布羅德里克（1962-）、馬修·麥康納（1969-）和馬修·佩里（1969-2023）。,,,,,,
女男,Mattie,,,英語,瑪蒂爾達（Matilda）、瑪莎（Martha）或馬修（Matthew）的暱稱。,,,,,,
男,Matty (1),,,英語,Matthew 的暱稱。,,,,,,
女,Maud,,,英語、法語、荷蘭語、瑞典語,Matilda 的中世紀英語和法語形式。雖然它在14世紀後變得罕見，但在19世紀又重新流行起來，或許是因為阿爾弗雷德·丁尼生1855年的詩歌《莫德》（Maud）。,,,,,,
女,Maude,,,英語、法語,Maud的變體。,,,,,,
女,Maudie,,,英語,Maud的暱稱。,,,,,,
女,Maura (2),,,愛爾蘭語、英語,Máire 的英語化形式。它也與愛爾蘭語 mór（意為「偉大的」）有關。這是一位鮮為人知的5世紀愛爾蘭殉道者的名字。,,,,,,
女,Maureen,"Maurie, Mo, Reenie",,愛爾蘭語、英語,Máirín 的英語化形式。,,,,,,
女,Maurene,"Maurie, Mo, Reenie",,英語（罕見）,Maureen 的變體。,,,,,,
男,Maurice,"Maurie, Mo, Moe",,法語、英語,源自羅馬名字 Mauritius，是 Maurus 的衍生字。聖莫里斯是一位來自埃及的3世紀羅馬士兵。據說，他和他軍團中的其他基督徒因拒絕崇拜羅馬諸神而被馬克西米安皇帝下令屠殺。因此，他是步兵的守護神。這個名字是由一位6世紀的拜占庭皇帝使用。另一位著名的使用者是拿騷的莫里斯（荷蘭語稱為 Maurits），他是17世紀的奧蘭治親王，參與建立了荷蘭共和國。自從諾曼征服以來，該名字便在英格蘭使用，通常拼寫為 Morris 或 Moris。,,,,,,
女,Maurie,,,英語,Maurice 或 Maureen 的暱稱。,,,,,,
女,Maurine,"Maurie, Mo, Reenie",,英語,Maureen 的變體。,,,,,,
男,Maverick,,,英語,源自英語單字 maverick，意為「獨立」。這個詞本身源自於 19 世紀一位德州牧場主的姓氏，他沒有為自己的小牛打烙印。,,,,,,
女,Mavis,,,英語,源自於一種鳥類的名稱，也稱為歌鶇，源自古法語mauvis，來源不明。它最早被英國作家瑪麗·科雷利用作名字，她用它命名了小說《撒旦的悲傷》（1895年）中的一個角色。,,,,,,
男女,Max,,,德語、英語、瑞典語、挪威語、丹麥語、芬蘭語、荷蘭語、捷克語、俄語、法語、加泰隆尼亞語,Maximilian 或 Maxim 的縮寫。在英語中，它也可以縮寫為 Maxwell，與非正式用語 max 一致，max 是 maximum 的縮寫。著名的使用這個名字的人包括德國知識分子馬克斯·韋伯（1864-1920）和德國物理學家馬克斯·普朗克（1858-1947）。自1979年起，《瘋狂麥斯》系列的電影中的主角也使用了這個名字。,,,,,,
女,Maxene,,,英語（罕見）,Maxine 的變體。,,,,,,
男女,Maxie,,,英語,Maximilian、Maxwell、Maxine 以及其他以 Max 開頭的名字的縮寫。,,,,,,
男,Maximilian,,,德語、英語、瑞典語、挪威語（罕見）、丹麥語（罕見）,源自羅馬名字 Maximilianus，名字源自於 Maximus。這個名字由一位公元 3 世紀的聖人和殉道者使用。 15 世紀，神聖羅馬帝國皇帝腓特烈三世將此名字賜給了他的兒子，也就是後來的繼承人。在這個例子中，它是羅馬將軍法比烏斯·馬克西穆斯 (Fabius Maximus) 和科尼利厄斯·西庇阿·埃米利安努斯 (Cornelius Scipio Aemilianus，參見 Emiliano) 名字的混合體，腓特烈三世非常欽佩這兩位將軍。後來，第二任神聖羅馬帝國皇帝、兩位巴伐利亞國王以及一位短暫的哈布斯堡王朝墨西哥皇帝也都曾使用過這個名字。,,,,,,
男,Maximillian,,,英語,Maximilian 的變體。,,,,,,
女,Maxine,,,英語,Max 的女性化形式。自 20 世紀初才開始廣泛使用。,,,,,,
男,Maxton,,,英語（現代）,使用流行名稱後綴 ton 對 Max 的進一步闡釋。,,,,,,
男,Maxwell,,,英語,源自蘇格蘭姓氏，意為“麥克斯的溪流”，源於斯堪的納維亞名字 Magnus 的縮寫形式 Mack，與古英語 wille（井，溪流）相結合。該姓氏的著名傳承者是詹姆斯·麥克斯韋爾 (1831-1879)，他是一位研究氣體和電磁學的蘇格蘭物理學家。作為名字，它從 20 世紀 80 年代開始越來越受歡迎，可能是因為它被視為 Max 的完整形式 [1]。,,,,,,
女,May ,,,英語,源自五月的名稱，而五月又源自羅馬女神 Maia。 May 也是山楂花的另一個名字。它也被用作瑪麗、瑪格麗特或梅布爾的暱稱。,,,,,,
女,Maya (2),,,英語,Maia 1 的變體。這個名字也可以用來指稱瑪雅人，他們是墨西哥南部和中美洲部分地區的原住民，其文明在公元 3 世紀至 8 世紀之間蓬勃發展。美國詩人兼作家瑪雅·安吉洛 (1928-2014) 是這個名字的著名使用者。,,,,,,
女,Maybell,,,英語,Mabel 的變體。,,,,,,
女,Maybelline,,,英語（罕見）,Mabel 的變體。,,,,,,
女,Mayme,,,英語,可能是 Mamie 的變體。,,,,,,
男,Maynard,,,英語,源自於一個英語姓氏，該姓氏源自古德語名字 Meginhard。,,,,,,
男,Maynerd,,,英語（罕見）,Maynard 的變體。,,,,,,
男,Mayson,,,英語（現代）,Mason 的變體。,,,,,,
女,Mckayla,,,英語（現代）,Michaela 的變體，通常拼寫為 McKayla，第三個字母大寫，類似於以 Mc 開頭的愛爾蘭或蘇格蘭姓氏。,,,,,,
女,McKenna,,,英語（現代）,源自愛爾蘭和蘇格蘭姓氏，是 Mac Cionaodha 的英語化形式，而 Cionaodha 本身源自於名字 Cionaodh。作為名字，它在 1980 年之前非常罕見。但在 20 世紀 90 年代，它迅速流行起來，可能是因為它被視為比 Mackenzie 更具女性氣質的選擇。,,,,,,
女男,McKenzie,,,英語（現代）,Mackenzie 的變體。,,,,,,
女男,McKinley,,,英語,源自蘇格蘭姓氏，是 Mac Fhionnlaigh 的英語化形式，而 Fhionnlaigh 源自於名字 Fionnlagh。美國總統威廉·麥金萊（1843-1901）是該姓氏的著名持有者。在美國，作為名字，它在19世紀末和20世紀的大部分時間裡主要以男性為主，在總統當选和遇刺期間最為常見。在1990年代，該姓氏開始在女孩中流行起來，這可能是受到其他以Mac或Mc開頭的女性名字（例如Mackenzie和McKenna）的啟發。,,,,,,
男女,Meade,,,英語（罕見）,源自一個英語姓氏，表示居住在草地上的人（源自中世紀英語mede）或出售或釀造蜂蜜酒（一種由發酵蜂蜜製成的酒精飲料；源自古英語meodu）。,,,,,,
女,Meadow,,,英語（現代）,源自英語單字meadow，最終源自古英語mædwe。這個名字以前非常罕見，但在電視劇《黑道家族》（1999-2007）中，托尼·索普拉諾的女兒用這個名字後，這個名字開始流行起來。,,,,,,
女,Meagan,,,英語,Megan 的變體。,,,,,,
女,Meaghan,,,英語,Megan 的變體。,,,,,,
女,Meg,,,英語,Margaret 的中世紀暱稱。現在也用作相關名稱 Megan 的縮寫。,,,,,,
女,Megan,,,威爾斯語，英語,Margaret 的威爾斯暱稱。在威爾斯以外的英語世界，這個名字直到 20 世紀中葉才開始被廣泛使用。,,,,,,
女,Meghan,,,英語,Megan 的變體。一個著名的使用這個名字的人是梅根馬克爾 (1981-)，她是英國皇室哈利王子在美國出生的妻子。,,,,,,
男女,Mel,,,英語,Melvin、Melanie、Melissa 等以 Mel 開頭名字的簡稱。,,,,,,
女,Melanie,,,英語、德語、荷蘭語,源自拉丁名 Melania 的法文形式 Mélanie，源自希臘文 μέλαινα (melaina)，意為「黑色、暗淡」。這是一位羅馬聖徒的名字，她在公元5世紀將所有財富捐給了慈善事業。她的祖母也是一位同名聖人。這個名字在中世紀的法國很常見，後來從法國傳入英國，但最終變得稀有。小說《亂世佳人》（1936年）及其後續電影改編版（1939年）中的角色梅蘭妮·威爾克斯重新引發了人們對這個名字的興趣。,,,,,,
女,Meantha,,,英語（罕見）,可能是 Mel（源自 Melanie 或 Melissa 等名字）與後綴 antha（源自希臘語 ἄνθος (anthos)，意為「花」）的組合。約翰·德萊頓在其戲劇《時尚婚姻》（1672 年）中使用了這個名字。,,,,,,
女,Melany,,,英語（現代）,Melanie 的變體。,,,,,,
女,Melba,,,英語,源自澳洲歌劇演唱家 Nellie Melba (1861-1931) 的姓氏。這是她從墨爾本這座城市的名字中得到的藝名。,,,,,,
女,Melesina,,,英語（罕見）,意義不明，可能是 Millicent 的一種形式。愛爾蘭作家兼社交名媛梅萊西娜·特倫奇 (1768-1827) 曾經使用過這個名字。,,,,,,
女,Melicent,,,英語（古體）,Millicent 的舊形式。,,,,,,
女,Melina,,,英語、希臘語,Mel 的衍生詞，可能源自 Melissa 等名字，也可能源自希臘文 μέλι (meli)，意為「蜂蜜」。一位著名的 Melina 是希臘裔美國女演員梅麗娜·梅爾庫裡 (1920-1994)，本名瑪麗亞·阿瑪莉亞·梅爾庫裡。,,,,,,
女,Melinda,,,英語、匈牙利語,Mel（源自 Melanie 或 Melissa 等名字）與流行名字後綴 inda 的組合。它誕生於18世紀，可能受到類似名字Belinda的啟發。在匈牙利，這個名字因約瑟夫·卡托納1819年的戲劇《銀行》而廣為流傳。,,,,,,
女,Melissa,,,英語、荷蘭語、古希臘語、希臘神話,希臘文意為「蜜蜂」。在希臘神話中，這是普羅克勒斯女兒的名字，也是許多希臘仙女和女祭司的綽號。根據早期基督教作家拉克坦提烏斯的說法，這是仙女阿瑪爾忒亞的妹妹的名字，她與阿瑪爾忒亞一起照顧年幼的宙斯。後來，它出現在盧多維科·阿里奧斯托1532年的詩歌《瘋狂的奧蘭多》中，屬於幫助魯傑羅逃離女巫阿爾西娜的仙女。 Melissa作為英語名字自18世紀以來一直被使用。,,,,,,
女,Mellony,,,英語（罕見）,Melanie 的變體。,,,,,,
女,Melody,,,英語,源自英語單字 melody，該字源自於（經由古法語和晚期拉丁語）希臘語 μέλος (melos)（意為「歌曲」）與 ἀείδω (ae​​ido)（意為「唱」）的組合。,,,,,,
女,Melva,,,英語,可能是 Melvin 的陰性形式。,,,,,,
男,Melville,,,英語,源自蘇格蘭姓氏，原源自諾曼法語地名 Malleville，意為「壞鎮」。該姓氏的著名使用者是美國作家赫爾曼·梅爾維爾 (1819-1891)，他創作了包括《白鯨記》在內的多部小說。,,,,,,
男,Melvin,,,英語、瑞典語,源自蘇格蘭姓氏，是 Melville 的變體。該名字自 19 世紀以來一直在美國使用。它在 20 世紀初開始流行，並在 20 世紀 20 年代末達到頂峰，但自那時起逐漸衰落（與發音相似但不相關的名字 Marvin 和 Alvin 非常相似）。,,,,,,
男,Melvyn,,,英語,Melvin 的變體。,,,,,,
女,melyssa,,,英語（罕見）,Melissa 的變體。,,,,,,
女,Memory,,,英語（非洲）,源自英語單字 memory，最終源自拉丁文 memor（意為「銘記，記憶」）。該名字在馬拉威、辛巴威和非洲其他地區最為常見。,,,,,,
男女,Memphis,,,英語（現代）,源自古埃及一座重要城市的名稱，或田納西州一座以其命名的城市。它源自於埃及語 mn-nfr 的希臘文形式，意為「持久的美麗」。,,,,,,
女,Mercia,,,英語（罕見）,Mercy 的拉丁語形式。這也是一個古老的盎格魯-撒克遜王國的名稱，儘管其起源不同。,,,,,,
女,Mercy,,,英語,源自英語單字 mercy，最終源自拉丁文 merces（意為「工資，報酬」），是 merx（意為「商品，貨物」）的衍生字。這是 17 世紀清教徒所採用的美德名稱之一。,,,,,,
男女,Meredith,,,威爾斯語，英語,源自威爾斯語名字Maredudd或Meredydd，源自於古威爾斯語形式，例如Margetud，可能源自於mawredd（意為「偉大、壯麗」）與iudd（意為「主」）的組合。該名字的威爾斯語形式在中世紀廣泛使用。自1920年代中期以來，在英語國家，女孩使用這個名字的頻率高於男孩，但在威爾士，它仍然是一個男性名字。英國小說家兼詩人喬治·梅雷迪斯（George Meredith，1828-1909）是該名字的著名姓氏持有者。,,,,,,
女,Merideth,,,英語（罕見）,Meredith 的變體。,,,,,,
女,Meridith,,,英語（罕見）,Meredith 的變體。,,,,,,
女,Meriel,,,英語（古體）,Muriel 的變體。,,,,,,
女,Merilyn,,,英語,Marilyn 的變體。,,,,,,
男女,Merit (1),,,英語（罕見）,可能是 Merritt 的變體，也可能僅僅源自英語單字 merit，最終源自於拉丁語 meritus（意為「值得的」）。,,,,,,
男,Meriwether,,,英語（罕見）,源自中世紀英語中意為「好天氣」的姓氏，原本屬於開朗的人。該名字的著名使用者是梅里韋瑟·劉易斯 (1774-1809)，他與威廉·克拉克一起探索了北美西部。,,,,,,
女,Merla,,,英語（罕見）,Merle 的變體。,,,,,,
男女,Merle,,,英語，愛沙尼亞語,源自英語單字 merle 或法語姓氏 Merle，兩者皆意為「黑鳥」（源自拉丁文 merula）。亨利‧詹姆斯的小說《貴婦畫像》(1880) 中狡猾的人物梅爾夫人（其實是她的姓）就使用了這個名字。這個名字在愛沙尼亞女孩中也很常見，但與英語名字的連結尚不確定。,,,,,,
女,Merletta,,,英語（罕見）,Merle 的暱稱。,,,,,,
男,Merlin,,,英語，亞瑟王傳奇,蒙茅斯的傑弗裡在其12世紀編年史中使用的威爾士名字 Myrddin 的形式。他用拉丁語寫作，很可能是為了避免與法語 merde（意為「排泄物」）產生聯繫而選擇了 Merlinus 而不是 Merdinus。傑弗裡的梅林角色部分取材自居住在喀裡多尼亞森林的傳奇瘋子兼先知 Myrddin Wyllt。他生平的其他部分則取材自歷史上5世紀羅馬-不列顛軍事領袖 Ambrosius Aurelianus（又稱 Emrys Wledig）。在傑弗裡的版本和後來的增補中，Merlin 是亞瑟王的魔法師和顧問。,,,,,,
男女,Merlyn,,,英語,Merlin 的變體，有時用作女性形式。它可能受到了威爾斯語單字 merlyn（意為「小馬」）的影響。,,,,,,
男,Merrick,,,英語（現代）,源自威爾斯姓氏，原源自於名字 Meurig。,,,,,,
男,Merrill,,,英語,源自英語姓氏，原源自於名字 Muriel 或意為「宜人的小山」的地名。,,,,,,
女,Merrilyn,,,英語（罕見）,Marilyn 的變體。,,,,,,
女,Merrion,,,英語（罕見）,Marion 的變體。,,,,,,
男女,Merritt,,,英語,源自英語單字 merry，最終源自於古英語 myrige。這個名字出現在查爾斯狄更斯的小說《馬丁朱澤爾維特》（1844 年）中，是 Mercy 的縮寫。,,,,,,
女,Merry (1),,,英語,源自英語單字 merry，最終源自於古英語 myrige。該名字出現在查爾斯狄更斯的小說《馬丁朱澤爾維特》（1844 年）中，是 Mercy 的縮寫。,,,,,,
男,Merton,,,英語,源自姓氏，姓氏源自古英語中意為「湖畔小鎮」的地名。,,,,,,
男,Merv,,,英語,Mervyn 的縮寫。,,,,,,
男,Mervin,,,英語,Mervyn 或 Marvin 的變體。,,,,,,
男,Mervyn,,,威爾斯語、英語,Merfyn 的威爾斯語變體，以及通常的英語化形式。,,,,,,
女,Meryl,,,英語,"Muriel 的變體。美國女演員梅莉史翠普（1949-）是這個名字的著名使用者，其真名為瑪麗路易絲史翠普。
彌賽亞 m 神學，英語（現代）
源自英語，意為“救世主”，最終源自希伯來文 מָשִׁיחַ (mashiyaḥ)，意為“受膏者”。這個字出現在《舊約》中，指猶太民族未來的君王。在《新約》中，它被翻譯為“基督”，並用作耶穌的頭銜。",,,,,,
女,Mia,,,瑞典語、挪威語、丹麥語、荷蘭語、德語、義大利語、斯洛維尼亞語、克羅埃西亞語、英語,Maria 的暱稱。與義大利文 mia（意為「我的」）諧音。這個名字在 20 世紀 70 年代的瑞典和丹麥很常見 [1]。 1990 年代，它在英語世界中逐漸流行，並在 2009 年進入美國女孩常用名前十名。當時，它在許多其他國家也很受歡迎。著名的彌迦（Mica）包括美國女演員米婭·法羅（Mia Farrow，1945-）和美國足球運動員米婭·哈姆（Mia Hamm，1972-），她們的本名分別是瑪麗亞（Maria）和瑪麗爾（Mariel）。,,,,,,
女,Mica,,,英語,Michael 的縮寫。,,,,,,
男,Micah,,,聖經,Micaiah）的縮寫。彌迦是舊約十二小先知之一。他撰寫了《彌迦書》，該書交替預言毀滅和復興。這也是《士師記》中另一個人的名字，他是一位偶像守護者。宗教改革後，清教徒偶爾會用它作為英語名字，但直到20世紀末才變得普遍。,,,,,,
男,Michael,,,英語、德語、丹麥語、瑞典語、挪威語、荷蘭語、捷克語、希伯來語、聖經拉丁語、聖經希臘語,麥可源自希伯來名稱 מִיכָאֵל (Miḵaʾel)，意為“誰能像上帝？”，源於疑問代名詞 מִי (mi) 與 ךְּ (ke)（意為“像”）和 אֵל (ʾel)（意為“像”）的組合。這是一個反問句，暗示沒有人能像上帝。麥可是希伯來傳統中的大天使之一，也是聖經中唯一被認定為大天使的天使。在舊約聖經《但以理書》中，他被稱為以色列的保護者（參考但以理書 12:1）。在新約聖經《啟示錄》中，他被描繪成與撒旦戰鬥的天軍領袖，因此在基督教中被認為是士兵的守護神。由於這位聖人的聲望，九位拜占庭皇帝都曾使用過這個名字，其中包括13世紀重建帝國的米海爾八世·巴列奧略。自中世紀以來，這個名字在西歐很常見，自12世紀以來在英國也很常見。俄羅斯（拼寫為Михаил）、羅馬尼亞（拼寫為Mihai）、波蘭（拼寫為Michał）和葡萄牙（拼寫為Miguel）的統治者都曾使用過這個名字（各種拼寫）。在美國，這個名字從1930年代開始迅速流行，並最終在1954年至1998年期間成為最受歡迎的男性名字。然而，在英國，這個名字並不那麼普遍，從未佔據榜首。使用此名字的名人包括英國化學家/物理學家邁克爾法拉第（1791-1867）、美國音樂家邁克爾傑克遜（1958-2009）、美國籃球運動員邁克爾喬丹（1963-）、德國賽車手邁克爾舒馬赫（1969-）和美國游泳運動員邁克爾菲爾普斯（1985-）。,,,,,,
女,Michaela,,,德語、瑞典語、英語、捷克語、斯洛伐克語、希臘語、希伯來語,Michael 的女性形式。,,,,,,
女,Michayla,,,英語（罕見）,Michaela 的變體。,,,,,,
男,Micheal,,,英語,Michael 的變體。,,,,,,
女,Michele (2),,,英語,Michelle 的變體。,,,,,,
女,Michelle,,,法語、英語、荷蘭語,Michelle 的法文女性形式。自20世紀中葉以來，它在英語世界中很常見。美國前第一夫人米歇爾·歐巴馬（1964-）是一位著名的使用此名字的人。,,,,,,
女,Michelyne,,,英語（罕見）,Michelle 的暱稱。,,,,,,
男,Mick,,,英語、荷蘭語,Michael 的縮寫。這個名字已成為愛爾蘭人的俚語。,,,,,,
男女,Mickey,,,英語,Michael 的暱稱或陰性形式。這是華特迪士尼為 Ub Iwerks 的卡通人物米老鼠（1928 年首次亮相）取的名字，在發展過程中，米老鼠被稱為 Mortimer Mouse。另一個著名的使用這個名字的人是美國棒球運動員 Mickey Mantle（1931-1995）。,,,,,,
男,Micky,,,英語,Michael 的暱稱。,,,,,,
女,Midge,,,英語（罕見）,Madge 的變體。,,,,,,
女,Mikaela,,,瑞典語、芬蘭語、英語（現代）,Mikael 的瑞典語和芬蘭語陰性形式，以及 Michaela 的英語變體。一個著名的使用這個名字的人是美國高山滑雪運動員 Mikaela Shiffrin（1995-）。,,,,,,
女,Mikayla,,,英語（現代）,Michaela 的變體。,,,,,,
男,Mike,,,英語,Michael 的縮寫。,,,,,,
男,Mikey,,,英語,Michael 的暱稱。,,,,,,
女,Mikhaila,,,英語（罕見）,Michaela 的變體，可能受 Mikhail 拼字的影響。,,,,,,
女,Mikki,,,英語,Mickey 的嚴格女性化變體。,,,,,,
女,Milani,,,英語（現代）,源自義大利城市米蘭的名稱，例如 2002 年成立的美國化妝品公司的名稱。它也可能是 Melanie 的變體。,,,,,,
男,Milburn,,,英語,源自於一個英語姓氏，該姓氏源自於一個地名，在古英語中意為「磨坊溪流」。,,,,,,
女,Mildred,,,英語,源自古英語名字 Mildþryð，意為“溫柔的力量”，源自於“milde”（溫柔）和“þryþ”（力量）兩個字根。聖米爾德麗德是一位公元 7 世紀的女修道院院長，是肯特郡公主聖埃爾門堡加的女兒。諾曼征服後，這個名字變得稀有，但在 19 世紀又重新流行起來。,,,,,,
男,Miles,,,英語,源自日耳曼語名 Milo，諾曼人以 Miles 的形式引入英格蘭。其意義尚不清楚。它可能與斯拉夫語名元素 milŭ（意為「親切的，親愛的」）有關。從早期開始，它就與拉丁語中意為「士兵」的 miles 聯繫在一起。一位著名的 Miles 用戶是美國音樂家 Miles Davis（1926-1991）。在蘇格蘭，這個名字曾被用來將 Maoilios 一詞英語化。,,,,,,
女,Miley,,,英語（現代）,就演員兼歌手麥莉·賽勒斯（1992-）而言，它是暱稱 Smiley 的縮寫，Smiley 是她父親因為她經常微笑而給她起的。雖然在她讓公眾知道這個名字之前，它並不常見，但在她之前也有一些使用的例子，很可能是作為 Miles 的暱稱。,,,,,,
男,Milford,,,英語,源自於一個英語姓氏，該姓氏最初源自於各種地名，在古英語中意為「磨坊旁的福特」。,,,,,,
男,Millard,,,英語,源自於一個職業英語姓氏，在古英語中意為「磨坊的守護者」。,,,,,,
男女,Miller,,,英語,源自英語職業姓氏 Miller，最初由磨坊主使用，源自中世紀英語 mille“磨坊”。,,,,,,
女,Millicent,,,英語,"Millicent f 英語
源自哥德式名字 *Amalaswinþa，由 amals「不停歇、精力充沛、勇敢」和 swinþs「強壯」組成。阿瑪拉斯溫莎（Amalaswintha）是公元6世紀東哥德人的女王。諾曼人將這個名字以梅麗森特（Melisent）或梅麗森德（Melisende）的形式引入英國。梅麗森德是西元12世紀耶路撒冷的女王，鮑德溫二世之女。",,,,,,
女,Millie,,,英語,Mildred、Millicent 及其他同音名字的暱稱。,,,,,,
女,Milly,,,瑞典語、挪威語、英語,艾蜜莉（Emilie）、米爾德麗德（Mildred）及其他同音名字的暱稱。,,,,,,
男,Milo,,,英語、日耳曼語,"米洛（Milo）1 m 英語、日耳曼語
邁爾斯（Miles）的古德語形式及其拉丁化形式。該形式在19世紀作為英語名字復興。或許，原本無關的古典名字米洛（Milo）2 也至少在某種程度上促成了這一復興。",,,,,,
男,Milton,,,英語、西班牙文（拉丁美洲）,源自於一個英語姓氏，該姓氏源自於一個在古英語中意為「磨坊鎮」的地名。約翰·彌爾頓（1608-1674）是該姓氏的著名持有者，他是《失樂園》的作者。,,,,,,
女,Mimi,,,英語,瑪麗亞（Maria）和其他以M開頭名字的暱稱。,,,,,,
女,Mina (1),,,英語、荷蘭語,威廉敏娜（Wilhelmina）和其他以mina結尾名字的縮寫。這是布拉姆·史托克的小說《德古拉》（1897年）中一個角色的名字。,,,,,,
女,Mindy,,,英語,梅琳達（Melinda）的暱稱。,,,,,,
女,Minerva,,,羅馬神話、英語、西班牙語,可能源自拉丁語mens，意為“智慧”，但更有可能源自伊特魯裡亞語。 Minerva是羅馬智慧與戰爭女神，與希臘女神雅典娜大致相同。自文藝復興以來，它在英語世界中一直被用作名字。,,,,,,
女,Minnie,,,英語,威廉敏娜（Wilhelmina）的暱稱。華特迪士尼曾用這個名字來命名1928年推出的卡通人物米妮老鼠。,,,,,,
女,Minta,,,英語,Araminta 的縮寫。,,,,,,
女,Minty,,,英語（罕見）,Araminta 的暱稱。,,,,,,
女,Mirabelle,,,法語（罕見），英語（罕見）,源自拉丁文 mirabilis，意為「奇妙」。這個名字誕生於中世紀，但最終卻消失。在19世紀曾短暫復興。,,,,,,
女,Miracle,,,英語（現代）,源自英語單字“miracles”，意為非凡事件，最終源自於拉丁語 miraculum，意為“奇蹟”。,,,,,,
女,Miranda,,,英語，荷蘭語,源自拉丁語 mirandus，意為「令人欽佩的，值得欽佩的」。這個名字由莎士比亞為其戲劇《暴風雨》（1611年）中的女主角所創，講述了米蘭達和她的父親普洛斯彼羅被困在孤島上的故事。直到20世紀，它才成為一個常見的英語名字。這也是天王星的一顆衛星的名字，以莎士比亞筆下的人物命名。,,,,,,
女,Miriam,,,希伯來語、英語、德語、瑞典語、挪威語、丹麥語、義大利語、葡萄牙語、捷克語、斯洛伐克語、波蘭語、聖經,舊約中所使用的 Mary 形式，指的是摩西和亞倫的姊姊。她守護著嬰兒摩西，直到法老的女兒將他從尼羅河中拉出來。這個名字在猶太人中一直很流行，自新教改革以來，它一直被用作英語基督教名字（與 Mary 並列）。,,,,,,
女,Missie,,,英語,Melissa 的暱稱。,,,,,,
女,Missy,,,英語,Melissa 的暱稱。這也是一個俚語，意思是「年輕女子」。,,,,,,
女,Misti,,,英語,Misty 的變體。,,,,,,
女,Misty,,,英語,源自英語單字 misty，最終源自於古英語。埃羅爾·加納 (Erroll Garner) 的爵士歌曲《Misty》(1954) 可能有助於這個名字的流行。,,,,,,
男,Mitch,,,英語,Mitchell 的縮寫。,,,,,,
男,Mitchell,,,英語,源自於一個英語姓氏，姓氏本身源自於名字 Michael，或在某些情況下源自於中世紀英語 michel，意為「大的，大型的」。,,,,,,
女男,Mo,,,英語,Maureen、Maurice、Morris 以及其他發音相似的姓氏的縮寫。,,,,,,
女,Modesty,,,英語（罕見）,源自英語單字 modesty，最終源自於拉丁文 modestus（意為「溫和的」），是 modus（意為「衡量」）的衍生字。,,,,,,
男,Moe (1),,,英語,Maurice 或 Morris 的縮寫，有時也指其他發音相似的姓氏。,,,,,,
女,Moira,,,愛爾蘭語、蘇格蘭語、英語,Máire 的英語化形式。它也與希臘語 Μοῖρα (Moira) 重合，意為“命運，宿命”，是希臘語中命運三女神 Μοῖραι 的單數形式。她們是希臘神話中命運的三位女性化身。,,,,,,
女,Millie,,,英語,Molly 的變體。,,,,,,
女,Molly,,,英語,中世紀瑪莉的暱稱，現常獨立使用。它是由中世紀的暱稱 Malle 和 Molle 發展而來。詹姆斯喬伊斯在其小說《尤利西斯》（1922 年）中使用了這個名字，主角的妻子 Molly Bloom 也使用了這個詞。,,,,,,
女,Mona (1),,,愛爾蘭語、英語,Muadhnait 的英語化形式。它也與希臘語 monos（意為“一”）以及列奧納多·達·芬奇的畫作《蒙娜麗莎》（在這種情況下，它是意大利語 ma donna（意為“我的夫人”）的縮寫）有關。,,,,,,
男女, Monday,,,英語（非洲）,源自英語中表示星期幾的單字，該詞源自古英語 mona（意為「月亮」）和 dæg（意為「天」）。可以給星期一出生的孩子取這個名字，尤其是在奈及利亞。,,,,,,
女,Monica,,,英語、義大利語、羅馬尼亞語、瑞典語、挪威語、丹麥語、荷蘭語、芬蘭語、晚期羅馬語,意義不明，很可能源自柏柏爾語或腓尼基語。在公元4世紀，這個名字由一位北非聖人所起，她是希波聖奧古斯丁的母親，她使聖奧古斯丁皈依了基督教。自中世紀以來，它一直與拉丁語 moneo（意為“顧問”）和希臘語 μονός (monos)（意為“一，單一”）聯繫在一起。作為一個英語名，Monica 自 18 世紀以來就廣為使用。在美國，它在 20 世紀 70 年代達到頂峰，此後逐漸衰落。南斯拉夫網球運動員莫妮卡·塞萊斯（1973-）是該名字的著名使用者。,,,,,,
女,Monique,,,法語、英語、荷蘭語,Monica 的法語形式。,,,,,,
女,Monna,,,英語,Mona 1 的變體。,,,,,,
男女,Monroe,,,英語,源自蘇格蘭姓氏，意為「來自羅河口」。羅河是北愛爾蘭的一條河。這個姓氏的兩位著名使用者是美國總統詹姆斯·門羅（1758-1831）和美國女演員瑪麗蓮·夢露（1926-1962）。作為名字，它在 2009 年左右之前在美國大多為男性名字。當歌手瑪麗亞凱莉給她 2011 年出生的女兒取了這個名字時，它在女孩中的受歡迎程度已經上升（儘管這可能加速了它的流行）。,,,,,,
男,Montague,,,英語（罕見）,源自一個貴族英語姓氏，意為“陡峭的山峰”，源自古法語 mont agu。在莎士比亞的悲劇《羅密歐與茱麗葉》（1596年）中，這是羅密歐及其家人的姓氏。,,,,,,
男,Montana,,,英語（現代）,源自美國蒙大拿州的名稱，該州源自拉丁語 montanus（意為“多山的”）。,,,,,,
男,Monte,,,英語，亞美尼亞語,可能是 Montgomery 的縮寫，也可能源自西班牙語或義大利語詞彙，意為「山」。其作為亞美尼亞語名字的靈感來自亞美尼亞裔美國革命家蒙特·梅爾科尼安（1957-1993）。,,,,,,
男,Montgomery,,,英語,源自於一個英語姓氏，在諾曼法語中意為“古馬里奇的山”。該姓氏的一位著名傳承者是伯納德·蒙哥馬利（1887-1976），他是二戰期間的一位英國陸軍指揮官。,,,,,,
男,Monty,,,英語,Monte 的變體。,,,,,,
女男,Moon,,,英語（罕見），韓國,源自英語中地球天然衛星的單詞，最終源自於古英語 mona。,,,,,,
女,Mora,,,英語（罕見）,Maura 2 的變體。,,,,,,
女,Moreen,,,愛爾蘭語、英語,Móirín 的英語化形式。有時也用作 Maureen 的變體。,,,,,,
男女,Morgan (1),,,威爾斯語、英語、法語,源自古威爾斯語男性名 Morcant，可能源自威爾斯語 mor（意為「海」）和 cant（意為「圓圈」）。自 20 世紀 80 年代以來，在美國，Morgan 在女孩中比男孩中更常見，這可能是因為摩根勒菲 (Morgan le Fay) 的故事或女演員摩根費爾柴爾德 (Morgan Fairchild，1950-) 的名聲。,,,,,,
女,Morgana,,,英語（罕見）,Morgan 1 的陰性形式。,,,,,,
女,Moriah,,,英語（現代）,源自希伯來文 מֹרִיָה (Moriya)，可能意為「被耶和華看見」。這是《舊約》中的一個地名，既指亞伯拉罕獻祭以撒的土地，也指所羅門建造聖殿的山。它們可能是同一個地方。自 20 世紀 80 年代以來，它在美國偶爾被用作陰性名字。,,,,,,
男,Morley,,,英語（罕見）,源自一個姓氏，該姓氏最初源自於一個古英語地名，意為「沼澤空地」。,,,,,,
男,Morris,,,英語，中世紀英語,Maurice 的常用中世紀形式。,,,,,,
男,Mort,,,英語,Morton 或 Mortimer 的縮寫。,,,,,,
男,Mortimer,,,英語,源自於一個英語姓氏，該姓氏源自於諾曼第的一個城鎮名，該城鎮名在古法語中意為「死水，靜水」。,,,,,,
男,Morton,,,英語,源自於一個英語姓氏，該姓氏最初源自於古英語中意為「荒原小鎮」的地名。,,,,,,
男,Morty,,,英語,Morton 或 Mortimer 的縮寫。,,,,,,
男,Moses,,,英語、猶太語、聖經語、聖經拉丁語,源自希伯來文名字 מֹשֶׁה (Moshe)，這個名字很可能源自於埃及語 mes，意為「兒子」。舊約中希伯來文 מָשָׁה (masha) 中「抽出」的意思可能是虛構的字源（參考出埃及記 2:10）。 ... [更多],,,,,,
男,Moss,,,英語（古語）、猶太語,Moses 的中世紀形式。,,,,,,
女,Mozelle,,,英語,可能是 Moses 的女性形式。,,,,,,
男,Munro,,,英語（罕見）,源自 Monroe 的一個變體姓氏。,,,,,,
男女,Munroe,,,英語（罕見）,源自 Monroe 的一個變體姓氏。,,,,,,
女,Muriel,,,英語、法語、愛爾蘭語、蘇格蘭語、中世紀布列塔尼語（英語化）,愛爾蘭語 Muirgel 和蘇格蘭語 Muireall 的英語化形式。這個姓氏的一種形式在布列塔尼也曾使用，諾曼征服後，布列塔尼定居者首次將其引入中世紀的英格蘭。在現代，該姓氏因黛娜·克雷克的小說《紳士約翰·哈利法克斯》（1856 年）中的一個角色而廣為人知。,,,,,,
男女,Murphy,,,英語,源自愛爾蘭常見姓氏，愛爾蘭蓋爾語 Ó Murchadha 的英語化形式，該詞本身源自於名字 Murchadh。作為一個名字，它出現在美國電視劇《墨菲·布朗》（1988-1998）和電影《星際效應》（2014）中的女性角色中。,,,,,,
男,Murray,,,蘇格蘭語，英語,源自於一個姓氏，該姓氏起源於蘇格蘭或愛爾蘭（參見 Murray 1 和 Murray 2）。,,,,,,
女,Mya,,,英語（現代）,Maya 2 的變體。,,,,,,
女,Myla,,,英語（現代）,可能是 Miles 的女性化形式，受 Kyla 等發音相似的名字的影響。,,,,,,
女,Mylah,,,英語（現代）,Myla 的變體。,,,,,,
男,Myles (1),,,英語,Miles 的變體。,,,,,,
女,Myra,,,英語,由 17 世紀詩人 Fulke Greville 創作。他可能以拉丁語 myrra（意為“沒藥”）（一種從樹中提取的芳香樹脂）為基礎。或者，他可能只是簡單地重新排列了 Mary 這個名字的字母。雖然字源上無關，但這也是安那托利亞一座古城的名字。,,,,,,
女,Myranda,,,英語（現代）,Miranda 的變體。,,,,,,
女,Myrna,,,英語,Muirne 的英語化形式。由於女演員 Myrna Loy（1905-1993）的名聲，這個名字在 1920 世紀 30 年代在美國迅速流行起來。,,,,,,
男,Myron,,,英語、烏克蘭語、古希臘語,源自希臘文 μύρον (myron)，意為「甜油、香水」。 Myron 是一位公元前 5 世紀希臘雕塑家的名字。擁有此名的聖徒包括一位公元3世紀的克里特島主教和一位公元4世紀來自庫齊庫斯的殉道者，後者被暴徒殺害。這些聖徒在東方教會中受到更廣泛的尊崇，而此名在東方基督徒中也更為常見。作為英語名，它自19世紀以來一直被使用。,,,,,,
女,Myrtie,,,英語,Myrtle 的縮寫。,,,,,,
女,Myrtle,,,英語,源自英語單字 myrtle，意為常綠灌木，最終源自希臘文 μύρτος (myrtos)。它在19世紀首次被用作名字，同時，許多其他植物和花卉的名稱也被創造出來。,,,,,,
女,Mysie,,,英語（罕見）,Maisie 的變體。,,,,,,
N,,,,,,,,,,,
女,Nadia (1),,,法語、義大利語、西班牙語、波蘭語、英語、俄語、保加利亞語、烏克蘭語,Nadya 1 的變體，在西歐使用，也是斯拉夫語名字的另一種音譯形式。它於19世紀在法國開始使用。羅馬尼亞體操運動員納迪亞·科默內奇（Nadia Comăneci，1961-）的出現使這個名字更加流行。,,,,,,
女,Nadine,,,法語、德語、英語、荷蘭語,Nadia 1 的法文暱稱。,,,,,,
女,Nan,,,英語,最初是 Ann 的暱稱。它可能源自於表達愛意的短語「我的安」（Mine Ann），後來被重新解釋為「我的奶奶」（My Nan）。現在也用作 Nancy 的縮寫。,,,,,,
女,Nance,,,英語,Nancy 的縮寫。,,,,,,
女,Nancy,,,英語,以前是 Annis 的中世紀暱稱，但自18世紀以來一直是 Ann 的暱稱。現在通常將其視為一個獨立的名字。在20世紀，它在美國非常流行。法國洛林地區的一座城市也以這個名字命名，儘管它源自於不同的來源。,,,,,,
女,Nanette,,,英語,Anne 1 的暱稱。,,,,,,
女,Nannie,,,英語,Anne 1 的暱稱。,,,,,,
女,Nanny,,,英語,Anne 1 的暱稱。,,,,,,
女,Naomi (1),,,英語、希伯來語、聖經,源自希伯來文名字 נָעֳמִי (Naʿomi)，意為“我的愉悅”，源自於 נָעַם (naʿam)，意為“愉悅”。在《舊約》中，這是路得婆婆的名字。在丈夫和兒子過世後，她帶著路得回到了伯利恆。在那裡，她因自己的不幸而宣布改名為瑪拉（Mara）（參考路得記 1:20）。儘管Naomi長期以來作為猶太名字很常見，但直到宗教改革後，它才被廣泛用作英語基督教名字。英國模特兒娜歐蜜坎貝爾（Naomi Campbell，1970-）就是一個著名的例子。,,,,,,
男,Napier,,,英語（罕見）,源自英語和蘇格蘭姓氏，在中世紀英語中意為“亞麻布保管人”，源自古法語 nappe（桌布）。,,,,,,
男,Napoleon,,,歷史，英語,源自古義大利語名 Napoleone，最廣為人知的是出生於科西嘉島的法國皇帝拿破崙·波拿巴（1769-1821）。其詞源尚不確定，但可能源自古德語“Nibelungen”，意為“霧之子”，在日耳曼傳說中，Nibelungen 指的是寶藏的守護者，通常與勃艮第人有關。也可能與義大利城市那不勒斯（Naples）的名稱有關。,,,,,,
女,Narelle,,,英語（澳洲）,含義不明。它是由 Umbarra 的妻子所生，Umbarra 是 19 世紀澳洲原住民 Yuin 族的領袖。,,,,,,
男,Nash,,,英語（現代）,源自於一個英語姓氏，該姓氏源自中世紀英語短語 atten ash（意為“在梣樹旁”）。數學家約翰·納許（1928-2015）是該姓氏的著名傳承人。作為男孩的名字，它在1990年代中期隨著美國電視劇《納許橋》的首播而逐漸流行起來。 2005年，隨著肥皂劇《一生一世》中一個同名角色的出現，它的曝光度進一步提升。,,,,,,
男女,Nat,,,英語,Nathan、Nathaniel、Natalie 以及其他以 Nat 開頭的名字的縮寫。,,,,,,
女,Natalee,,,英語（現代）,Natalie 的變體。,,,,,,
女,Natalia,,,波蘭語、義大利語、西班牙語、羅馬尼亞語、英語、德語、荷蘭語、挪威語、丹麥語、瑞典語、希臘語、格魯吉亞語、俄語、烏克蘭語、保加利亞語、晚期羅馬語,Natalia 的拉丁化形式（參見 Natalie）。,,,,,,
女,Natalie,,,英語、德語、荷蘭語、瑞典語、丹麥語、挪威語,源自晚期拉丁文語名 Natalia，意為“聖誕節”，源自拉丁文 natale domini。這是公元 4 世紀殉道者聖·阿德里安·尼科米底亞的妻子的名字。她在東正教中被尊為聖人，傳統上，這個名字在東方基督教徒中比在西方基督教徒中更常見。這個名字因女演員娜塔莉·伍德 (1938-1981) 而在美國流行，她的父母是俄羅斯移民。,,,,,,
女,Natasha,,,俄語、白俄羅斯語、英語,Natalya 的俄語暱稱。這是列夫·托爾斯泰小說《戰爭與和平》(1865) 中一個角色的名字。該名字自 20 世紀起才在英語世界中使用。,,,,,,
男,Nate,,,英語,Nathan 或 Nathaniel 的縮寫。,,,,,,
男,Nathan,,,英語、法語、希伯來語、聖經、聖經拉丁語、聖經希臘語,源自希伯來文 נָתָן (Naṯan)，意為「祂賜予」。在《舊約》中，這是大衛王統治時期先知的名字。他因大衛與拔示巴的通姦以及赫人烏利亞的死而斥責大衛。後來，他推舉所羅門為大衛的繼承人。這也是大衛與拔示巴所生的一個兒子的名字。自新教改革以來，它一直被用作英語世界的基督徒名字。其中一位著名的使用者是 Nathan Hale (1755-1776)，他是一位在美國獨立戰爭期間被英國處決的美國間諜。,,,,,,
男,Nathaniel,,,英語、聖經,Nathanael 的變體。自新教改革以來，它在英語世界中被廣泛使用。儘管在大多數新約版本中都使用 Nathanael 的拼寫，但這仍然是最受歡迎的拼寫。美國作家納撒尼爾‧霍桑（1804-1864），《紅字》的作者，就是這個名字的著名使用者。,,,,,,
女,Natille,,,英語（罕見）,Natalie 的變體。,,,,,,
女男,Navy,,,英語（現代）,源自英語，意為「海軍、艦隊、海上武裝力量」。它源自於古法語 navie，源自拉丁文 navigia，是 navigium（船、船）的複數形式。它也指一種深藍色，這種顏色傳統上與海軍制服有關。,,,,,,
男,Neal,,,英語,Neil 的變體。,,,,,,
男,Ned,,,英語,Edward 或 Edmund 的暱稱。它自 14 世紀以來一直使用，可能源自於中世紀表達愛意的短語 mine Ed，後來被重新解釋為 my Ned。,,,,,,
男女,Neely,,,英語（罕見）,源自蘇格蘭姓氏，是蓋爾語 Mac an Fhilidh（或 McNeilly）的英語化和簡化形式，意為「詩人之子」。,,,,,,
男,Neil,,,愛爾蘭語、蘇格蘭語、英語,源自愛爾蘭語名 Niall，該名稱起源頗具爭議，可能與古凱爾特語詞根 *nītu-“憤怒、激情”或（可能相關的）古愛爾蘭語詞 nia“英雄”有關。也有人認為該名稱源自古愛爾蘭語 nél「雲」。這是幾位早期愛爾蘭國王的名字，尤其是九人質尼爾（Niall of the Nine Hostages），他是4世紀或5世紀一位半傳奇的至高君主。中世紀早期，這個名字被愛爾蘭的挪威劫掠者和定居者採用，形式為 Njáll。挪威人將其傳到了英格蘭和蘇格蘭，並帶回了斯堪的納維亞半島。諾曼人也使用這個名字，他們起源於斯堪的納維亞。這個名字的著名使用者是美國太空人尼爾阿姆斯壯（1930-2012），他是第一個登上月球的人。,,,,,,
女,Nelda,,,英語,可能是使用流行語音字尾「da」對「Nell」的進一步演繹。,,,,,,
女,Nell,,,英語,中世紀以El開頭的姓名的暱稱，例如埃莉諾 (Eleanor)、艾倫 (Ellen) 或海倫 (Helen)。它可能源自於中世紀表達愛意的短語“我的埃爾 (Mine El)”，後來被重新解釋為“我的內爾 (Nel)”。,,,,,,
女,Nelle,,,英語,Nell 的變體。,,,,,,
女,Nellie,,,英語、瑞典語,Nell 和其他包含「nel」的姓名的縮寫。,,,,,,
女,Nelly,,,英語、瑞典語、法語、德語,Nell 和其他包含「nel」的姓名的縮寫。,,,,,,
男,Nelson,,,英語、西班牙語,"源自於一個英語姓氏，意為「尼爾 (Neil) 之子」。它最初是為了紀念英國海軍上將霍雷肖·納爾遜 (Horatio Nelson, 1758-1805)。他最著名的戰役是特拉法加海戰，在這場戰役中他摧毀了法西聯合艦隊，但自己也陣亡了。另一位著名的納爾遜·曼德拉 (Nelson Mandela, 1918-2013) 也使用了這個名字。曼德拉的出生名是羅利赫拉赫拉 (Rolihlahla)；小時候，一位老師給他取了英語名「納爾遜 (Nelson)」。",,,,,,
女,Nena,,,英語,Nina 1 的變體，也與西班牙語單字 nena（意為「女嬰」）一致。,,,,,,
女,Ness (2),,,英語,Vanessa 的縮寫。,,,,,,
女,Nessa (1),,,英語,Vanessa 和其他以 nessa 結尾的名字的縮寫。,,,,,,
女,Netta (1),,,英語,以 netta 結尾的名字的縮寫。,,,,,,
女,Nettie,,,英語,以 nette 結尾的名字的縮寫，例如 Annette 或 Jeanette。,,,,,,
女,Neva,,,英語,Geneva 的縮寫。這也是俄羅斯一條河流的名字。,,,,,,
女男,Nevada,,,英語,源自美國內華達州的名稱，在西班牙語中意為「白雪皚皚」。,,,,,,
女,Nevaeh,,,英語（現代）,「天堂」一詞的倒寫。因搖滾樂團 P.O.D. 的音樂家 Sonny Sandoval 而流行。 2000年，他把這個名字傳給了女兒。在接下來的幾年裡，這個名字在美國的排名迅速攀升，在2010年達到了女孩中第25名的峰值。,,,,,,
男,Nevil,,,英語（罕見）,Neville的變體。,,,,,,
男,Neville,,,英語（英國）,源自於一個英語姓氏，該姓氏最初源自於諾曼法語中意為「新城鎮」的地名。作為名字，它主要在英國和澳大利亞使用。,,,,,,
男,Newt,,,英語,Newton的縮寫。,,,,,,
男,Newton,,,英語,源自一個姓氏，該姓氏最初源自於古英語中意為「新城鎮」的地名。該姓氏的著名傳承者是英國物理學家艾薩克·牛頓（1643-1727）。,,,,,,
女,Nia (3),,,英語，喬治亞語,Antonia、Sidonia和其他以nia結尾的名字的縮寫。,,,,,,
男,Nic,,,英語,,,,,,,
女,Nichola,,,英語（英國）,Nicholas 的女性形式（主要用於英國）。,,,,,,
男,Nicholas,,,英語,源自希臘文名 Νικόλαος (Nikolaos)，意為“人民的勝利”，源自希臘文 νίκη (nike)，意為“勝利”和 λαός (laos)，意為“人民”。聖尼古拉斯是一位公元4世紀的安納托利亞主教，據傳說，他拯救了一位窮人的女兒免於賣淫。他是兒童、水手和商人的守護神，也是希臘和俄羅斯的守護神。他也是聖誕老人（19世紀由荷蘭語 Sinterklaas 創造）的原型，聖誕老人是聖誕禮物的送達者。由於這位聖人的聲名顯赫，這個名字在基督教世界被廣泛使用。自12世紀以來，它在英格蘭很常見，但在新教改革後，它的流行度有所下降。這個名字曾由五位教宗和兩位俄羅斯沙皇使用。,,,,,,
女,Nichole,,,英語,Nicole 的變體。,,,,,,
男,Nick,,,英語,Nicholas 的縮寫。莎士比亞戲劇《仲夏夜之夢》（1595 年）中的喜劇人物 Nick Bottom 也使用過這個名字。,,,,,,
女,Nicki,,,英語,Nicole 的暱稱。,,,,,,
男,Nickolas,,,英語,Nicholas 的變體。,,,,,,
男女,Nicky,,,英語,Nicholas 或 Nicole 的暱稱。,,,,,,
女,Nicola,,,德語、英語,Nicholas 的陰性形式。在英語世界，這個名字在美國以外更為常見，而 Nicole 在美國更為常見。,,,,,,
女,Nicole,,,法語、英語、荷蘭語、德語,Nicholas 的法語陰性形式，自 20 世紀中葉以來在英語世界廣泛使用。一位著名的持有者是美籍澳洲女演員妮可·基德曼（1967-）。,,,,,,
男,Nigel,,,英語,源自 Nigellus，Neil 的中世紀拉丁化形式。它通常與拉丁語 niger（黑色）聯繫在一起。這個詞在 19 世紀復興，部分原因可能在於華特‧史考特的小說《奈傑爾的命運》（1822 年）。,,,,,,
男,Nik,,,英語、希臘語、斯洛維尼亞語,Nikolas、Nikolaos、Nikolaj 或 Nikola 1 的簡稱。,,,,,,
女,Niki (2),,,英語,Nicole 的暱稱。,,,,,,
女,Nikki,,,英語,Nicole 的暱稱。,,,,,,
女,Nikkole,,,英語（罕見）,Nicole 的變體。,,,,,,
男,Nikolas,,,希臘語、英語,Nikolaos（希臘語）或 Nicholas（英語）的變體。,,,,,,
女,Nikole,,,巴斯克語、英語,Nicole 的巴斯克語形式，以及英語變體。,,,,,,
男,Niles,,,英語,源自於一個英語姓氏，該姓氏源自於名字 Neil。,,,,,,
女,Nina (1),,,俄語、義大利語、英語、德語、法語、瑞典語、挪威語、丹麥語、芬蘭語、立陶宛語、荷蘭語、波蘭語、斯洛維尼亞語、捷克語、斯洛伐克語、克羅埃西亞語、塞爾維亞語、保加利亞語、烏克蘭語、白俄語,以“nina”結尾的姓名的縮寫，例如 Antonina 或 Giannina。該名字於19世紀從俄羅斯和義大利傳入西歐。該名字也與西班牙語單字 niña（意為“小女孩”）幾乎一致（單字發音與名字不同）。美國爵士音樂家妮娜·西蒙妮（1933-2003）是這個名字的著名使用者。,,,,,,
女,Nita (1),,,英語,Anita 1 和其他以“nita”結尾的姓名的縮寫。,,,,,,
男,Nixon,,,英語（現代）,源自於一個英語姓氏，意為“尼克的兒子”。美國總統理查德·尼克森（1913-1994）曾經使用過這個名字。,,,,,,
男,Noah (1),,,英語、德語、丹麥語、瑞典語、挪威語、荷蘭語（現代）、法語（現代）、聖經語,源自希伯來文名字 נֹחַ (Noaḥ)，意為“休息、休憩”，源自於字根 נוּחַ (nuaḥ)。根據《舊約》，諾亞建造了方舟，使他、他的家人以及各種動物得以在大洪水中倖存下來。洪水過後，他得到了上帝所賜的彩虹作為契約。他是閃、含、雅弗的父親。諾亞是一個英語基督教名字，自新教改革以來就一直被使用，在清教徒中很常見。在美國，它在19世紀和20世紀並不十分流行，但在1970年代開始逐漸流行。自1994年以來，這個名字迅速流行起來——當時演員諾亞·懷爾（Noah Wyle，1971-）開始出演電視劇《急診室的故事》（ER）。 2004年，電影《戀戀筆記本》（The Notebook）主角的加入進一步推動了它的流行，最終使它成為2013年至2016年間美國最受歡迎的男孩名字。同時，它在其他英語國家，以及德國、荷蘭、斯堪的納維亞半島和法國也被廣泛使用。美國字典編纂者諾亞·韋伯斯特（Noah Webster，1758-1843）是這個名字的著名傳承者。,,,,,,
男,Noble,,,英語,源自於一個英語姓氏，意為「高貴的，出身高貴的」。這個名字也可以直接指英語單字noble。,,,,,,
男女,Noel,,,英語,"Noël 或 Noëlle 的英語形式（很少）。它在20世紀中葉在英國、澳洲和紐西蘭相當流行。它有時像法語一樣使用分音符。英國音樂家諾埃爾·加拉格爾 (Noel Gallagher, 1967-) 是這個名字的著名使用者。",,,,,,
f,Noelene,,,英語（罕見）,Noel 的陰性暱稱。,,,,,,
f,Noelle,,,英語,Noëlle 的英語形式。,,,,,,
f,Nola,,,英語,意義不明，可能是 Noll 的陰性形式，靈感來自 Lola。該名字在澳洲和紐西蘭最為常見，尤其是在 20 世紀上半葉。,,,,,,
男,Nolan,,,英語、法語（現代）,"源自愛爾蘭姓氏 Ó Nualláin 的英語化形式，而 Ó Nualláin 本身源自於名字 Nuallán。棒球運動員諾蘭·瑞安 (Nolan Ryan, 1947-) 是該名字的著名使用者。自 20 世紀 70 年代以來，該名字的受歡迎程度穩步上升。",,,,,,
女,Nona (2),,,英語、古羅馬（罕見）,Nonus 的陰性形式。它也用於19世紀的英格蘭，直接源自拉丁語nonus（意為「第九」），傳統上用於指第九個出生的孩子。,,,,,,
女,Nonie,,,英語,Ione或Nora 1的暱稱。,,,,,,
女,Nora (1),,,英語、愛爾蘭語、瑞典語、挪威語、丹麥語、拉脫維亞語、德語、荷蘭語、義大利語、西班牙語,Honora或Eleanor的縮寫。亨利克·易卜生在其戲劇《玩偶之家》（1879年）中用它來指稱一個角色。,,,,,,
女,Norah (1),,,英語、愛爾蘭語,Nora 1的變體。,,,,,,
男,Norbert,,,德語、英語、荷蘭語、法語、匈牙利語、波蘭語、斯洛伐克語、日耳曼語,源自古德語元素nord（意為「北方」）和beraht（意為「光明」）。這是一位11世紀德國聖徒的名字，他在教會內部進行了許多改革。,,,,,,
女,Noreen,,,愛爾蘭語、英語,Nóirín的英語化形式。,,,,,,
女,Norene,,,英語,Noreen 的變體。,,,,,,
男,Norm,,,英語,Norman 的縮寫。,,,,,,
女,Norma,,,英語、義大利語、文學,由 Felice Romani 為歌劇《諾瑪》（1831 年）中的主角創作。他可能以拉丁語“norma”（意為“規則”）為基礎。該名字也常用作 Norman 的女性形式。,,,,,,
男,Norman,,,英語、日耳曼語,"Norman m 英語、日耳曼語
源自古日耳曼語別名，意為“北方人”，指斯堪的納維亞人。諾曼人是定居在法國海岸，也就是後來被稱為諾曼第地區的維京人。在諾曼征服之前，英格蘭人使用 Norman 或 Normant 這個名字，最初是作為斯堪的納維亞定居者的暱稱，後來用作名字。諾曼征服之後，這個名字變得更加普遍，但在 14 世紀左右逐漸消失。它在19世紀再次流行起來，部分原因可能在於C. M. Yonge 1856年出版的小說《雛菊鏈》中出現了一個同名角色。該詞的著名使用者包括美國畫家諾曼·洛克威爾（1894-1978）和美國作家諾曼·梅勒（1923-2007）。",,,,,,
女,Normina,,,英語（罕見）,Norma 的精簡形式。,,,,,,
男,Norris,,,英語,源自英語姓氏，Norris 1 或 Norris 2。,,,,,,
男,Norton,,,英語,源自一個姓氏，該姓氏最初源自於古英語中意為「北鎮」的地名。,,,,,,
男,Norwood,,,英語,源自一個姓氏，該姓氏最初源自於一個地名，古英語意為「北方森林」。,,,,,,
女,Nova,,,英語、瑞典語（現代）、荷蘭語（現代）,源自拉丁文 novus，意為「新的」。它最早在 19 世紀用作名字。,,,,,,
女,Novalee,,,英語、法語（現代）,使用流行名稱後綴 lee 對 Nova 進行修飾。它曾用於小說《心之所在》（1995 年）以及 2000 年電影改編中的主角。,,,,,,
男,Nowell,,,英語（罕見）,源自姓氏 Nowell（Noel 的變體）。,,,,,,
女,Nyah,,,英語（現代）,意義不明，可能是 Nia 2 或 Nia 3 的變體。這個名字在電影《不可能的任務 2》（2000 年）中出現後，曾短暫進入美國流行榜。,,,,,,
女,Nydia,,,英語（罕見），西班牙語，文學,英國作家愛德華·布爾沃-利頓在其小說《龐貝的末日》（1834年）中用它來指稱一位盲花商。他可能源自拉丁文nidus「巢穴」。,,,,,,
女,Nyla,,,英語,可能是Niles的陰性形式。它在21世紀初開始流行，受到Kyla等發音相似的名字的影響。,,,,,,
女,Nylah,,,英語（現代）,Nyla的變體。,,,,,,
女,Nyree,,,英語（紐西蘭）,Ngaire的英​​語化形式。由紐西蘭女星妮瑞·道恩·波特（1936-2001）所用。,,,,,,
O,,,,,,,,,,,
女,Oaklee,,,英語（現代）,Oakley 的變體。,,,,,,
女,Oakleigh,,,英語（現代）,Oakley 的嚴格陰性變異。,,,,,,
男女,Oakley,,,英語,"源自於一個英語姓氏，該姓氏源自多個地名，在古英語中意為「橡樹空地」。該姓氏的著名使用者是美國神槍手安妮·奧克利 (Annie Oakley, 1860-1926)。",,,,,,
女,Oaklyn,,,英語（現代）,Oakley 的變體，使用了流行的名字後綴 lyn。,,,,,,
女,Oaklynn,,,英語（現代）,Oaklyn 的變體。,,,,,,
女男,Ocean,,,英語（現代）,源自英語單字 ocean，意為大片水域。它最終源自於希臘文 Ὠκεανός (Okeanos)，該字指被認為環繞地球的水域。,,,,,,
女,Octavia,,,英語、西班牙文、羅馬尼亞語、古羅馬語,Octavius 的陰性形式。奧克塔維亞（Octavia）是馬克·安東尼的妻子 ，也是羅馬皇帝奧古斯都的妹妹。在19世紀的英格蘭，人們有時會將這個名字賜給出生時排行第八的孩子。,,,,,,
女,October,,,英語（罕見）,源自十月的名稱。它源自於拉丁語octo，意為“八”，因為它最初是羅馬曆法中的第八個月。,,,,,,
女,Odelia (1),,,英語,Odilia 的形式。,,,,,,
男女,Odell,,,英語,源自於一個英語姓氏，該姓氏最初源自於一個地名，而地名本身又源自古英語wad（菘藍，一種產藍色染料的植物）和hyll（山丘）。,,,,,,
女,Odetta,,,英語（罕見）,Odette（奧黛特）的拉丁化形式。,,,,,,
女,Odette,,,法語、英語,法語中Oda或Odilia的縮寫。這是彼得·伊里奇·柴可夫斯基芭蕾舞劇《天鵝湖》（1877年）中化身為天鵝的一位公主的名字。,,,,,,
男,Odin,,,北歐神話，英語（現代）,古挪威語Óðinn的英語化形式，源自於óðr，意為「靈感、憤怒、狂熱」。它最終發展自原始日耳曼語*Wōdanaz。在《盎格魯-撒克遜編年史》中，奧丁的名字以 Woden 出現（例如，在《盎格魯-撒克遜編年史》中，他作為數個皇室世系的創始人），而在歐洲大陸，他的名字則以 Wuotan、Wotan 或 Wodan 等形式出現，但他最廣為人知的名字來自北歐神話。在北歐神話中，奧丁是眾神之王，掌管戰爭、智慧和死亡。他是弗麗嘉的丈夫，住在瓦爾哈拉神殿，戰士們陣亡後將前往那裡。他通常被描繪成獨眼的老人，肩上扛著兩隻渡鴉，渡鴉會向他通報世間萬物。在諸神黃昏（Ragnarök）——最終之戰——時，據說他將在與巨狼芬裡爾的戰鬥中戰死。,,,,,,
男,Ogden,,,英語（罕見）,此姓氏源自於一個地名，在古英語中意為「橡樹谷」。一位著名的奧丁姓氏是美國幽默詩人奧格登·納許（1902-1971）。,,,,,,
男,Oli,,,英語、德語,Oliver 的縮寫。,,,,,,
女,Olive,,,英語、法語,源自英語和法語中表示樹木種類的單詞，最終源自於拉丁語 oliva。,,,,,,
男,Oliver,,,英語、德語、瑞典語、挪威語、丹麥語、芬蘭語、愛沙尼亞語、加泰隆尼亞語、塞爾維亞語、克羅埃西亞語、馬其頓語、捷克語、斯洛伐克語、加洛林王朝循環,源自古法語 Olivier，可能源自拉丁語 oliva（橄欖樹）。也可能源自於一個日耳曼語名，例如古挪威語 Áleifr（參見 Olaf）或法蘭克語 Alawar（參見 Álvaro），拼字因與拉丁語詞義的關聯而有所改變。在中世紀，這個名字因法國史詩《羅蘭之歌》而為西歐人所知，在史詩中，Olivier 是英雄羅蘭的朋友和顧問。在中世紀的英格蘭，Oliver 是一個常見的姓氏，然而，由於內戰後統治英格蘭的軍事指揮官奧利弗·克倫威爾，Oliver 在 17 世紀後變得罕見。這個名字在 19 世紀再次流行起來，部分原因或許是查爾斯狄更斯的小說《霧都孤兒》（1838 年）中的主人公，該小說講述了一個流落倫敦街頭的窮苦孤兒的故事。 21 世紀初，Oliver 變得非常流行，2009 年在英格蘭和威爾斯的男孩中排名第一，2017 年在美國進入前十名。,,,,,,
女,Olivia,,,英語、義大利語、西班牙語、法語、德語、芬蘭語、瑞典語、挪威語、丹麥語、荷蘭語,威廉·莎士比亞在他的喜劇《第十二夜》（1602 年）中曾用這個名字的拼寫來稱呼一個角色。在莎士比亞時代，這是一個罕見的名字，可能源自於 Oliva 或 Oliver，也可能直接源自拉丁語 oliva，意為「橄欖」。在戲劇中，奧莉維亞是一位受到奧西諾公爵追求的貴婦。但她卻愛上了公爵的信差西薩裡奧，而此人其實是薇奧拉偽裝的。 Olivia 自 18 世紀以來就在英語世界中被使用，但直到 20 世紀下半葉才變得非常流行。它在 20 世紀 70 年代的流行可能受到了電視劇《沃爾頓一家》（1972-1982）[2] 中的角色或歌手奧利維亞·紐頓-約翰（1948-2022）的啟發。 1989 年，《考斯比一家》中的一個年輕角色使用了它，這很可能加速了它的傳播。到 2008 年，它在英格蘭和威爾斯排名第一，到 2019 年在美國排名第一。英裔美國女演員奧利維亞·德哈維蘭（1916-2020）是著名的使用者。,,,,,,
男女,Ollie,,,英語,Oliver、Olivia 或 Olive 的暱稱。,,,,,,
男,Olly,,,英語,Oliver 的暱稱。,,,,,,
女,Olyvia,,,英語（罕見）,Olivia 的變體。,,,,,,
男,Omar (1),,,阿拉伯語、波斯尼亞語、哈薩克語、馬來語、英語、西班牙語、義大利語,阿拉伯語 عمر（參見 Umar）的替代音標。這是 12 世紀詩人 Umar Khayyam 名字的常用英語拼寫。為了紀念他，英語世界有時會使用此名字，尤其是美國將軍 Omar Bradley（1893-1981）。,,,,,,
女,Oneida,,,英語,源自美洲原住民部落的名稱，可能意為「屹立的岩石」。,,,,,,
男女,Onyx,,,英語,源自英語中表示寶石（玉髓的一種）的單詞，顏色可以是黑色、紅色或其他顏色。它源自於希臘文 ὄνυξ（onyx），意為「爪子、釘子」。,,,,,,
女,Opal,,,英語,源自英語單字 opal，意為虹彩寶石，十月的誕生石。這個字最終源自 於梵文 उपल (upala)，意為「寶石」。,,,,,,
女,Opaline,,,英語（罕見）、法語（罕見）,Opal 的精緻形式。這也是一個英語和法語單詞，意為“類似蛋白石”。,,,,,,
女,Ophelia,,,英語、文學、古希臘語,源自希臘文 ὠφέλεια (opheleia)，意為「幫助、優勢」。這是一個 罕見的古希臘名字，後來被詩人雅各布·桑納扎羅重新發現或重新創造，用於其詩歌《阿卡迪亞》（1480 年）中的一個角色。莎士比亞在其戲劇《哈姆雷特》（1600 年）中藉用了它，該名字屬於波洛涅斯的女兒，也是哈姆雷特的潛在愛人。在哈姆雷特殺死她的父親後，她最終發瘋並投河自盡。儘管有這種負面聯想，這個名字自19世紀以來一直在使用。,,,,,,
女男,Ora,,,英語,可能源自拉丁文 oro（意為祈禱）。它最早於19世紀在美國使用。,,,,,,
男,Oral,,,英語,含義不明。這個名字由頗具影響力的美國福音傳道者奧拉爾·羅伯茨（1918-2009）所用，他的名字似乎是由他的表親命名的。,,,,,,
女,Oralee,,,英語（罕見）,可能是 Aurélie 的變體。,,,,,,
女,Oralie,,,英語（罕見）,,,,,,,
女,Orinda,,,英語（罕見）,,,,,,,
男,Ormond ,,,英語（罕見）,源自愛爾蘭姓氏，愛爾蘭蓋爾語 Ó Ruaidh 的英語化形式，源自於名字 Ruadh。,,,,,,
男,Ormaonde,,,英語（罕見）,Ormond 的變體。,,,,,,
女,Orpha,,,聖經希臘文、聖經拉丁文、英語,Orpah 的形式，用於希臘語和拉丁語《舊約》。,,,,,,
男,Orrell,,,英語（罕見）,源自姓氏，該姓氏源自古英語中意為「礦石山」的地名。,,,,,,
男,Orson,,,英語,源自諾曼人的暱稱，源自於諾曼法語 ors（熊）的縮寫，最終源 自於拉丁語 ursus。美國演員兼導演奧森威爾斯（1915-1985）是這個名字的   著名使用者。,,,,,,
男,Orval,,,英語,Orville 的變體。,,,,,,
男,Orville,,,英語,這個名字是由 18 世紀作家范妮·伯尼 (Fanny Burney) 發明的，她可能想用它在法語中表示“黃金之城”。奧維爾·萊特（1871-1948）與他的兄弟威爾伯共同發明了第一架成功的飛機。,,,,,,
男,Osbert,,,英語（罕見）,源自古英語元素os「神」和beorht「光明」。諾曼征服後，這個古英語名字與其諾曼同源詞合併。它在中世紀很少見，最終消亡。它在19世紀短暫地復興。,,,,,,
男,Osborn,,,英語,源自古英語元素os「神」和beorn「戰士，人」。在盎格魯撒克遜時期，英格蘭也使用挪威同源詞Ásbjǫrn，諾曼征服後，引入了諾曼同源詞Osbern。它在19世紀偶爾復興，部分源自於一個源自於名字的姓氏。,,,,,,
男,Osborne,,,英語,源自Osborn的變體姓氏。,,,,,,
男,Osbourne,,,英語（罕見）,源自Osborn的變體姓氏。,,,,,,
男,Oscar,,,英語、愛爾蘭語、葡萄牙語（巴西）、義大利語、瑞典語、挪威語、丹麥語、荷蘭語、法語、愛爾蘭神話,可能意為“鹿的朋友”，源自古愛爾蘭語oss（鹿）和carae（朋友）。也可能源自古英語名Osgar或其古挪威語同源詞Ásgeirr，後者可能是由維京入侵者和定居者帶到愛爾蘭的。在愛爾蘭傳說中，Oscar是詩人Oisín的兒子，也是英雄Fionn mac Cumhaill的孫子。 18世紀蘇格蘭詩人James Macpherson的作品使這個名字在歐洲大陸廣為流傳[1]。拿破崙非常欣賞麥克弗森，他建議將奧斯卡作為他教子的第二個中間名，這個教子最終成為瑞典國王，被稱為奧斯卡一世。其他著名的中間名使用者包括愛爾蘭作家和幽默作家奧斯卡王爾德（1854-1900）和巴西建築師奧斯卡尼邁耶（1907-2012）。,,,,,,
男,Osmond,,,英語（罕見）,源自古英語元素 os“神”和 mund“保護”。在盎格魯撒克遜時期，挪威語同源詞 Ásmundr 在英格蘭也使用，諾曼人則引入了另一個版本。聖奧斯蒙德 (Saint Osmund) 是一位 11 世紀的諾曼貴族，後來成為英格蘭的主教。雖然這個詞最終變得罕見，但在 19 世紀又重新流行起來，部分源於一個源自名字的姓氏。,,,,,,
男,Ossie,,,英語,Oscar、Oswald 和其他以 Os 開頭的名字的暱稱。,,,,,,
男,Oswald,,,英語、德語,源自古英語元素 os“神”和 weald“強大的，威武的”。聖奧斯瓦爾德是諾森布里亞的一位國王，他在 7 世紀將基督教引入英格蘭東北部，之後在戰爭中陣亡。在英格蘭，也有一個古挪威語同源詞 Ásvaldr，由十世紀伍斯特郡的聖奧斯瓦爾德（Oswald of Worcester）所用，他有丹麥血統。儘管這個名字在中世紀末期已經消亡，但在十九世紀又重新流行起來。,,,,,,
男,Oswin,,,英語（罕見）,源自古英語元素 os（意為「神」）和 wine（意為「朋友」）。聖奧斯溫是七世紀諾森布里亞的一位國王。諾曼征服後，這個名字使用較少，並在十四世紀後逐漸消亡。它在十九世紀曾短暫復興。,,,,,,
男,Otis,,,英語,源自於一個英語姓氏，該姓氏源自中世紀名字 Ode，Ode 是 Otto 的同源詞。在美國，它被用來紀念革命家詹姆斯·奧的斯（James Otis，1725-1783）。,,,,,,
男,Otto,,,德語、瑞典語、挪威語、丹麥語、荷蘭語、英語、芬蘭語、日耳曼語,Audo 的後德語形式，最初是各種名字的縮寫，以古法蘭克語 aud 或古高地德語 ot 開頭，意為“財富、好運”。這是9世紀西法蘭克國王的名字（通常拼寫為 Odo）。這也是四位德國國王的名字，從10世紀的第一位神聖羅馬帝國皇帝奧託一世開始，被稱為奧託大帝。班貝格的聖奧托是12世紀前往波美拉尼亞的傳教士。 19世紀的一位希臘國王也使用過這個名字，他來自巴伐利亞。另一位著名的使用者是德國宰相奧托·馮·俾斯麥（1815-1898）。,,,,,,
f,Ottoline,,,英語（罕見）,Ottilie 的暱稱。英國名媛奧托琳·莫雷爾夫人 (1873-1938) 是這個名字的著名持有者。,,,,,,
男,Owen (1),,,威爾斯語、英語,Owain 的英語化形式。,,,,,,
男,Oz (1),,,英語,Oswald、Osborn 及其他以類似發音開頭的名字的縮寫。,,,,,,
男,Ozzie,,,英語,Oswald、Osborn 及其他以類似發音開頭的名字的暱稱。,,,,,,
男,Ozzy,,,英語,Ozzie 的變體。,,,,,,
P,,,,,,,,,,,
男,Pace,,,英語（罕見）,源自於一個英語姓氏，該姓氏源自中世紀英語單字 pace，意為「和平」。,,,,,,
男女,Pacey,,,英語（罕見）,源自於一個英語姓氏，姓氏源自法國地名 Pacy，而 Pacy 本身又源自於意義不明的高盧人名。,,,,,,
男,Paden,,,英語（罕見）,源自一個姓氏，該姓氏本身可能是名字 Pate 的衍生詞，Pate 是 Patrick 的縮寫。直到1985年，它才出現在西部電影《Silverado》中，在美國一直是個鮮為人知的名字。此後，它很少被使用，這可能是因為它的結尾帶有流行的den音，這種發音在Braden、Hayden和Aidan等更受歡迎的名字中很常見。,,,,,,
男女,Page,,,英語,源自Paige的姓氏變體。,,,,,,
女男,Paget,,,英語（罕見）,源自法文和英語的姓氏，意為「小侍從」（參見Paige）。,,,,,,
女,Paige,,,英語,源自英語姓氏，在中世紀英語中意為「僕人、侍從」。它最終（經由古法語和義大利語）源自希臘語παιδίον（paidion），意為「小男孩」。作為女孩的名字，它因1958年小說《Parrish》和1961年改編電影中的一個角色而引起了公眾的關注[1]。它在20世紀80年代經歷了更大規模的流行，這可能是因為美國肥皂劇《諾茨蘭丁》（Knots Landing）中的角色佩吉·馬西森（Paige Matheson）。,,,,,,
女,Paislee,,,英語（現代）,佩斯利（Paisley）的變體。,,,,,,
女,Paisley,,,英語（現代）,源自蘇格蘭姓氏，最初源自於格拉斯哥附近一個城鎮的名稱，最終可能源自於拉丁語basilica（教堂）。這個字（也源自於該城鎮的名稱）也指一種常見於織物上的圖案。,,,,,,
女,Paityn,,,英語（現代）,佩頓（Peyton）的變體。,,,,,,
男女,Palmer,,,英語,源自於一個英語姓氏，意為「朝聖者」。它最終源於拉丁語palma（棕櫚樹），因為前往聖地的朝聖者經常帶回棕櫚葉作為他們旅程的證明。,,,,,,
女,Pam,,,英語,帕梅拉（Pamela）的縮寫。,,,,,,
女,Pamela,,,英語,這個名字由詩人菲利普·西德尼於16世紀末發明，用於他的浪漫小說《阿卡迪亞》（1593年）。他可能想用它來表示“所有的甜蜜”，源自希臘語πᾶν（pan）意為“所有”，μέλι（meli）意為“蜂蜜”。後來，作家塞繆爾·理查森在其小說《帕梅拉，或美德的回報》（1740年）中用它來指稱女主角，此後，它成為了一個名字。直到20世紀，它才開始流行。,,,,,,
女,Pamelia,,,英語,Pamela 的精簡形式。,,,,,,
女,Pamella,,,英語,Pamela 的變體。,,,,,,
女,Pamila,,,英語（罕見）,Pamela 的變體,,,,,,
男,Pancras,,,英語（古語）,潘克拉提烏斯（Pancratius）的中世紀英語形式。 4世紀聖人潘克拉提烏斯的遺物由教宗額我略一世送往英國，使這位聖人在英國受到崇敬。,,,,,,
女,Pansy,,,英語,源自英語中表示一種花的單字，最終源自於古法語 pensee（思想）。,,,,,,
男女,Parker,,,英語,源自英語中一個職業姓氏，意為「公園管理員」。,,,,,,
女,Parnel,,,英語（古語）,Petronel 的縮寫形式。在中世紀後期，它成為指放蕩女性的俚語，隨後該名稱逐漸不再使用。,,,,,,
男女,Parris,,,英語（罕見）,源自英語姓氏，原指來自法國巴黎的人（參見巴黎2）。,,,,,,
男,Parry,,,英語（罕見）,源自威爾斯姓氏，源自 ap Harry，意為「哈利之子」。,,,,,,
男女,Pat,,,英語,Patrick 或 Patricia 的縮寫。這個名字的著名使用者是 Pat Garrett (1850-1908)，他是射殺 Billy the Kid 的警長。,,,,,,
女,Patience,,,英語,源自英語單字 patientia，源自拉丁文單字 pati（意為「忍受」），是其衍生字。這是 17 世紀清教徒創造的美德名稱之一。如今，它在英語普及的非洲國家（例如尼日利亞和加納）最常被使用。,,,,,,
女,Patrice (2),,,英語,Patricia 的變體。,,,,,,
女,Patricia,,,英語,Patricius（參見 Patrick）的陰性形式。在中世紀的英格蘭，這種拼寫出現在拉丁文獻中，但這種形式可能直到 18 世紀才在蘇格蘭被用作正式名稱。,,,,,,
男,Patrick,,,愛爾蘭語、英語、法語、德語、丹麥語、挪威語、瑞典語,源自拉丁文名 Patricius，意為「貴族」。此名由聖派翠克於5世紀採用，他的本名是 Sucat。他是一位羅馬化的英國人，年輕時被愛爾蘭海盜俘虜並淪為奴隸。在服役六年後，他逃回家鄉，但最終成為主教，並作為傳教士返回愛爾蘭。他傳統上被認為是島上基督教化的功臣，並被視為愛爾蘭的守護神。他的愛爾蘭語名稱為 Pádraig。在中世紀的英格蘭和歐洲其他地區，這個名字被用來紀念這位聖人。然而，在17世紀之前，愛爾蘭人並不普遍使用這個名字，因為它被認為太神聖，不適合日常使用。此後，它在那裡變得非常普遍。,,,,,,
女男,Patsy,,,英語、愛爾蘭語,Patty 的變體，也用作 Patrick 的暱稱。,,,,,,
女,Pattie,,,英語,Patty 的變體。,,,,,,
女,Pattie,,,英語,Patty 的變體。,,,,,,
男,Patton,,,英語（罕見）,源自於一個英語姓氏，該姓氏源自於 Patrick 的暱稱。這個姓氏的著名傳承者是美國二戰時期的將軍喬治·S·巴頓（George S. Patton，1885-1945），他在盟軍進攻法國的戰役中發揮了重要作用。,,,,,,
女,Patty,,,英語,最初是 Matty 的變體，Matty 是 17 世紀 Martha 的暱稱。現在通常用作 Patricia 的暱稱。,,,,,,
男,Paul,,,英語、法語、德語、荷蘭語、瑞典語、挪威語、丹麥語、愛沙尼亞語、羅馬尼亞語、聖經語,源自羅馬姓氏 Paulus，在拉丁文中意為「小」或「謙卑」。保羅是早期基督教會的重要領袖。根據《新約使徒行傳》，他是一位猶太羅馬公民，在復活的耶穌向他顯現後皈依基督教。此後，他作為傳教士遊歷了地中海東部。他原來的希伯來名字是掃羅 (Saul)。新約聖經中的許多書信都是他寫的。由於聖保羅的名聲，這個名字在早期基督徒中變得很常見。許多其他早期聖徒和六位教宗也叫這個名字。在中世紀的英國，這個名字相對罕見，但從 17 世紀開始變得更加常見。在美國，從 1900 年到 1968 年，這個名字位列男孩前 20 名，而在英國，從 20 世紀 50 年代到 1980 年代，這個名字非常流行。它在德國和法國也被廣泛使用，並且在那裡仍然很受歡迎，儘管目前在英語世界中這個名字的使用率正在下降。美國獨立戰爭時期的人物保羅·裡維爾 (Paul Revere，1735-1818) 是一位著名的名字使用者，他警告英國軍隊的推進。藝術界著名的Paula包括法國印象派畫家保羅·塞尚（1839-1906）和保羅·高更（1848-1903），以及瑞士表現主義畫家保羅·克利（1879-1940）。演員保羅紐曼（1925-2008）、音樂家保羅西蒙（1941-）和保羅麥卡尼（1942-）也使用過這個名字。傳奇的美國伐木工人保羅·班揚和弗蘭克·赫伯特的小說《沙丘》（1965）中虛構的人物保羅·阿特雷德斯也使用了這個名字。,,,,,,
女,Paula,,,德語、英語、芬蘭語、西班牙語、葡萄牙語、加泰隆尼亞語、羅馬尼亞語、匈牙利語、波蘭語、荷蘭語、瑞典語、挪威語、丹麥語、拉脫維亞語、克羅埃西亞語、古羅馬語,Paulus（參見Paul）的女性形式。這是一位4世紀羅馬聖徒的名字，他是聖傑羅姆的同伴。,,,,,,
女,Pauleen,,,英語（罕見）,Pauline 的變體。,,,,,,
女,Paulene,,,英語（罕見）,Pauline 的變體。,,,,,,
女,Pauletta,,,英語,Paul 的拉丁化陰性暱稱。,,,,,,
女,Paulette,,,法語、英語,Paul 的法語陰性暱稱。,,,,,,
男,Paulie,,,英語,Paul 的暱稱。,,,,,,
女,Paulina,,,西班牙語、葡萄牙語、波蘭語、瑞典語、立陶宛語、英語、古羅馬語,Paulinus 的陰性形式（參見 Paulino）。,,,,,,
女,Pauline,,,法語、英語、德語、瑞典語、挪威語、丹麥語,Paulinus 的法語陰性形式（參見 Paulino）。,,,,,,
男,Paxton,,,英語（現代）,源自於一個英語姓氏，該姓氏源自於一個地名，意為「Pœcc 的城鎮」。 Pœcc 是一個古英語名字，意義不明。,,,,,,
女男,Payton,,,英語（現代）,Peyton 的變體。,,,,,,
女,Peace,,,英語（非洲）,源自英語單字peace，最終源自於拉丁文pax。該名稱在尼日利亞和非洲其他地區最為常見。,,,,,,
男,Pearce,,,英語（罕見）,Pierce 的變體。,,,,,,
女,Pearl,,,英語,源自英語單字pearl，指某些軟體動物貝殼中形成的結核，最終源自於晚期拉丁語perla。與其他寶石名稱一樣，自19世紀以來，它在英語世界中一直被用作名字。珍珠是六月的傳統誕生石，據說它能帶來健康和財富。,,,,,,
女,Pearle,,,英語,Pearl 的變體。,,,,,,
女,Pearlie,,,英語,Pearl 的暱稱。,,,,,,
男,Peers,,,英語（罕見）,Piers 的變體。,,,,,,
女,Peg,,,英語,Peggy 的縮寫。,,,,,,
女,Peggie,,,英語,Peggy 的變體。,,,,,,
女,Peggy,,,英語,Meggy 的中世紀變體，是 Margaret 的暱稱。首輔音變化的原因尚不清楚。,,,,,,
女,Pen,,,英語,Penelope 的縮寫。,,,,,,
女,Pene,,,英語（罕見）,Penelope 的縮寫。,,,,,,
女,Penelope,,,希臘神話，英語,可能源自希臘語 πηνέλοψ (penelops)，一種鴨子。也可能源自 πήνη (pene)，意為「線，緯紗」和 ὄψ (ops)，意為「臉，眼睛」。在荷馬史詩《奧德賽》中，這是奧德修斯妻子的名字，她的丈夫遠徵特洛伊，她被迫抵禦求婚者。自 16 世紀以來，它偶爾被用作英語名字。它在 20 世紀 40 年代頗為流行，但在 21 世紀初更加流行。這可能受到了當時在英語電影中嶄露頭角的西班牙女演員佩內洛普·克魯茲 (Penélope Cruz，1974-) 的啟發。當名人考特妮卡戴珊 (Kourtney Kardashian) 和斯科特迪西克 (Scott Disick) 於 2012 年將它送給他們的寶貝女兒時，它的受歡迎程度已迅速上升。,,,,,,
女,Penny,,,英語,佩內​​洛普 (Penelope) 的暱稱。它也指銅幣（一英鎊或一美元價值 100 枚），源自古英語 penning。,,,,,,
女,Peony,,,英語（罕見）,源自英語中表示這種花的字。它最初被認為具有治療功效，因此以希臘醫神 Pæon 的名字命名。,,,,,,
女男,Pepper,,,英語（現代）,源自英語中表示香料的詞，該香料由胡椒植物的乾燥漿果製成。這個字源自於拉丁文 piper，最終源自於印度雅利安語。在流行文化中，Pepper 是 1963 年創作的《鋼鐵人》系列漫畫和電影中弗吉尼亞·波茲 (Virginia Potts) 的暱稱。,,,,,,
男,Perce,,,英語,Percy 的縮寫。,,,,,,
男,Percival,,,亞瑟王傳奇，英語,由 12 世紀法國詩人克雷蒂安·德·特魯瓦為其詩歌《珀西瓦爾：聖杯的故事》所創作。克雷蒂安的名字可能源自古法文「perce val」（意為「穿透山谷」），也可能大致取自威爾斯語「Peredur」。在詩歌中，珀西瓦爾是一位來自威爾斯的男孩，他渴望成為亞瑟王麾下的騎士。為了證明自己，他最終來到了漁王的城堡，並得以一睹聖杯。,,,,,,
男,Percy,,,英語,源自於一個英語姓氏，該姓氏源自於諾曼第城鎮珀西 (Perci) 的名字，而珀西本身可能源自於一個高盧名字，拉丁化為珀爾修斯 (Persius)。珀西姓氏由一個英國貴族家族傳承，最初用作名字以紀念他們。雪萊 (Percy Bysshe Shelley，1792-1822) 是一位著名的英國浪漫主義詩人，作品包括《阿多尼斯》(Adonais) 和《奧茲曼迪亞斯》(Ozymandias)。這個名字也可以用作珀西瓦爾 (Percival) 的縮寫。,,,,,,
男,Peregrine,,,英語（罕見）,源自晚期拉丁文語名 Peregrinus，意為「旅行者」。這是幾位早期聖徒的名字。,,,,,,
女,Perlie,,,英語（罕見）,Pearl 的縮寫。,,,,,,
女,Permelia,,,英語（古語）,意義不明，可能是早期美洲人對 Pamela 的變體。,,,,,,
女,Pernel,,,英語（古語）,Parnel 的變體。,,,,,,
女,Peronel,,,英語（古語）,Petronel 的縮寫形式。,,,,,,
男,Perry,,,英語,"源自於一個源自英語或威爾斯語的姓氏。它可以源自中世紀英語 perrie，意為“梨樹”，也可以源自威爾斯語 ap Herry，意為“Herry 的兒子”。該姓氏的著名持有者是馬修·佩里 (Matthew Perry, 1794-1858)，他是一位帶領日本向西方開放的美國海軍軍官。",,,,,,
女,Peta,,,英語（澳洲）,彼得 (Peter) 的主要澳洲女性形式。,,,,,,
女,Petal,,,英語（罕見）,源自英語中表示花朵部分的單字，源自於希臘語 πέταλον (petalon)，意為「葉子」。,,,,,,
男,Pete,,,英語,Peter 的縮寫。,,,,,,
男,Peter,,,英語、德語、荷蘭語、丹麥語、瑞典語、挪威語、斯洛維尼亞語、斯洛伐克語、聖經,源自希臘文 Πέτρος (Petros)，意為「石頭」。新約大多數版本都使用這個名字“Cephas”（磯法）的翻譯，磯法在阿拉姆語中意為“石頭”，耶穌將這個名字賜給了使徒西門（比較馬太福音 16:18 和約翰福音 1:42）。西門·彼得是耶穌傳道時期最傑出的使徒，常被認為是第一位教宗。由於使徒的聲名顯赫，這個名字在整個基督教世界變得普遍（有多種拼寫）。在英格蘭，諾曼人以古法語形式Piers引入了這個名稱，但從15世紀開始逐漸被Peter的拼字所取代[1]。除了使徒彼得之外，其他以此名字命名的聖徒還包括11世紀的改革家聖彼得·達米安和13世紀的傳教士聖彼得·殉道者。阿拉貢、葡萄牙和俄羅斯的統治者也使用過這個名字，包括在北方戰爭中擊敗瑞典的俄國沙皇彼得大帝（1672-1725）。著名的虛構人物包括碧翠絲·波特兒童讀物中的彼得兔、J. M. 巴里1904年戲劇中拒絕長大的男孩彼得·潘，以及漫畫超級英雄蜘蛛俠的真名彼得·帕克。,,,,,,
女,Petra,,,德語、荷蘭語、西班牙語、捷克語、斯洛伐克語、斯洛維尼亞語、克羅埃西亞語、保加利亞語、匈牙利語、瑞典語、芬蘭語、英語,彼得的陰性形式。這也是現今約旦地區一座古城的名字。,,,,,,
女,Petrina,,,英語（罕見）,Petra 的縮寫。,,,,,,
女,Petronel,,,英語（古語）,Petronilla 的中世紀英語形式。,,,,,,
女,Petula,,,英語（罕見）,意義不明，誕生於20世紀。該名字由英國歌手 Petula Clark (1932-) 所用，她的名字由其父親所取。,,,,,,
女,Petunia,,,英語（罕見）,源自一種花名，最終源自於一個圖皮語（南美）單字。,,,,,,
女男,Peyton,,,英語,源自於一個英語姓氏，最初是一個地名，意為「佩加的城鎮」。直到20世紀90年代，這是一個罕見的男性名字。 1992年，它被用作電影《搖籃的手》中一位女性角色的名字。儘管這個名字是由反派所起，但它在女孩和男孩中都越來越受歡迎。著名的持有者包括大陸會議第一任總統佩頓·蘭道夫（1721-1775）和美式足球四分衛佩頓·曼寧（1976-）。,,,,,,
女,Phebe,,,英語，聖經,Phoebe 的變體，用於某些新約譯本。,,,,,,
女,Phemie,,,英語（罕見）,Euphemia 的暱稱。,,,,,,
女,Pheobe,,,英語,Phoebe 的變體。,,,,,,
男,Phil,,,英語,Philip 的縮寫，以及其他以 Phil 開頭的名字，通常帶有希臘語元素，意為「朋友、親愛的、心愛的人」。,,,,,,
女,Philadelpia,,,英語（罕見）,源自新約《啟示錄》中提到的小亞細亞一座城市的名稱。城市的名稱意為“兄弟之愛”，源自希臘語 φιλέω (phileo) 意為“愛”，ἀδελφός (adelphos) 意為“兄弟”。它也是美國一座城市的名稱。,,,,,,
男,Philander,,,英語（古語），希臘神話（拉丁化）,源自希臘文名 Φίλανδρος (Philandros)，意為“人類之友”，由希臘文 φίλος (philos) 意為“朋友”和 ἀνήρ (aner) 意為“男人”（屬格 ἀνδρός）組成。這是阿波羅與仙女阿卡勒所生兒子的名字。 18 世紀，這個詞被創造出來，意為“玩弄女人”，之後便不再使用。,,,,,,
男,Philip,,,英語、瑞典語、挪威語、丹麥語、荷蘭語、聖經語,源自希臘語名 Φίλιππος (Philippos)，意為“馬的朋友”，由 φίλος (philos) 意為“朋友、愛人”和 ἵππος (hippos) 意為“馬”組成。這是五位馬其頓國王的名字，包括亞歷山大大帝的父親菲利普二世。這個名字出現在《新約》中，屬於兩位被視為聖人的人。第一位是十二使徒之一，第二位是基督教會的早期人物，被稱為執事菲利普。這個名字最初在東方基督徒中更為常見，但在中世紀時傳到了西方。六位法國國王和五位西班牙國王都叫這個名字。在中世紀，它在英格蘭經常使用，儘管西班牙國王菲利普二世試圖入侵英格蘭，使它在 17 世紀不那麼常用了。 19 世紀，它在英語世界中復興。著名的使用者包括伊麗莎白一世時期的廷臣和詩人菲利普·西德尼 (1554-1586) 和美國科幻小說家菲利普·K·迪克 (1928-1982)。,,,,,,
女,Philipa,,,英語（罕見）,Philip 的女性形式。,,,,,,
女,Philippa,,,英語（英國）、德語,Philip 的拉丁化女性形式。作為英語名，它主要源自於英國。,,,,,,
女,Philis,,,英語（罕見）,Phyllis 的變體。,,,,,,
女,Phillida,,,英語（罕見）,Phyllida 的變體。,,,,,,
男,Philip,,,英語,Philip 的變體，靈感來自該姓氏的常用拼寫。,,,,,,
女,Phillipa,,,英語（罕見）,Philip 的女性變體。,,,,,,
女,Phillis,,,英語,Phyllis 的變體。,,,,,,
女,Philomena,,,英語、德語、古希臘語（拉丁化）,源自希臘語 Φιλουμένη (Philoumene)，意為“被愛”，是 φιλέω (phileo) 的變體，意為“愛”。這是一位鮮為人知的早期聖人和殉道者的名字。 1802年，在羅馬發現了一座似乎標有「菲盧梅娜」（Filumena）名字的墳墓，據信其墓主是另一位名叫菲洛梅娜（Philomena）的殉道者。這實際上可能是希臘語φιλουμένη的變體，而非一個名字。,,,,,,
女,Phoebe,,,英語、希臘神話（拉丁化）、聖經、聖經拉丁語,希臘名φοίβη（Phoibe）的拉丁化形式，意為“明亮、純潔”，源自希臘語φοῖβος（phoibos）。在希臘神話中，菲比是一位與月亮相關的泰坦神。這也是她孫女──月亮女神阿爾忒彌斯（Artemis）的稱號。這個名字出現在《新約》中保羅致羅馬人的書信中，屬於堅革哩教會的一位女牧師。在英國，新教改革後，它開始被用作名字。它在19世紀較為常見。在1980年代末，它再次流行起來，這可能是受到美國電視劇《老友記》（1994-2004）和《聖女魔咒》（1998-2006）中角色的影響。目前，它在英國、澳洲和紐西蘭的流行程度遠高於美國。土星的一顆衛星也以這個名字命名，以紀念泰坦。,,,,,,
男女,Phoenix,,,英語（現代）,源自於埃及和希臘神話中一種美麗的永生鳥的名字。它在阿拉伯沙漠中生活了幾個世紀後，會被火吞噬，然後從自己的灰燼中重生，每500年重複一次。這種鳥的名字源自於希臘文φοῖνιξ（phoinix），意為「深紅色」。,,,,,,
女,Phyliss,,,英語,Phyllis 的變體。,,,,,,
女,Phyllida,,,英語（罕見）,源自 Φυλλίδος (Phyllidos)，Phyllis 的屬格形式。此形式用於 17 世紀的田園詩。,,,,,,
女,Phyllis,,,希臘神話，英語,希臘文意為「葉子」。在希臘神話中，這是一個因愛戴摩豐而自殺的女人的名字，後來她變成了一棵杏樹。它在 16 世紀開始在英國用作名字，儘管它經常與 Felicia 混淆。,,,,,,
男,Pierce,,,英語,源自於一個源自於名字 Piers 的英語姓氏。在美國，這個名字在 1982 年隨著演員皮爾斯布魯斯南 (1953-) 開始出演電視劇《雷明頓斯蒂爾》而逐漸流行起來。,,,,,,
男,Piers,,,英語（英國），中世紀法語,Peter 的中世紀形式。這是威廉‧朗格蘭 (William Langland) 14 世紀詩歌《農夫皮爾斯》(Piers Plowman) 中主角的名字。,,,,,,
女,Piety,,,英語（罕見）,源自英語單字「虔誠、虔誠」。這是 17 世紀清教徒使用的罕見美德名稱。,,,,,,
男女,Pip,,,英語,Philip 或 Philippa 的暱稱。這是查爾斯狄更斯 (Charles Dickens) 1860 年作品《遠大前程》(Great Expectations) 中主角的名字。,,,,,,
女,Piper,,,英語（現代）,源自英語姓氏，原指吹笛子的人。它因 1998 年首播的電視劇《聖女魔咒》(Charmed) 中的一個角色而作為名字而廣為人知。,,,,,,
女,Pippa,,,英語,Philippa 的暱稱。,,,,,,
男,Placid,,,英語（罕見）,Placidus 的英語形式（參見 Placido）。,,,,,,
女,Pleasance,,,英語（古語）,源自中世紀名稱 Plaisance，在古法文中意為「愉快的」。,,,,,,
女,Pollie,,,英語,Polly 的變體。,,,,,,
女,Polly,,,英語,Molly 的中世紀變體。首輔音變化的原因尚不清楚。,,,,,,
女,Poppy,,,英語,源自表示紅花的單字，源自古英語 popæg。,,,,,,
女,Porsche,,,英語（現代）,源自由費迪南德保時捷 (1875-1951) 創立的德國汽車公司的名稱。,,,,,,
男,Porter,,,英語,源自一個職業英語姓氏，意為“守門人”，最終源自古法語 porte（門），源自拉丁語 porta。,,,,,,
女,Portia,,,英語,Porcia 的變體，Porcia 是羅馬姓氏 Porcius 的女性形式，威廉·莎士比亞曾用其作為其戲劇《威尼斯商人》(1596) 中女主角的名字。在戲劇中，鮑西亞是一位女扮男裝，在法庭上為安東尼奧辯護的女子。它也是天王星一顆衛星的名字，取自莎士比亞筆下的人物。,,,,,,
女,Posie,,,英語,Posy 的變體。,,,,,,
女,Posy,,,英語,約瑟芬的暱稱。它也受到英語單字 posy（表示一束鮮花）的啟發。,,,,,,
女男,Praise,,,英語（非洲）,源自英語單字 Praise，該詞最終（透過古法語）源自晚期拉丁語 pretio，後者是拉丁語 pretium（表示價格、價值）的衍生詞。該名字在英語非洲最為常見。,,,,,,
女,Precious,,,法語，非洲語，非裔美國人（現代）,源自英語單字precious，最終源自於拉丁文pretiosus，後者是拉丁文pretium（意為「價格、價值」）的衍生字。,,,,,,
女男,Presley,,,英語,源自英語姓氏，該姓氏最初源自於一個地名，意為「牧師空地」（古英語preost和leah）。音樂家貓王（1935-1977）也曾使用過該姓氏。,,,,,,
男,Preston,,,英語,源自英語姓氏，該姓氏最初源自於一個地名，意為「牧師鎮」（古英語preost和tun）。,,,,,,
男,Price,,,英語,源自威爾斯姓氏，姓氏源自ap Rhys，意為「里斯之子」。,,,,,,
女,Primrose,,,法語（罕見）,源自英語中表示花朵的單字，最終源自於拉丁文prima rosa（意為「第一朵玫瑰」）。,,,,,,
女,Primula,,,英語（罕見），義大利語（罕見）,源自多種花卉的屬名，包括報春花。它源自於拉丁文 primulus，意為「最早的」。,,,,,,
男,Prince,,,英語,源自英語單字 prince，這是一種皇室頭銜，最終源自於拉丁語 princeps。這個名字由美國音樂家普林斯·羅傑斯·尼爾森 (Prince Rogers Nelson，1958-2016) 所命名，他被簡稱為王子 (Prince)。,,,,,,
女,Princess,,,英語（現代）,王子 (Prince) 的女性對應。,,,,,,
男,Princeton,,,英語（現代）,源自新澤西州的一個城鎮或大學的名稱。該鎮建於18世紀初，據說以奧蘭治親王威廉三世的名字命名。,,,,,,
女,Pris,,,英語,普里西拉 (Priscilla) 的縮寫。,,,,,,
女,Priscilla,,,英語、義大利語、法語、古羅馬語、聖經拉丁語、聖經,羅馬名字，普里斯卡 (Prisca) 的暱稱。在《新約使徒行傳》中，保羅與百基拉（又稱普里斯卡）及其丈夫亞居拉在哥林多住了一段時間。自宗教改革以來，它就一直被用作英語名，在清教徒中很受歡迎。亨利·沃茲沃思·朗費羅在其1858年的詩歌《邁爾斯·斯坦迪什的求愛》中也使用了它。,,,,,,
女,Prissy,,,英語,Priscilla 的縮寫。,,,,,,
女男,Promise,,,英語（非洲）,源自英語單字 promise，源自於拉丁文 promissum。目前在受英語影響的非洲地區最為常見。,,,,,,
男,Prosper,,,英語、法語,源自拉丁文語名 Prosperus，意為「幸運的、成功的」。這是一位5世紀聖徒的名字，他是聖奧古斯丁的支持者。儘管清教徒曾使用過它，但它從未作為英語名普遍使用，部分原因是它與英語單字 prosper 相同。,,,,,,
女,Pru,,,英語,Prudence 的縮寫。,,,,,,
女,Prudence,,,英語、法語,Prudentia 的中世紀英語形式，Prudentius 的陰性形式。在法國，它既是陰性形式，也是一種罕見的陽性形式。在英國，它在中世紀就已使用，並在 17 世紀被清教徒復興，部分源於英語單字 prudence，兩者最終源於同一來源。,,,,,,
女,Prue,,,英語,Prudence 的縮寫。,,,,,,
女,Prunella,,,英語（罕見）,源自英語單字，指一種花，也稱為自癒花，最終源自於拉丁語單字 pruna（李子）。,,,,,,
男女,Purdie,,,英語（罕見）,源自於一個英語姓氏，該姓氏源自於諾曼法語表達 pur die（上帝保佑）。它最初可能是一個經常宣誓的人的暱稱。,,,,,,
Q,,,,,,,,,,,
女,Queen,,,英語,源自於一個古老的暱稱，源自於英語單字 queen，最終源自於古英語 cwen，意為「女人，妻子」。,,,,,,
女,Queenie,,,英語,Queen 的縮寫。,,,,,,
男,Quentin,,,法語，英語,羅馬名字 Quintinus 的法文形式。它是由一位公元 3 世紀的聖徒所用，他是一位在高盧殉道的傳教士。諾曼人將這個名字引入了英國。在美國，這個名字是由西奧多·羅斯福總統的兒子昆汀·羅斯福 (1897-1918) 引起公眾關注的，他在第一次世界大戰中陣亡。美國電影導演昆汀塔倫提諾 (1963-) 是這個名字的著名使用者。,,,,,,
男女,Quin,,,英語（罕見）,Quinn 的變體。,,,,,,
男女,Quincey,,,英語（罕見）,Quincy 的變種。,,,,,,
男女,Quincy,,,英語,源自於一個英語姓氏，該姓氏（透過地名 Cuinchy）衍生自人名 Quintus。一位著名的姓氏使用者是美國第六任總統約翰·昆西·亞當斯（1767-1848），他出生於馬薩諸塞州昆西鎮。該鎮和總統都以他的曾祖父約翰·昆西（1689-1767）的名字命名。另一位著名的姓氏使用者是美國音樂家昆西瓊斯（1933-2024）。,,,,,,
男女,Quinlan,,,英語（罕見）,源自愛爾蘭姓氏，是Ó Caoindealbháin的英語化形式，而Ó Caoindealbháin本身源自於名字Caoindealbhán（古愛爾蘭語Caíndelbán）。,,,,,,
男女,Quinn,,,英語,源自愛爾蘭姓氏，是愛爾蘭蓋爾語Ó Cuinn的英語化形式，而Ó Cuinn本身源自於名字Conn。在美國，直到2010年，也就是女性角色Quinn Fabray開始出現在電視劇《歡樂合唱團》的第二年，它才更常被用作男孩名。,,,,,,
女,Quintella,,,英語（罕見）,Quintus 的陰性暱稱。,,,,,,
男,Quinten,,,英語,Quentin 的變體和荷蘭語形式。,,,,,,
男,Quintin,,,英語,Quentin 的變體。,,,,,,
男,Quinton,,,英語,Quentin 的變體，也與古英語中意為「皇后鎮」的一個英語姓氏相符。,,,,,,
R,,,,,,,,,,,
女,Racheal,,,英語,Rachel 的變體。,,,,,,
女,Rachel,,,英語、希伯來語、法語、荷蘭語、德語、聖經、聖經拉丁語、聖經希伯來語,源自希伯來文名字 רָחֵל (Raḥel)，意為「母羊」。在《舊約》中，這是雅各最寵愛的妻子的名字。她的父親拉班先騙雅各娶了她的姊姊莉亞，但拉班以七年的勞動換取雅各娶了拉結。她起初不孕，又因丈夫的憤怒，便將使女闢拉獻給雅各為他生子。最後她自己也成功懷孕，生下了約瑟和便雅憫。這個名字在中世紀的猶太人中很常見，但直到宗教改革之後，才在英語世界被普遍用作基督教名字。它在 20 世紀上半葉頗為流行，但從 20 世紀 60 年代開始，使用率穩步上升，在 20 世紀 80 年代和 90 年代達到頂峰。美國情境喜劇《老友記》（1994-2004）中的角色瑞秋格林可能只是延緩了它的衰落。著名的使用瑞秋卡森（1907-1964）、英國女演員瑞秋薇茲（1970-）和加拿大女演員瑞秋麥克亞當斯（1978-）等,,,,,,
女,Rachelle,,,英語、法語,Rachel 的變體。在英語世界中，它可能受到了 Rochelle 拼字的影響。,,,,,,
女,Rachyl,,,英語（罕見）,Rachel 的變體。,,,,,,
女,Racquel,,,英語,Raquel 的變體。,,,,,,
男,Radcliff,,,英語（罕見）,源自一個姓氏，該姓氏源自於古英語中意為「紅色懸崖」的地名。,,,,,,
男,Radclyffe,,,英語（罕見）,源自一個姓氏，Radcliff 的變體。,,,,,,
女,Rae,,,英語,Rachel 的縮寫。它也可以用作 Ray 的陰性形式。,,,,,,
男,Raeburn,,,英語（罕見）,源自蘇格蘭姓氏，姓氏原源自於一個地名，意為「鹿飲水的溪流」（源自蘇格蘭語 rae「狍子」和 burn「溪流」）。該姓氏的著名使用者是蘇格蘭肖像畫家亨利·雷伯恩（1756-1823）。,,,,,,
女,Raegan,,,英語（現代）,Reagan 的變體。,,,,,,
女,Raelene,,,英語（罕見）,Rae 與常用名後綴 lene 的組合。,,,,,,
女,Raelyn,,,英語（現代）,Rae 與常用名後綴 lyn 的組合。,,,,,,
女,Raelynn,,,英語（現代）,Rae 與常用名後綴 lyn 的組合。,,,,,,
女,Raewyn,,,英語（紐西蘭）,Rae 和 Wyn 的組合（尤其在新西蘭使用）。,,,,,,
男,Rafe,,,英語,Ralph 的變體。這種形式在 17 世紀變得普遍，反映了通常的發音。,,,,,,
男,Rafferty,,,英語,源自愛爾蘭姓氏，本身源自於名字 Rabhartach，意為「漲潮」。,,,,,,
女男,Rain (1),,,英語（罕見）,僅源自英語單字 rain，源自古英語 regn。,,,,,,
女,Raindow,,,英語（罕見）,源自於英語，意指在霧濛濛的天空中出現的五彩光弧。,,,,,,
女男,Raine,,,英語（罕見）,源自於一個姓氏，該姓氏源自古法語暱稱 reine，意為「女王」。英國名媛 Raine Spencer（1929-2016）是該姓氏的著名代表，她是戴安娜王妃的繼母。在現代，它也被認為是 Rain 1 的變體。,,,,,,
男女,Raleigh,,,英語,源自於一個英語姓氏，該姓氏源自一個地名，在古英語中意為“紅色空地”或“狍子空地”。北卡羅來納州的一座城市以英國廷臣、詩人和探險家沃爾特·羅利（1552-1618）的名字命名。,,,,,,
男,Ralf,,,德語、瑞典語、丹麥語、英語（罕見）,Ralph 的變體。,,,,,,
男,Ralph,,,英語、德語、瑞典語,古挪威語名稱 Ráðúlfr（或其諾曼語形式 Radulf）的縮寫形式。斯堪的納維亞定居者在諾曼征服之前將其引入英格蘭，但之後受到諾曼人的影響而得以發展。在中世紀，它被拼寫為 Rauf、Rafe 或 Ralf，以反映其通常的發音。 Ralph 的拼字在 18 世紀變得更加普遍。該名字的著名使用者是拉爾夫·沃爾多·愛默生（1803-1882），他是一位美國詩人和作家，著有關於超驗主義的著作。,,,,,,
男,Ralphie,,,英語,Ralph 的暱稱。,,,,,,
女,Ramona,,,西班牙語、羅馬尼亞語、英語,Ramón 的陰性形式。海倫亨特傑克森的小說《拉莫娜》（1884 年）以及隨後根據該書改編的幾部電影使其在英語世界廣為流傳。,,,,,,
男,Ramsey,,,英語,源自英國和蘇格蘭姓氏，該姓氏源自於古英語中意為「大蒜島」的地名。,,,,,,
男,Rand,,,英語,Randolf 和其他以 Rand 開頭的名字的縮寫。作為姓氏（也源自 Randolf），它是由俄裔美國作家艾恩·蘭德 (1905-1982) 以筆名命名的。,,,,,,
男,Randal,,,英語,Randall 的變體。,,,,,,
男,Randall,,,英語,源自於一個英國姓氏，該姓氏源自中世紀名字 Randel。,,,,,,
男,Randell,,,英語,Randall 的變體。,,,,,,
女,Randi (1),,,英語,Miranda 的暱稱。,,,,,,
男,Randolf,,,英語,源自古德語元素 rant，意為“（盾牌的）邊緣”，wolf，意為“狼”。諾曼人將這個名字帶到了英格蘭，當時那裡已經存在一個古挪威語同源詞 Randúlfr，該詞由斯堪的納維亞定居者引入。中世紀之後，Randolf 變得稀少，但在 18 世紀又重新流行起來（通常拼寫為 Randolph）。,,,,,,
男,Randolph,,,英語,Randolf 的變體。該拼字在 18 世紀被採用。,,,,,,
男女,Randy,,,英語,Randall、Randolf 或 Miranda 的暱稱。,,,,,,
男,Ranulph,,,英語（罕見）,Ranulf 的變體。,,,,,,
男,Raphael,,,德語、英語、聖經,源自希伯來文名字 רָפָאֵל (Rafaʾel)，意為“上帝治愈”，其詞根 רָפָא (rafa) 意為“治愈”，אֵל (ʾel) 意為“上帝”。在希伯來傳統中，拉斐爾（Raphael）是一位大天使的名字。他出現在《托比特書》中，書中他偽裝成名為阿扎里亞斯（Azarias）的男子，陪伴托比亞斯前往米底，一路上給予他幫助。最終，他治癒了托比亞斯父親托比特的失明。新約聖經中沒有提到他，但傳統上認為他是約翰福音5:4中攪動水面的天使。這個名字在英語世界中並不常見，但在歐洲其他地區卻被廣泛使用。義大利文藝復興時期大師拉斐爾桑西（Raffaello Sanzio，1483-1520）是這個名字的著名持有者，通常簡稱為拉斐爾（Raphael）。,,,,,,
女,Raquel,,,西班牙語、葡萄牙語、英語,Rachel 的西班牙語和葡萄牙語形式。,,,,,,
女,Raschelle,,,英語（罕見）,Rachelle 的變體。,,,,,,
男,Rastus,,,英語（罕見）,Erastus 的縮寫。,,,,,,
女男,Raven,,,英語,源自鳥類名稱，最終源自古英語 hræfn。渡鴉受到西海岸幾個美洲原住民群體的崇敬。它也與北歐神話中的神奧丁有關。,,,,,,
女,Ravenna,,,英語（罕見）,可能是 Raven 的衍生詞，也可能源自義大利城市拉文納 (Ravenna) 的名稱。,,,,,,
男,Ray,,,英語,Raymond 的縮寫，通常用作獨立名稱。它與一個表示“光束”的英語單字重疊。科幻小說作家雷‧布拉德伯里 (1920-2012) 和音樂家雷‧查爾斯 (1930-2004) 是兩位著名的渡鴉使用者。,,,,,,
女,Raylene,,,英語（罕見）,由 Rae 和常用名後綴 lene 組合而成。,,,,,,
男,Raymond,,,法語、英語,源自日耳曼名 Raginmund，由 regin（建議、忠告、決定）和 munt（保護）組成。諾曼人以 Reimund 的形式將此名引入英格蘭。中世紀（主要為西班牙）多位聖徒都曾使用此名，包括助產士和孕婦的守護神聖雷蒙德·諾納圖斯 (Saint Raymond Nonnatus)，以及教會法學家的守護神佩尼亞福特的聖雷蒙德 (Saint Raymond of Peñafort)。,,,,,,
男,Raymund,,,英語（罕見）,Raymond 的變體。,,,,,,
男,Raynard,,,英語,Reynard 的變體。,,,,,,
男,Rayner,,,英語（古語）,源自日耳曼名 Raginheri，由 regin（建議、忠告、決定）和 heri（軍隊）組成。聖雷內裡烏斯 (Saint Rainerius) 是一位來自 12 世紀比薩的隱士。諾曼人將這個名字帶到了英格蘭，並在那裡廣泛使用，儘管到中世紀末期已經很少見了。,,,,,,
男,Read,,,英語（罕見）,源自姓氏，是 Reed 的變體。,,,,,,
女男,Reagan,,,英語（現代）,源自愛爾蘭姓氏，是 Ó Riagáin 的英語化形式，源自於名字 Riagán。這個姓氏由美國演員兼總統羅納德·雷根 (1911-2004) 使用。作為名字，它在 20 世紀 90 年代開始流行。在美國，這個名字更受女孩歡迎，可能是因為它與 Megan、Morgan 和 Regan 等其他名字相似。,,,,,,
女,Reanna,,,英語（現代）,Rhianna 的變體。,,,,,,
女,Reannon,,,英語（罕見）,Rhiannon 的變體。,,,,,,
男,Rearden,,,英語（罕見）,源自愛爾蘭姓氏，是 Riordan 的變體。,,,,,,
女,Reba,,,英語,Rebecca 的縮寫。,,,,,,
女,Rebecca,"Becca, Becci, Becka, Beckah, Becki, Becky, Bekki, Reba, Beck（英文）",,英語、義大利語、瑞典語、德語、荷蘭語、聖經、拉丁語,源自希伯來文 רִבְקָה (Rivqa)，可能源自於閃族語字根，意為「連結、捆綁、圈套」。這是《舊約》中以撒妻子、以掃和雅各母親的名字。宗教改革後，它作為英語基督教名字開始使用，並在17世紀的清教徒中流行起來。此後，它一直被使用，在20世紀下半葉尤為流行。華特‧史考特的小說《艾凡赫》（1819年）中的一位猶太女性也使用了這個名字，達芙妮‧杜穆里埃的小說《蝴蝶夢》（1938年）中的主角（已故，未露面）也使用了這個名字。,,,,,,
女,Rebeccah,,,英語（罕見）,Rebecca 的變體。,,,,,,
女,Rebeccanne,,,英語（罕見）,Rebecca 和 Anne 1 的組合。,,,,,,
女,Rebeckah,,,英語（罕見）,Rebecca 的變體。,,,,,,
女,Rebekah,,,聖經,Rebecca 的變體，用於某些版本的聖經。,,,,,,
男,Red,,,英語,源自英語中表示顏色的單字，最後源自於古英語 read。這通常是對紅髮或紅潤膚色的人的暱稱。,,,,,,
男,Redd,,,英語（罕見）,Red 的變體。,,,,,,
男,Reece,,,威爾斯語，英語,Rhys 的英語化形式。,,,,,,
男,Reed,,,英語,源自於一個英語姓氏，該姓氏源自古英語 read，意為“紅色”，最初是對紅髮或紅潤膚色的人的暱稱。無關的是，這也是英語中指生長在沼澤中的高草狀植物的字。,,,,,,
女,Reene,,,英語（罕見）,Renée 的變體。,,,,,,
女,Reenie,,,英語（罕見）,Renée 的變體，或以 reen 結尾的名字的縮寫。,,,,,,
男女,Reese,,,威爾斯語、英語,Rhys 的英語化形式。它也用作女性名字，由美國女演員瑞茜威瑟斯彭 (1976-) 推廣。,,,,,,
男,Reg,,,英語,Reginald 的縮寫。,,,,,,
女男,Regan,,,文學、英語,含義不明。在蒙茅斯的傑弗裡編年史中，它是李爾王一個叛逆女兒的名字。莎士比亞將這個故事改編成他的悲劇《李爾王》(1606)。在現代，它出現在恐怖電影《驅魔人》(1973) 中，屬於一個被魔鬼附身的女孩。這個名字也可以用作 Reagan 的變體。,,,,,,
女,Regana,,,英語（罕見）,Regan 的衍生詞，受 Regina 的影響。,,,,,,
女,Regena,,,英語,Regina 的變體。,,,,,,
男,Reggie,,,英語,Reginald 的暱稱。,,,,,,
女,Regina,Regina（英語） Regine（德語） Reina（西班牙語） Regina（捷克語） Regina（斯洛伐克語） Regine（挪威語）,,英語、德語、義大利語、西班牙語、葡萄牙語、立陶宛語、愛沙尼亞語、波蘭語、捷克語、斯洛伐克語、俄語、匈牙利語、瑞典語、挪威語、丹麥語、晚期羅馬語,在拉丁語（或義大利語）中意為“女王”。這個名字自古以來就被用作基督教名字，由一位公元 2 世紀的聖人所用。在中世紀的英格蘭，這個名字被用來紀念聖母瑪利亞，後來在 19 世紀重新流行起來。加拿大以此命名，以紀念維多利亞女王。,,,,,,
男,Reginald,"Reg, Reggie",,英語,源自 Reginaldus，Reynold 的拉丁化形式。,,,,,,
男,Reid,,,英語,源自姓氏，Reed 的蘇格蘭變體。,,,,,,
女男,Reign,,,英語（現代）,源自英語單字 reign，源自於拉丁文 regnum（王權）。,,,,,,
男女,Reilly,,,英語（現代）,源自愛爾蘭姓氏 Ó Raghailligh 的英語化形式，源自於名字 Raghailleach，意為「未知」。,,,,,,
男女,Reminton,,,英語,源自於一個英語姓氏，該姓氏源自於蘭開夏郡裡明頓鎮的名稱，該鎮本身意為「裡明河畔的定居點」。這個名稱可能是為了紀念美國製造商 Eliphalet Remington（1793-1861）或其兒子，他們是以其名字命名的槍械公司的創始人。,,,,,,
男女,Remy,,,英語（現代）,Rémy 的英語形式，偶爾用作女性名字。,,,,,,
女,Rena,,,英語,René 的拉丁化女性形式。,,,,,,
女,Renae,,,英語,Renée 的英語變體。,,,,,,
男女,Rene,,,英語,René 或 Renée 的英語形式。,,,,,,
女,Renee,,,英語,Renée 的英語形式。,,,,,,
女,Renie,,,英語（罕見）,可能是 Renee 的暱稱。,,,,,,
女,Renita,,,英語,可能是 Renatus 的女性形式。它在 20 世紀 50 年代開始使用。,,,,,,
女,Retha,,,南非荷蘭語、英語,Margaretha 的縮寫。,,,,,,
男,Reuben,,,聖經、希伯來文、英語,在希伯來文中意為“看，一個兒子”，源自 רָאָה (raʾa)，意為“看見”和 בֵּן (ben)，意為“兒子”。在《舊約》中，他是雅各和利亞的長子，也是以色列十二個支派之一的祖先。魯本因與雅各的妾闢拉同寢而受到父親的詛咒。自新教改革以來，該名字在英國一直被用作基督教名字。,,,,,,
女,Reverie,,,英語（罕見）,源自英語單字“Reverie”，意為“白日夢，天馬行空的沉思”，源自古法語 resverie，而 resver 本身又源自於 resver，意為“做夢，胡言亂語”。,,,,,,
男,Rex,,,英語,源自拉丁文 rex，意為「國王」。自19世紀以來，它一直被用作名字。,,,,,,
女,Rexana,,,英語（罕見）,Rexanne 的變體。,,,,,,
女,Rexanne,,,英語（罕見）,Roxane 的變體，受 Rex 影響。,,,,,,
男,Reynard,,,英語（罕見）,源自日耳曼名字 Raginhard，由 regin（建議、忠告、決定）和 hart（堅定、堅定、勇敢、耐寒）組成。諾曼人將其以 Reinard 的形式傳入英國，但在那裡並未普及。在中世紀寓言中，這個名字由狡猾的英雄狐狸雷納德 (Reynard the Fox) 所用（因此 renard 成為了法語單詞，意為“狐狸”）。,,,,,,
男,Reynold,,,英語,源自日耳曼語名 Raginald，由 regin（建議、忠告、決定）和 walt（權力、權威）組成。諾曼人（他們使用 Reinald 或 Reinold 等形式）將此名帶到了英國，並強化了當時已存在的罕見古英語和挪威語同源詞。它在中世紀很常見，但在 15 世紀後變得更加罕見。,,,,,,
女,Rheanna,,,英語（罕見）,Rhianna 的變體。,,,,,,
男,Rhett,,,英語,源自一個姓氏，是荷蘭語 de Raedt 的英語化形式，源自 raet（建議、忠告）。瑪格麗特·米切爾在她的小說《亂世佳人》（1936 年）中用這個名字命名了角色瑞特·巴特勒。,,,,,,
女,Rhetta,,,英語（罕見）,Rhett 的陰性形式。,,,,,,
女,Rhianna,,,英語（現代）,可能是 Rhiannon 的變體。,,,,,,
女,Rhiannon,,,威爾斯語、英語、威爾斯神話,可能源自於一個未經證實的凱爾特名字 *Rīgantonā，意為“偉大的女王”（凱爾特語 *rīganī 意為“女王”，以及神聖或增強後綴 -on）。據推測，Rigantona 是一位古老的凱爾特女神，可能與生育力和馬匹（例如高盧的埃波娜）有關。在威爾斯傳說《馬比諾基》中，她以 Rhiannon 的身份出現，是一位騎著白馬的美麗魔法女子。她曾與 Gwawl 訂婚，但她狡猾地解除了婚約，嫁給了 Pwyll。他們的兒子是 Pryderi。作為英語名，它因 Fleetwood Mac 樂隊的歌曲 Rhiannon（1976 年）而流行起來，尤其是在英國和澳大利亞。,,,,,,
女,Rhoda,,,英語,源自希臘文 ῥόδον (rhodon)，意為「玫瑰」。在《新約》中，這個名字是由約翰·馬可的母親瑪利亞家中的女僕所生。作為英語名字，Rhoda 於 17 世紀開始使用。,,,,,,
女,Rhonda,,,英語,可能是 Rhoda 和 Linda 發音的混合，但也可能受到南威爾斯朗達谷地名和/或著名英國女權主義者瑪格麗特·麥克沃思，朗達子爵夫人（1883-1956）的影響。這個名字自 20 世紀初才開始使用，起初很少使用。它在 1920 世紀 40 年代中期開始流行，與美國女演員朗達弗萊明（1923-2020，本名瑪麗蓮路易斯）同時出現。它在 1965 年在美國達到頂峰，此後逐漸衰落。,,,,,,
男,Rhys,,,威爾斯語，英語,源自古威爾斯語 Ris，可能意為「熱情、熱忱」。幾位威爾斯統治者都曾使用過這個名字，包括12世紀抵抗諾曼入侵的Rhys ap Gruffydd。,,,,,,
男,Rian,,,愛爾蘭語、古愛爾蘭語、英語,Ryan的愛爾蘭語形式，以及英語變體。,,,,,,
女,Riannon,,,英語（罕見）,Rhiannon的變體。,,,,,,
女,Rica,,,英語（罕見）,Frederica和其他以rica結尾的名字的縮寫。,,,,,,
男,Rich,,,英語,Richard的縮寫。,,,,,,
男,Richard,"Dick, Rich, Richie, Rick, Rickey, Ricki, Rickie, Ricky, Rikki, Ritchie (英語) Riško, Rišo (斯洛伐克語)",,英語、法語、德語、捷克語、斯洛伐克語、荷蘭語、瑞典語、挪威語、丹麥語、日耳曼語,意為“勇敢的統治者”，源自古德語元素rih（統治者，國王）和hart（堅強、堅定、勇敢、耐寒）。這是諾曼第早期三位公爵的名字。諾曼人在11世紀入侵時將其引入英格蘭，從那時起，它就非常普遍地在那裡。三位英國國王都曾使用過這個名字，其中包括 12 世紀的獅心王理查一世，他是第三次十字軍東徵的領袖之一。在中世紀晚期，這個名字通常是英國男性五個最常見名字之一（其他五個是約翰、威廉、羅伯特和托馬斯）。它一直流行到現代，在 20 世紀 40 年代在美國達到頂峰，稍後在英國達到頂峰，之後逐漸下降。著名的使用這個名字的人包括兩位德國歌劇作曲家理查德·瓦格納 (1813-1883) 和理查德·施特勞斯 (1864-1949)，以及英國探險家理查德·伯頓 (1821-1890)、美國總統理查德·尼克松 (1913-1994)、美國物理學家理查德·伯頓曼(1925-1984) 和美國音樂家小理查德 (1932-2020)。,,,,,,
女,Richardine,,,英語（罕見）,Richard 的女性形式。,,,,,,
女,Richelle,,,英語,Rachel 或 Rochelle 的變體，可能受 Michelle 的影響。在某些情況下，它可以被視為 Richard 的女性形式。,,,,,,
男,Richie,,,英語,Richard 的暱稱。,,,,,,
女,Richmal,,,英語（罕見）,意義不明，可能是 Richard 和 Mary 的組合。這個名字至少從 18 世紀末就開始使用，主要局限於蘭開夏郡的伯里鎮。,,,,,,
男,Rick,,,英語,Richard 的縮寫或以 rick 結尾的名字。一個著名的虛構名字是 Rick Blaine，由 Humphrey Bogart 在電影《卡薩布蘭卡》（1942 年）中飾演。,,,,,,
男,Rickey,,,英語,Richard 的暱稱。,,,,,,
男女,Ricki,,,英語,Ricky 的變體和女性形式。,,,,,,
男,Rickie,,,英語,Richard 的暱稱。,,,,,,
男,Ricky,,,英語,Richard 的暱稱。,,,,,,
男,Ridge,,,英語（現代）,源自英語詞彙中表示連續隆起山脊的單字，或源自由此詞衍生的英語姓氏。,,,,,,
男女,Ridley,,,英語（罕見）,源自於英語姓氏，該姓氏最初源自於多個地名，在古英語中意為「蘆葦空地」或「剝落的空地」。,,,,,,
男,Rigby,,,英語（罕見）,源自於一個英語姓氏，該姓氏最初源自於一個地名，在古挪威語中意為「山脊農場」。,,,,,,
女男,Rikki,,,英語（現代）,Ricky 的變體和陰性形式。,,,,,,
男女,Riley,,,英語,源自一個姓氏，該姓氏有兩個不同的來源。作為愛爾蘭姓氏，它是 Reilly 的變體。作為英語姓氏，它源自於一個地名，在古英語中意為「黑麥空地」。 1980 年之前，這在美國是一個不常見的男性名字。在1980年代和1990年代，這個名字在男孩和女孩中都越來越受歡迎，自2003年起，在美國女孩中更常見。在其他英語國家，例如英國和澳大利亞，這個名字仍然主要指男性。,,,,,,
女,Rilla,,,英語,以rilla結尾的名字的縮寫。它是L. M. Montgomery在其1908年小說《綠山牆的安妮》續集中Marilla的縮寫，屬於安妮的一個女兒。,,,,,,
男,Riordan,,,英語（罕見）,源自愛爾蘭姓氏（英語化自愛爾蘭蓋爾語Ó Ríoghbhárdáin），該姓氏源自於名字Rígbarddán。,,,,,,
女男,Ripley,,,英語（罕見）,源自一個姓氏，姓氏源自多個英國城鎮的名稱，源自古英語 rippel（意為「樹林、灌木叢」）和 leah（意為「空地」）。一個著名的虛構名稱是艾倫·里普利（Ellen Ripley）（通常只用她的姓氏稱呼），出自1979年上映的電影《異形》系列。,,,,,,
女,Rita,,,義大利語、葡萄牙語、西班牙語、英語、德語、挪威語、丹麥語、瑞典語、匈牙利語、拉脫維亞語、立陶宛語、愛沙尼亞語,Margherita 和其他以 rita 結尾的名字的縮寫。聖麗塔（生名 Margherita Lotti）是一位來自義大利卡西亞的15世紀修女。另一位著名的名稱是美國女演員麗塔·海華斯（Rita Hayworth，1918-1987）。,,,,,,
男,Ritchie,,,英語,Ritchie 的變體。,,,,,,
男女,River,,,英語（現代）,源自表示流動水體的英語單字。這個字最終源自於（經由古法語）拉丁文 ripa（意為「河岸」）。,,,,,,
男,Rob,,,英語，荷蘭語,Robert 的縮寫。,,,,,,
男女,Robbie,,,英語,Robert 或 Roberta 的暱稱。,,,,,,
女男,Robbin,,,英語,Robin 的變體。,,,,,,
男,Robby,,,英語,Robert 的暱稱。,,,,,,
女,Robena,,,英語（罕見）,Robin 的陰性變異。,,,,,,
男,Robert,"Bob, Bobbie, Bobby, Rob, Robbie, Robbin, Robby, Robin（英語） Bob, Rob, Robbe（荷蘭語） Pertti, Roope（芬蘭語）",,英語，法語，瑞典語，挪威語，丹麥語，德語，荷蘭語，芬蘭語，愛沙尼亞語，捷克語，波蘭語，俄語，斯洛維尼亞語，克羅埃西亞語，阿爾巴尼亞語，羅馬尼亞語，加泰隆尼亞語，日耳曼語,源自日耳曼語名 Hrodebert，意為“輝煌的名聲”，由 hruod（名聲）和 beraht（光明）兩個詞衍生而來。諾曼人將這個名字引入英國，取代了罕見的古英語同源詞 Hreodbeorht。從13世紀到20世紀，它一直是最常見的英語名字之一。在美國，它是 1924 年至 1939 年間最受歡迎的男孩名（1953 年再次流行）。兩位法蘭克國王、兩位諾曼第公爵和三位蘇格蘭國王都曾使用過這個名字，包括 14 世紀使蘇格蘭脫離英格蘭獨立的羅伯特·布魯斯。幾位聖人也曾用過這個名字，最早被稱為聖魯珀特，源自於古德語變體。作家羅伯特·勃朗寧 (1812-1889)、詩人羅伯特·彭斯 (1759-1796) 和羅伯特·弗羅斯特 (1874-1963) 都是著名的文學同名人物。其他使用這個名字的人包括美國內戰期間邦聯軍隊指揮官羅伯特·E·李 (1807-1870)，以及美國演員羅伯特·雷德福 (1936-)、羅伯特·德尼羅 (1943-) 和小羅伯特·唐尼 (1965-)。,,,,,,
女,Roberta,"Birdie, Bobbi, Bobbie, Robbie, Robbin, Robin, Robyn, Robina, Robynne(English) Robertina(Italian) Robertina(Spanish)",,英語、義大利語、西班牙語、葡萄牙語,Robert 的女性形式。,,,,,,
男女,Robin,,,英語、法語、荷蘭語、瑞典語、捷克語,中世紀英語中 Robert 的暱稱，現通常被視為一個獨立的名字。羅賓漢 (Robin Hood) 是一位傳奇的英國英雄和弓箭手，他劫富濟貧。 A. A. 米爾恩 (A. A. Milne) 所著《小熊維尼》系列叢書中的人物克里斯托弗·羅賓 (Christopher Robin) 也使用了這個名字，該角色以作者兒子克里斯托弗·羅賓·米爾恩 (Christopher Robin Milne，1920-1996) 為原型。另一個名字其持有者是美國演員兼喜劇演員羅賓威廉斯（Robin Williams，1951-2014）。在現代，它也被用作女性名字，有時也被用來指紅胸鳥。,,,,,,
女,Robina,,,英語（罕見）,Robin 的女性形式。起源於17世紀的蘇格蘭。,,,,,,
男,Robinson,,,英語（罕見）,源自英語姓氏 Robinson，Robinson 是名字 Robin 的父名形式。這是丹尼爾笛福（Daniel Defoe）小說《魯濱遜漂流記》（1719）中主角的名字，該小說講述了一位在偏遠島嶼上遇難的水手的故事。,,,,,,
女,Robyn,,,英語,Robin 的女性變體。,,,,,,
女,Robynne,,,英語（罕見）,Robin 的女性變體。,,,,,,
女,Rochelle,,,英語,源自法國城市拉羅謝爾（La Rochelle），意為「小石城」。它最初在1930年代在美國被廣泛用作名字，可能是因為女演員羅謝爾·哈德森（1914-1972）的名氣，以及它與瑞秋（Rachel）的名字相似。,,,,,,
男,Rocky,,,英語,Rocco 和其他以類似發音開頭的名字的縮寫，或指強悍的人的 暱稱。這是電影《洛基》（1976年）及其續集中拳擊手洛基·巴爾博亞（西爾維斯特·史泰龍飾演）的名字。,,,,,,
男,Rod,,,英語,Roderick 或 Rodney 的縮寫。,,,,,,
男,Roddy,,,英語、蘇格蘭語,Roderick 或 Rodney 的縮寫。,,,,,,
男,Roderick,,,英語、蘇格蘭語、威爾斯語,意為“著名的統治者”，源自古德語元素 hruod“名聲”和 rih“統治者、國王”。這個名字在西哥德人中很常用；這個名字由他們的最後一位國王（哥德語形式 *Hroþireiks，西班牙語形式 Rodrigo）所用，他在公元8世紀與入侵西班牙的穆斯林的戰鬥中陣亡。它在古挪威語和西日耳曼語中也有同源詞，斯堪的納維亞定居者和諾曼人將其引入英格蘭，但在中世紀之後逐漸消亡。沃爾特·斯科特1811年的詩歌《唐·羅德里克的幻象》使它重新在英語世界中流行起來。這個名字也曾是蘇格蘭語 Ruaridh 或威爾斯語 Rhydderch 的英語化形式。,,,,,,
男,Rodge,,,英語,Rodger 的縮寫。,,,,,,
男,Rodger,,,英語,Roger 的變體。,,,,,,
男,Rodney,,,英語,源自於一個英語姓氏，最初源自於一個地名，在古英語中意為「赫羅達的島嶼」（其中 Hroda 是一個古英語名字，意為「名聲」）。它最初是為了紀念英國海軍上將羅德尼勳爵（1719-1792）而用作名字的。,,,,,,
男,Rodolph,,,英語（罕見）、法語（罕見）,Rudolf 的變體。,,,,,,
男,Roger,,,英語、法語、加泰隆尼亞語、瑞典語、挪威語、德語、荷蘭語,源自日耳曼語名 Hrodger，意為“著名的長矛”，由 hruod（名聲）和 ger（長矛）兩個詞組成。諾曼人將這個名字帶到了英格蘭，並在那裡取代了古英語同源詞 Hroðgar（盎格魯-撒克遜史詩《貝奧武甫》中丹麥國王的名字）。在中世紀時期，這個名字在英格蘭很常見。到了18世紀，它已經很少見了，但在隨後的幾年裡又重新流行起來。這個名字由諾曼領主羅傑一世（他在11世紀征服了西西里島）和他的兒子羅傑二世（作為國王統治西西里島）所使用。這個名字在20世紀上半葉的法國非常流行。在英語世界，它尤其在1930年代到1950年代流行。著名的使用這個名字的人包括英國演員羅傑摩爾（1927-2017）和瑞士網球運動員羅傑費德勒（1981-）。,,,,,,
男,Roland,,,英語、法語、德語、瑞典語、荷蘭語、匈牙利語、波蘭語、斯洛伐克語、阿爾巴尼亞語、格魯吉亞語、加洛林王朝循環,源自古德語元素 hruod（意為「名望」）和 lant（意為「土地」），儘管有些理論認為第二個元素最初是 nand（意為「勇敢」）。羅蘭是查理曼大帝麾下的軍事指揮官，在隆塞斯瓦耶斯戰役中被巴斯克人殺害。他的名字在拉丁語中被記錄為 Hruodlandus。他的故事在11世紀的法國史詩《羅蘭之歌》中被大加渲染，在書中，他是查理曼大帝的侄子，在遭到撒拉遜人的伏擊後被殺。諾曼人將這個名字引入了英格蘭。,,,,,,
男,Rolf,,,德語、瑞典語、挪威語、丹麥語、英語,源自古德語名Hrolf（或其古挪威語同源詞Hrólfr），是Hrodulf（參見Rudolf）的縮寫。諾曼人將這個名字引入了英格蘭，但很快就變得稀少。在現代，它偶爾在英語世界中被用作從德語中引入的名字。,,,,,,
男,Rolland,,,法語、英語,Roland 的變體。,,,,,,
男,Rollie,,,英語,Roland的暱稱。,,,,,,
男,Rollo,,,英語,Roul 的拉丁化形式，Rolf 的古法語形式。 「Ganger」羅洛（或稱羅爾夫）是一位被流放的維京人，他在10世紀成為第一位諾曼底公爵。自19世紀以來，它在英語世界中一直被用作名字。,,,,,,
男,Rolo,,,英語（罕見）,Rollo 的變體。,,,,,,
男,Rolph,,,英語（罕見）,Rolf 的變體。,,,,,,
男,Roly,,,英語,Roland 的暱稱。,,,,,,
女,Romaine,,,法語、英語,Romanus 的法文陰性形式（參見 Roman）。,,,,,,
男,Roman,,,俄語、波蘭語、捷克語、斯洛伐克語、烏克蘭語、斯洛維尼亞語、克羅埃西亞語、愛沙尼亞語、德語、英語,源自晚期拉丁文名稱 Romanus，意為「羅馬人」。這個名字由幾位早期聖徒使用，其中包括一位7世紀的魯昂主教，以及保加利亞、基輔和摩爾達維亞的中世紀統治者。,,,,,,
女,Romayne,,,英語（罕見）,Romaine 的變體。,,,,,,
女,Romey,,,英語（罕見）,Rosemary 的暱稱。,,,,,,
男女,Romilly,,,英語（英國，罕見）,源自於一個英語姓氏，姓氏源自諾曼第各城鎮的名稱，而這些城鎮本身又源自於名字 Romilius。,,,,,,
女,Romy,,,德語、荷蘭語、法語、英語,Rosemarie、Rosemary 以及以 Rom 開頭的名字的暱稱。,,,,,,
男,Ron (1),,,英語,Ronald 的縮寫。,,,,,,
女,Rona (1),,,英語,Rhona 的變體。,,,,,,
男,Ronald,,,蘇格蘭語、英語、荷蘭語、德語,Ragnvaldr 的蘇格蘭形式，該名字由斯堪的納維亞定居者和入侵者引入英國。它在 20 世紀在蘇格蘭以外地區流行起來。一個著名的持有者是美國演員兼總統羅納德·雷根（1911-2004）。它也與麥當勞連鎖餐廳的小丑吉祥物羅納德·麥當勞有關，該吉祥物於1963年首次出現。,,,,,,
男,Ronan,,,布列塔尼語、愛爾蘭語、法語、英語（現代）,Rónán 的布列塔尼語和英語化形式。,,,,,,
女,Ronda,,,英語,Rhonda 的變體。,,,,,,
女,Roni (2),,,英語,Veronica 的暱稱。,,,,,,
男,Ronin,,,英語（現代）,Ronan 的變體，也與日語詞彙「浪人」（ronin）意思相符，意為「沒有主人的武士」。,,,,,,
女,Ronnette,,,英語（罕見）,Ronald 的女性形式。,,,,,,
男女,Ronnie,,,英語,Ronald 或 Veronica 的暱稱。,,,,,,
男,Ronny,,,英語,Ronald 的暱稱。,,,,,,
男,Roosevelt,,,英語,源自荷蘭姓氏 Roosevelt，意為「玫瑰田」。該名字常用於紀念美國總統西奧多·羅斯福 (1858-1919) 或富蘭克林·D·羅斯福 (1882-1945)。,,,,,,
女男,Rorie,,,英語,Rory 的變體。,,,,,,
男女,Rory,,,愛爾蘭語、蘇格蘭語、英語,Ruaidhrí 的英語化形式。該名字通常為男性名字，在電視劇《吉爾莫女孩》（2000-2007）中作為 Lorelai 的暱稱出現後，在美國女孩中頗受歡迎。儘管如此，這個名字在美國男孩中越來越常見，尤其是在 2011 年之後，這或許要歸功於北愛爾蘭高爾夫球手 Rory McIlroy（1989-）。,,,,,,
女,Ros,,,英語,Rosalind、Rosamund 和其他以 Ros 開頭的名字的縮寫。,,,,,,
女,Rosa (1),,,西班牙語、義大利語、葡萄牙語、加泰隆尼亞語、瑞典語、丹麥語、挪威語、芬蘭語、荷蘭語、德語、英語,通常，該詞可被認為源自拉丁語 rosa，意為“玫瑰”，但其最初可能源自於一個無關的日耳曼名字 Roza 2。 Roza 2 是 13 世紀一位來自義大利維泰博的聖徒的名字。在英語世界中，該名字首次使用於 19 世紀。該名字的著名使用者包括波蘭裔德國革命家羅莎·盧森堡 (1871-1919) 和美國民權活動家羅莎·帕克斯 (1913-2005)。,,,,,,
女,Rosabel,,,英語（罕見）,由 Rosa 1 和常用名後綴 bel 組合而成，靈感源自拉丁語 bella（意為「美麗的」）。名字誕生於 18 世紀。,,,,,,
女,Rosabella,,,英語（罕見）,Rosabel 的變體。,,,,,,
女,Rosalee,,,英語,Rosalie 的變體。,,,,,,
女,Rosaleen,,,英語（罕見），愛爾蘭語,"Rosaline 的變體。詹姆斯·克拉倫斯·曼根 (James Clarence Mangan) 在其詩歌《黑暗的羅莎琳》(Dark Rosaleen, 1846) 中將其用作 Róisín 的翻譯。",,,,,,
女,Raslie,,,法語、德語、荷蘭語、英語,"Rosalia 的法語、德語和荷蘭語形式。在英語國家，這個名字在電影《羅莎莉》(Rosalie, 1938) 上映後大受歡迎，該電影改編自早期音樂劇。",,,,,,
女,Rosalin,,,英語（罕見）,Rosalind 的中世紀變體。,,,,,,
女,Rosalind,,,英語（罕見）,源自古德語元素 hros（意為「馬」）和 lind（意為「柔軟、靈活、溫柔」）。諾曼人將這個名字引入了英格蘭，儘管它並不常見。在中世紀，其拼寫受到拉丁語短語 rosa linda（意為“美麗的玫瑰”）的影響。埃德蒙·斯賓塞（Edmund Spencer）在其詩歌中使用該詞，威廉·莎士比亞（William Shakespeare）也將其用於其喜劇《皆大歡喜》（1599 年）中的女主角，從而使該名字廣為流傳。,,,,,,
女,Rosaline,,,英語,Rosalind 的中世紀變體。這是莎士比亞戲劇《愛的徒勞》（1594 年）和《羅密歐與茱麗葉》（1596 年）中人物的名字。,,,,,,
女,Rosalyn,,,英語,Rosaline 的變體。也可以將其視為 Rose 的變體，並加上常用名後綴 lyn。,,,,,,
女,Rosalynne,,,英語（罕見）,Rosalyn 的變體。,,,,,,
女,Rosamond,,,英語,Rosamund 的變體，自中世紀以來一直使用。,,,,,,
女,Rosamund,,,英語（罕見）,源自古德語元素 hros（馬）和 munt（保護）。名字由倫巴第國王阿爾博因（Alboin）的妻子於6世紀所用。諾曼人將其引入英格蘭。後來，它被解釋為源自拉丁語 rosa munda（純潔的玫瑰）或 rosa mundi（世界的玫瑰）。這是12世紀英格蘭國王亨利二世的情婦的名字。據傳說，她被他的妻子阿基坦的埃莉諾（Eleanor of Aquitaine）謀殺。,,,,,,
女,Rosanna,,,義大利語、英語,Rosa 1 和 Anna 的組合。,,,,,,
女,Rosannah,,,英語（罕見）,Rosanna 的變體。,,,,,,
女,Rosanne,,,英語、荷蘭語,Rose 和 Anne 1 的組合。,,,,,,
男,Roscoe,,,英語,源自於一個英語姓氏，最初源自於一個地名，而地名本身又源自古挪威語 rá（雄鹿）和 skógr（樹林、森林）。,,,,,,
女,Rose,,,英語、法語,最初是日耳曼語名 Hrodohaidis 的諾曼法語形式，意為“著名的類型”，由 hruod（名望）和 heit（種類、種類、類型）組成。諾曼人將其以 Roese 和 Rohese 的形式引入英國。從很早以前，它就與表示芬芳的玫瑰（源自拉丁語 rosa）的單字聯繫在一起。當這個名字在 19 世紀復興時，很可能與玫瑰有關。,,,,,,
女,Roseann,,,英語,Rosanne 的變體。,,,,,,
女,Roseanna,,,英語（罕見）,Rosanna 的變體。,,,,,,
女,Roseanne,,,英語,Rosanna 的變體。,,,,,,
女,Roselyn,,,英語,Rosanne 的變體。,,,,,,
女,Rosemarie,,,英語、德語、荷蘭語,Rosemary 的變體。,,,,,,
女,Rosemary,,,英語,Rose 和 Mary 的組合。此名也指這種草本植物，其名稱源自拉丁語 ros marinus，意為「海之露」。它在 19 世紀開始用作名字。,,,,,,
女,Rosie,,,英語,Rose 的縮寫。,,,,,,
女, Roslyn,,,英語,Rosalyn 的變體。,,,,,,
男,Ross,,,蘇格蘭語、英語,源自蘇格蘭和英語姓氏，原指來自羅斯（例如蘇格蘭北部羅斯地區）的人，源自蓋爾語 ros，意為「海岬、岬角」。該姓氏的著名使用者是南極探險家詹姆斯·克拉克·羅斯（1800-1862）。,,,,,,
男,Roswell,,,英語,源自於古英語地名的姓氏，意為「馬泉」。,,,,,,
女,Rosy,,,英語,Rose 的暱稱。,,,,,,
男女,Rowan,,,愛爾蘭語，英語（現代）,愛爾蘭名字 Ruadhán 的英語化形式。作為英語名，它也可以源自姓氏 Rowan，而 Rowan 本身又源自愛爾蘭名字。它也可以指花楸樹，這個字源自於古挪威語（巧合的是，它與愛爾蘭名字共享相同的印歐語係詞根，意為「紅色」）。,,,,,,
女,Rowanne,,,英語（罕見）,Rowan 的陰性變異。,,,,,,
男女,Rowen,,,英語（現代）,Rowan 的變體。,,,,,,
女,Rowena,,,英語,含義不明。根據12世紀編年史家蒙茅斯的傑弗裡 (Geoffrey of Monmouth) 的記載，這是撒克遜酋長亨吉斯特 (Hengist) 女兒的名字。傑弗裡可能（但未經證實）將其源於古英語元素 hroð“名望”和 wynn“歡樂”，或者源於古威爾士語元素 ron“矛”和 gwen“白色”。沃爾特·斯科特將其推廣，並用它來指代其小說《艾芬豪》（1819 年）中的一個角色。,,,,,,
女,Rowina,,,英語（罕見）,Rowena 的變體。,,,,,,
男,Rowland,,,英語,Roland 的中世紀變體。,,,,,,
男,Rowley,,,英語,Roly 的變體。,,,,,,
女,Roxane,,,法語、英語,Roxana 的法語和英語形式。這是戲劇《大鼻子情聖》（1897年）中西拉諾的愛人的名字。,,,,,,
女,Roxanna,,,英語,Roxana 的變體。,,,,,,
女,Roxanne,,,法語、英語,Roxane 的變體。,,,,,,
女,Roxie,,,英語,Roxana 的暱稱。,,,,,,
女,Roxy,,,英語,Roxana 的暱稱。,,,,,,
男,Roy,,,蘇格蘭語、英語、荷蘭語,Ruadh 的英語化形式。這個詞的著名使用者是蘇格蘭亡命之徒和民間英雄羅布·羅伊（1671-1734）。它經常與法語 roi“國王”聯繫在一起。,,,,,,
男女,Royal,,,英語,源自英語單字 royal，這個字源自於（透過古法語）拉丁文 regalis，是 rex「國王」的衍生字。它在19世紀首次用作名字。,,,,,,
女男,Royale,,,英語（罕見）,Royal 的變體。,,,,,,
女,Royalty,,,英語（現代）,源自英語單字 royality，此字源自於（古法語）拉丁語 regalitas，是 rex（國王）的衍生字。,,,,,,
男,Royce,,,英語,源自於一個英語姓氏，姓氏源自中世紀名字 Royse，是 Rose 的變體。,,,,,,
男,Roydon,,,英語（罕見）,源自一個姓氏，該姓氏最初源自於一個地名，意為“黑麥山”，源自古英語 ryge（黑麥）和 dun（山）。,,,,,,
男,Royle,,,英語（罕見）,源自一個姓氏，該姓氏最初源自於一個地名，意為“黑麥山”，源自古英語 ryge（黑麥）和 hyll（山）。,,,,,,
男,Royston,,,英語（英國）,源自一個姓氏，該姓氏最初源自於一個古英語地名，意為「羅伊斯鎮」。名字 Royse 是 Rose 的中世紀變體。,,,,,,
女,Roz,,,英語,Rosalind、Rosamund 等以相同發音開頭的名字的縮寫。,,,,,,
女,Rozanne,,,英語,Rosanne 的變體。,,,,,,
男,Rube,,,英語,Reuben 的縮寫。,,,,,,
女,Ruby,,,英語,源自於一種寶石的名稱（最終源自拉丁文 ruber，意為「紅色」），是傳統的七月誕生石。它在16世紀開始用作名字。,,,,,,
男,Rubye,,,英語,Ruby 的變體。,,,,,,
男,Rudolph,,,英語,Rudolf 的英語形式，19世紀從德國傳入。羅伯特·L·梅在1939年將其用於他的聖誕角色紅鼻子馴鹿魯道夫。,,,,,,
男,Rudy,,,英語,Rudolf 的暱稱。,,,,,,
男,Rudyard,,,英語（罕見）,源自於古英語中意為「紅色院子」的地名。名字由《叢林奇譚》等作品的作者魯德亞德·吉卜林（1865-1936）命名，以斯塔福德郡的魯德亞德湖命名。,,,,,,
女,Rue,,,英語,源自於一種苦味藥草的名稱，最終源自於希臘語ῥυτή（韻）。有時也用作《路得記》1的縮寫。,,,,,,
男,Rufus,,,古羅馬、英語、聖經,羅馬別名，拉丁文意為「紅髮」。幾位早期聖徒都叫這個名字，其中包括一位在《新約》保羅書信中提到的聖徒。英格蘭國王威廉二世·魯弗斯因其紅頭髮而將其用作綽號。宗教改革後，該名字在英語世界普遍使用。,,,,,,
男,Rupert,,,德語、英語,Robert 的德語變體，源自古德語變體 Hrodperht。名字由7世紀的薩爾斯堡聖魯伯特和8世紀的賓根聖魯伯特所使用。查理一世的侄子、軍事指揮官萊茵河的魯珀特王子在17世紀將此姓氏引入英國。一位著名的姓氏使用者是澳裔美國商人魯珀特·默多克（1931-）。,,,,,,
男,Russ,,,英語,Russell 的縮寫。,,,,,,
男,Russel,,,英語,Russell 的變體。,,,,,,
男,Russell,,,英語,源自英語姓氏 Russell，源自諾曼語，意為「小紅人」（古法語 rous「紅色」的縮寫）。一位著名的姓氏使用者是英國不可知論哲學家伯特蘭·羅素（1872-1970），他的著作涉及邏輯、知識論和數學等許多領域。他也是一位政治活動家，致力於和平主義和婦女權利等事業。在20世紀的大部分時間裡，這個姓氏在整個英語世界都很常見，但在20世紀60年代，它在大多數地方開始逐漸衰落。,,,,,,
男,Rusty,,,英語,源自於一個暱稱，原指頭髮呈銹紅色或紅棕色的人。,,,,,,
女,Ruth (1),,,英語、德語、荷蘭語、瑞典語、挪威語、丹麥語、愛沙尼亞語、西班牙語、聖經、聖經拉丁語,源自希伯來文 רוּת (Ruṯ)，可能源自於 רְעוּת (reʿuṯ)，意為「女性朋友」。這是《舊約》《路得記》中主角的名字。她是一位摩押女子，在路得的丈夫過世後，陪同婆婆拿俄米回到伯利恆。在那裡，她遇見了波阿斯並與之結婚。她是大衛王的祖先。作為基督教名字，Ruth 自新教改革以來一直被使用。在英格蘭，它與古詞 ruth 聯繫在一起，意為「憐憫、同情」（現在只常用於 ruthless 一詞）。在格羅弗·克利夫蘭總統的女兒「小露絲·克利夫蘭」（1891-1904）出生後，這個名字在美國變得非常流行。,,,,,,
女,Ruthie,,,英語,Ruth 1 的暱稱。,,,,,,
男女,Ry,,,英語,Ryan 和其他以 Ry 開頭的名字的縮寫。,,,,,,
男,Ryan,,,英語,源自愛爾蘭常見的姓氏，即 Ó Riain 的英語化形式。這個父名源自於名字 Rian，但意義不明。傳統上，它被認為是“小國王”，源自於愛爾蘭語 rí（國王）加上一個暱稱後綴。在美國，這個名字在 20 世紀 50 年代和 60 年代穩步增長。 1970 年電影《瑞恩的女兒》上映後，它迅速地躥紅。幾年之內，它就躋身了最受歡迎名字的前 20 名，並持續了 30 多年。著名姓氏包括加拿大演員瑞安雷諾茲（1976-）和瑞安高斯林（1980-）。,,,,,,
女,Ryana,,,英語（罕見）,Ryan 的女性形式。,,,,,,
女,Ryanne,,,英語（罕見）,Ryan 的女性形式。,,,,,,
男,Ryden,,,英語（現代）,Ryder 的變體，使用了常見的 den 後綴發音，例如 Braden、Hayden 和 Aidan。,,,,,,
男,Ryder,,,英語（現代）,源自於一個英語職業姓氏，源自古英語 rider，意為「騎兵」或「信差」。由於其首字母發音與其他流行姓氏（例如 Ryan 和 Riley）相同，它在 21 世紀越來越受歡迎。,,,,,,
男,Ryker,,,英語（現代）,可能是德國姓氏 Riker 的變體，Riker 源自於低地德語 rike（意為「富人」）。作為一個現代英語名字，它之所以流行，是因為它與 Ryan 和 Ryder 等其他名字的發音相似。,,,,,,
男,Rylan,,,英語（現代）,可能是 Ryland 的變體，但也可能是受 Ryan 和 Riley 等其他名字啟發而發明的名字。,,,,,,
男,Ryland,,,英語（現代）,源自於一個英語姓氏，該姓氏最初源自於一個地名，在古英語中意為「黑麥之地」。,,,,,,
女男,Rylee,,,英語（現代）,Riley 的變體。,,,,,,
女,Ryleigh,,,英語（現代）,Riley 的女性變體。,,,,,,
男女,Ryley,,,英語（現代）,,,,,,,
女男,Rylie,,,英語（現代）,Riley 的變體。,,,,,,
S,,,,,,,,,,,
女,Sabella,,,英語（罕見）,Isabella 的縮寫。,,,,,,
女,Sable,,,英語（現代）,源自英語單字，意為“黑色”，源自於原產於北亞的一種黑毛哺乳動物的名字，最終源自於斯拉夫語。,,,,,,
女,Sabrina,,,英語、義大利語、德語、法語、西班牙語、葡萄牙語,Habren 的拉丁化形式，Habren 是塞文河最初的威爾斯語名稱。根據蒙茅斯的傑弗裡的說法，Sabrina 是一位在塞文河溺亡的公主的名字。據說這條河是以她的名字命名的，但更有可能的是，她的名字實際上源於這條河的名字，但含義不明。她是約翰·彌爾頓假面劇《科默斯》（1634 年）中的一位水仙女。這個名字因塞繆爾·A·泰勒的戲劇《薩布麗娜集市》（1953年）以及次年改編的電影《薩布麗娜》而為公眾所知。這也是漫畫人物「少女巫師薩布麗娜」的名字，該角色於1962年首次亮相，並於1970-1974年和1996-2003年被改編成電視劇，這兩部電視劇都使其受歡迎程度略有上升。 1976年，它再次成為電視劇《霹靂嬌娃》中一個主要角色的名字，人氣再次飆升。,,,,,,
女,Sabryna,,,英語（罕見）,Sabrina 的變體。,,,,,,
男,Sacheverell,,,英語（罕見）,源自於一個現已消失的英語姓氏，該姓氏源自諾曼地名。有時，人們會用它來紀念英國傳教士亨利·薩布麗娜（1674-1724），尤其是西特韋爾貴族家族。,,,,,,
女,Sadie,,,英語,Sarah 的暱稱。,,,,,,
女,Saffron,,,英語（罕見）,源自英語單字，指香料、用於採摘的番紅花或香料的橙黃色。它經由古法語衍生自阿拉伯語زعفران (zaʿfarān)，而زعفران 本身可能源自波斯語，意為「金葉」。,,,,,,
女男,Sage,,,英語（現代）,源自英語單字sage，此字既指香料，也指智者。,,,,,,
女,Saige,,,英語（現代）,Sage的變體。,,,,,,
女,Sailor,,,英語（罕見）,Saylor的變體。這是不太常見的拼法。,,,,,,
男,Saint,,,英語（現代）,源自英語單字，最後源自拉丁文sanctus，意為「神聖的，聖潔的」。,,,,,,
女男,Sal,,,英語,Sally、Salvador和其他以Sal開頭的名字的縮寫。,,,,,,
女男,Salem (2),,,英語（現代）,源自聖經中一座城鎮的名字，希伯來文 שָׁלֵם（Shalem），意為「完整、安全、和平」。根據《舊約》，這是麥基洗德統治的城鎮。它通常與耶路撒冷聯繫在一起。許多地方都以這座聖經城鎮命名，大多數在美國，尤其是馬薩諸塞州的一座城市，臭名昭著的塞勒姆女巫審判於1692年在此發生。,,,,,,
女,Salena,,,英語（現代）,可能是根據發音相似的名字（例如 Selina）而發明的名字。,,,,,,
女,Salina,,,英語,可能是根據發音相似的名字（例如 Selina）而發明的名字。,,,,,,
女,Sallie,,,英語,Sally 的變體。,,,,,,
女,Sally,,,英語,Sarah 的縮寫，通常是單獨使用。,,,,,,
女,Salome,,,英語（罕見）、德語（罕見）、格魯吉亞語、聖經語、聖經拉丁語、聖經希臘語,源自於一個亞蘭文名字，與希伯來文 שָׁלוֹם (shalom) 相關，意為「和平」。根據歷史學家約瑟夫斯的說法，這是希羅底（加利利分封侯希律·安提帕的妻子）女兒的名字。在《新約》中，雖然沒有具體的名字，但據說是希羅底的一個女兒，她為希律跳舞，並被授予施洗約翰的頭顱作為獎賞，因此莎樂美傳統上與這位舞者等同。作為基督教名字，莎樂美自新教改革以來偶爾使用。這是因為《新約》中出現了第二個同名的人：一位目睹耶穌受難併後來發現耶穌墳墓是空的女性。格魯吉亞人使用這個名字是因為公元4世紀的烏賈爾瑪的莎樂美（Salome of Ujarma），她被格魯吉亞教會視為聖人。,,,,,,
男女,Sam (1),,,英語,Samuel、Samson、Samantha 以及其他以 Sam 開頭的名字的簡稱。一個著名的虛構名字是 Sam Spade，他是達希爾·哈米特（Dashiell Hammett）小說《馬耳他之鷹》（1930 年）中的偵探。在 J. R. R. 托爾金（J. R. R. Tolkien）1954 年的小說《魔戒》（1954 年）中，這是 Samwise 的簡稱。,,,,,,
女,Samantha,,,英語、義大利語、荷蘭語,可能意為 Samuel 的女性化形式，使用了名字字尾 antha（可能受希臘語 ἄνθος (anthos) 啟發，意為「花」）。它起源於 18 世紀的美國，但直到 1964 年才因電視劇《家有仙妻》的主角而流行起來。,,,,,,
女,Samara,,,英語（現代）、葡萄牙語（巴西）,可能源自薩馬拉（位於伊拉克）或薩馬拉（位於俄羅斯）的城市名稱。前者出現在約翰·奧哈拉的小說《薩馬拉之約》（1934年）的標題中，該小說講述了一個古巴比倫傳說，講述了一個試圖逃避死亡的人。或者，這個名字可能源自楓樹和榆樹等樹木上生長的帶翅膀的種子。在恐怖電影《午夜凶鈴》（2002）中的反派使用了這個名字後，這個名字的知名度大幅提升。,,,,,,
女,Sammi,,,英語（罕見）,Samantha 的暱稱。,,,,,,
女男,Sammie,,,英語,Samuel、Samson 或 Samantha 的暱稱。,,,,,,
男女,Sammy,,,英語,Samuel、Samson 或 Samantha 的暱稱。,,,,,,
男,Sampson (2),,,英語,源自於一個英語姓氏，而該姓氏本身又源自於中世紀名字 Samson 的形式。,,,,,,
男,Samson,,,聖經、英語、法語、聖經拉丁語,源自希伯來文名字 שִׁמְשׁוֹן (Shimshon)，源自 שֶׁמֶשׁ (shemesh)，意為「太陽」。參孫是《舊約》中一位被上帝賦予非凡力量的英雄。他的情婦大利拉背叛了他，剪掉了他的頭髮，剝奪了他的力量。因此，他被非利士人俘虜，弄瞎了雙眼，並被帶到他們的神殿。然而，他最終憑藉著一己之力，推倒了神廟的柱子，將自己和俘虜他的人們壓死。這個名字在諾曼人中廣為人知，源於威爾斯主教聖薩姆森（Saint Samson），他在公元6世紀在布列塔尼和諾曼底建立了修道院。對他來說，這個名字可能是他真正的凱爾特名字的翻譯。薩姆森（Samson）作為一個英語名，在中世紀很常見，是由諾曼人引入的。目前，它在非洲最為常見，尤其是在那些曾經被英國殖民的國家。,,,,,,
男,Samuel,"Sam, Sammie, Sammy(英語) Samu(西班牙語) Sami, Samppa, Samu(芬蘭語)",,掌握英語、法語、德語、荷蘭語、西班牙語、葡萄牙語、波蘭語、捷克語、斯洛伐克語、羅馬尼亞語、瑞典語、挪威語、丹麥語、芬蘭語、猶太語、阿姆哈拉語、聖經語,源自希伯來文 שְׁמוּאֵל (Shemuʾel)，意為“上帝之名”，其詞根 שֵׁם (shem) 意為“名字”，אֵל (ʾel) 意為“上帝”。其他解釋認為，其第一個詞根是 שָׁמַע (shamaʿ)，意為“聽到”，因此可理解為“上帝聽到了”。根據《舊約》撒母耳記上記載，撒母耳是最後一位士師。他帶領以色列人度過了一段被非利士人統治的時期，最終在米斯巴戰役中被擊敗。後來，他膏立掃羅為以色列的首任王，之後又膏立他的繼承人大衛。作為一個基督教名字，塞繆爾（Samuel）在宗教改革後開始廣泛使用。它在英語世界一直很受歡迎，每年都躋身美國最常用名字前100名之列（自1880年以來有記錄以來），在英國也同樣受歡迎。使用這個名字的名人包括英國詩人塞繆爾·泰勒·柯爾律治（Samuel Taylor Coleridge，1772-1834）、美國發明家塞繆爾·莫爾斯（Samuel Morse，1791-1872）、愛爾蘭作家塞繆爾·貝克特（Samuel BeckLett，1906-1989）和美國演員塞繆爾·傑克遜·傑克遜，1948-1948-1948-1948-1948-1948）。這也是美國作家馬克‧吐溫（Mark Twain，1835-1910）的本名塞繆爾‧克萊門斯（Samuel Clemens）。,,,,,,
男,Sandford,,,英語（罕見）,源自Sanford的變體姓氏。,,,,,,
女,Sandie,,,英語,Sandy的變體。,,,,,,
女,Sandra,,,義大利語、英語、法語、西班牙語、葡萄牙語、德語、荷蘭語、瑞典語、挪威語、丹麥語、冰島語、拉脫維亞語、立陶宛語、波蘭語、斯洛維尼亞語、克羅埃西亞語、塞爾維亞語、馬其頓語、捷克語、羅馬尼亞語,Alessandra 的縮寫。該名稱由作家喬治·梅雷迪斯引入英語世界（在那裡通常與 Alexandra 分開使用），他在其小說《英格蘭的艾米莉亞》（1864 年）和再版《桑德拉·貝洛尼》（1887 年）中將其用作女主角。美國女演員桑德拉·布洛克（1964-）是該名稱的著名使用者。,,,,,,
男女,Sandy,,,英語,最初是 Alexander 的暱稱。作為女性名字，它是 Alexandra 或 Sandra 的暱稱。也可以用來指顏色。,,,,,,
男,Sanford,,,英語,源自英語姓氏，原源自地名，古英語意為「沙灘」。,,,,,,
女男,Santana,,,西班牙語（拉丁美洲）、葡萄牙語（巴西）、英語（現代）,"源自 Santa Ana（指聖安娜）的縮寫，或源自西班牙語和葡萄牙語姓氏，該姓氏源自眾多以這位聖人命名的地名。該姓氏也可用於紀念墨西哥裔美國音樂家卡洛斯桑塔納 (Carlos Santana, 1947-)，他是桑塔納樂隊的創始人。 1984 年，桑塔納·安德拉德 (Santana Andrade) 這個角色開始出現在肥皂劇《聖巴巴拉》(Santa Barbara) 中後，這個名字在美國女孩中越來越受歡迎。",,,,,,
女,Sapphire,,,英語（現代）,源自一種寶石的名稱，通常為藍色，是九月的傳統誕生石。它源自於希臘文 σάπφειρος (sappheiros)，最終源自於希伯來文 סַפִּיר (sappir)。,,,,,,
女,Sara,,,希伯來語、希臘語、西班牙語、義大利語、葡萄牙語、法語、加泰隆尼亞語、加利西亞語、羅馬尼亞語、德語、荷蘭語、瑞典語、挪威語、丹麥語、冰島語、芬蘭語、斯洛維尼亞語、克羅地亞語、塞爾維亞語、波斯尼亞語、阿爾巴尼亞語、今天、馬其語、波蘭文,Sarah 在多種語言中的使用形式。,,,,,,
女,Sarah,,,英語、法語、德語、丹麥語、瑞典語、挪威語、荷蘭語、希伯來語、阿拉伯語、聖經,源自希伯來文 שָׂרָה (Sara)，意為「女士、公主、貴婦」。在《舊約》中，這是亞伯拉罕妻子的名字，被認為是猶太人的女族長。她一直不孕，直到90歲時意外懷上了以撒。她最初的名字是撒萊 (Sarai)，但上帝在亞伯拉罕改名的同時，也改了她的名字（參考創世記 17:15）。在英國，Sarah 是在抗議活動後開始使用的,,,,,,
女,Saranna,,,英語（罕見）,Sarah 和 Anna 的組合，自 18 世紀起偶爾使用。,,,,,,
女,Sarina,,,德語、荷蘭語、英語（現代）,Sara 的暱稱，有時是 Serena 的變體。,,,,,,
男女,Sasha,,,俄語、烏克蘭語、英語、法語,Aleksandr 或 Aleksandra 的俄語和烏克蘭語暱稱。,,,,,,
男,Satchel,,,英語（罕見）,源自於一個英語姓氏，源自古英語 sacc，意為“麻袋、包”，指包匠。美國棒球選手 Satchel Paige (1906-1982) 就是一個著名的名字。他童年時因賣包而獲得這個綽號。,,,,,,
女,Saundra,,,英語,Sondra 的變體。,,,,,,
女,Savanna,,,英語,Savannah 的變體。,,,,,,
女,Savannah,,,英語,源自英語中大片草原的單詞，最終源自於泰諾語（美洲原住民）單字 zabana。它在19世紀開始在美國用作名字。在1980年代，電影《薩凡納的微笑》（1982年）重新啟用了它。,,,,,,
男女,Sawyer,,,英語（現代）,源自於一個英語姓氏，意為「鋸木頭的人」。馬克吐溫在其小說《湯姆索亞歷險記》（1876年）中用它命名男主角。在1980年之前，它作為美國名字非常罕見，但在1980年代和1990年代逐漸流行起來。 2004年，電視劇《迷失》首播後，這個名字的受歡迎程度進一步提升，劇中出現了一個同名角色。,,,,,,
男,Saxon,,,英語（現代）,源自於一個英語姓氏，該姓氏源自日耳曼部落撒克遜人的名稱，最終源自日耳曼語單字 *sahsą，意為「刀」。這個名字也可以直接指稱該部落。,,,,,,
女,Saylor,,,英語（現代）,源自於一個英語姓氏，姓氏源自古法語 sailleor，意為「雜技演員、舞者」。作為現代英語名字，它也可能源自同音詞“sailor”。,,,,,,
女,Scarlet,,,英語（現代）,要么是 Scarlett 的變體，要么源自英語中表示紅色的單字（兩者同源，都是指一種布料）。,,,,,,
女,Scarlett,,,英語,源自於一個英語姓氏，指出售或製作猩紅色（一種布料，可能源自波斯語 سقرلاط (saqrelāṭ)）衣服的人。瑪格麗特·米切爾在她的小說《亂世佳人》（1936 年）中用它命名了主角斯嘉麗·奧哈拉。據解釋，她的名字源自於她的祖母。儘管這本書在 1939 年被改編成一部熱門電影，但這個名字直到 21 世紀才開始流行。它在 2003 年左右開始流行，大約與美國女演員斯嘉麗約翰遜（1984-）的事業開始起飛的時間有關。,,,,,,
女,Scarlette,,,英語（現代）,Scarlett 的變體。,,,,,,
男女,Schuyler,,,英語,源自荷蘭姓氏，意為「學者」。荷蘭殖民者將姓氏帶到美國，後來為了紀念美國將軍兼參議員菲利普·斯凱勒（1733-1804），姓氏被採納為名字。,,,,,,
男,Scot,,,英語，蘇格蘭語,Scott 的變體。,,,,,,
男,Scott,,,英語，蘇格蘭語,源自英國和蘇格蘭的姓氏，指蘇格蘭人或講蘇格蘭蓋爾語的人。它源自於拉丁語 Scoti，意為“蓋爾人，講蓋爾語的人”，其最終來源尚不清楚。,,,,,,
男女,Scottie,,,英語,Scott 的暱稱，也用作陰性形式。,,,,,,
男,Scotty,,,英語,Scott 的暱稱。,,,,,,
女男,Scout,,,英語（現代）,源自英語單字 scout，意為“秘密收集資訊的人”，源自古法語 escouter，意為“傾聽”。哈珀李在其小說《殺死一隻知更鳥》（1960 年）中使用了這個名字。,,,,,,
男,Sean,,,愛爾蘭語，英語,Seán 的英語化形式。這個名字，以及其變體 Shawn 和 Shaun，大約在 20 世紀中葉開始在愛爾蘭以外的英語世界使用。,,,,,,
女,Seanna,,,英語（罕見）,Seán 的陰性形式。,,,,,,
男,Sebastian,,,德語、英語、瑞典語、挪威語、丹麥語、波蘭語、芬蘭語、羅馬尼亞語、捷克語,源自拉丁文名Sebastianus，意為「來自塞巴斯蒂安」。塞巴斯蒂安是小亞細亞一座城鎮的名稱，其名稱源自希臘文σεβαστός（sebastos），意為「可敬的」（拉丁語Augustus的譯音，羅馬皇帝的稱號）。根據基督教傳統，聖塞巴斯蒂安是一位公元3世紀的羅馬士兵，在戴克里先皇帝的迫害中殉道。在被發現是基督徒後，他被綁在木樁上，並被箭射殺。然而，這並沒有殺死他。羅馬的聖伊琳娜治癒了他的傷勢，他返回羅馬親自勸誡戴克里先，結果皇帝將他活活打死。由於這位聖人的聲望，這個名字在中世紀的歐洲，尤其是在西班牙和法國，被廣泛使用。 16世紀一位葡萄牙國王也曾使用過這個名字，此人死於對摩洛哥的十字軍東徵。,,,,,,
男,Sefton,,,英語（罕見）,源自一個姓氏，該姓氏源自於古英語中意為「燈心草叢中的城鎮」的地名。,,,,,,
女,Sela,,,英語（罕見）,源自《舊約》中出現的一座城市的名字，即以東的首都。希伯來文意為「岩石」。,,,,,,
男女,Selby,,,英語（罕見）,源自於一個英語姓氏，該姓氏源自於古挪威語中意為「柳樹農場」的地名。,,,,,,
女,Selena,,,"西班牙語、英語、希臘神話（拉丁化）
Selene 的拉丁化形式。這個名字由墨西哥裔美國流",Selene 的拉丁化形式。這個名字由墨西哥裔美國流行歌手賽琳娜·昆塔尼利亞（1971-1995）使用，她被簡稱為賽琳娜。另一位著名的使用這個名字的人是美國女演員兼歌手賽琳娜·戈麥斯（1992-）。,,,,,,
女,Selina,,,英語、德語,Celina 或 Selena 的變體。作為英語名，它最早出現在 17 世紀。,,,,,,
女,Selma (1),,,語、德語、荷蘭語、瑞典語、挪威語、丹麥語、冰島語,意義不明，可能是 Anselma 的縮寫。它也可能受到詹姆斯·麥克弗森 18 世紀詩歌的啟發，在詩歌中它是奧西安城堡的名字。,,,,,,
男,Selwyn,,,英語（罕見）,源自一個姓氏，該姓氏最初源於古英語名字，由 sele（莊園）和 wine（朋友）組成。,,,,,,
女,September,,,英語（罕見）,源自九月的名稱（儘管它在拉丁語中意為“第七個月”，因為它最初是羅馬曆法的第七個月），有時也用作九月出生的人的名字。,,,,,,
女男,Sequoia,,,英語（罕見）,源自生長在加州的巨樹的名稱。這棵樹的名字來自19世紀切羅基學者塞闊亞（又名喬治·蓋斯），他是切羅基書寫系統的發明者。,,,,,,
女,Sera,,,英語（罕見）,可能是Sarah的變體，也可能是Seraphina的縮寫。,,,,,,
女,Seaphina,,,英語（罕見）、德語（罕見）、晚期羅馬語,晚期拉丁文名Seraphinus的女性形式，源自聖經中的seraphim，此字源自希伯來文，意為「熾烈者」。六翼天使是天使的一種，以賽亞在《聖經》中描述他們各自擁有六個翅膀。這是一個13世紀的義大利聖徒的名字，他為窮人製作衣服。作為一個英語名，它從未被廣泛使用。,,,,,,
女,Serena,,,英語、義大利語、晚期羅馬語,源自晚期拉丁文語名，該名源自拉丁文serenus，意為「清澈、寧靜、安詳」。這個名字是由一位鮮為人知的早期聖徒所創造。埃德蒙·史賓塞也在他的詩歌《仙后》（1590年）中使用了這個詞。現代著名的使用這個名字的人是網球運動員小威廉斯（1981-）。,,,,,,
女,Serenity,,,英語（現代）,源自英語單字“寧靜、安寧”，最終源自於拉丁語 serenus，意為“清晰、平靜”。,,,,,,
女,Serina,,,英語,Serena 的變體。,,,,,,
女,Serrena,,,英語（罕見）,Serena 的變體。,,,,,,
男,Seth (1),,,英語、聖經、聖經拉丁文、聖經希臘文,源自希伯來文名字 שֵׁת (Sheṯ)，意為「放置、安頓」。在《舊約》中，他是亞當和夏娃的第三個兒子，也是諾亞和全人類的祖先。在英國，這個名字在新教改革後開始使用。,,,,,,
男女,Seven,,,英語（現代）,源自英語中表示數字的單字，源自古英語 seofon（源自拉丁語 septem 和希臘語 ἑπτά (hepta) 共用的印歐語詞根）。,,,,,,
女男,Sevyn,,,英語（現代）,Seven 的變體。,,,,,,
男,Seward,,,英語,源自英語姓氏，Seward 1 或 Seward 2。,,,,,,
男,Seymour,,,英語,源自諾曼姓氏，原屬於一位來自法國小鎮聖莫爾（意為「聖莫魯斯」）的人。,,,,,,
男,Shad (2),,,英語,可能是 Chad 的變體。,,,,,,
女男,Shae,,,英語（現代）,Shea 的變體。,,,,,,
女,Shaelyn,,,英語（罕見）,使用流行的名字後綴 lyn 對 Shae 的修飾。,,,,,,
女,Shana (1),,,英語,Shanna 的變體。,,,,,,
女,Shanae,,,英語（現代），非裔美國人（現代）,由流行的語音元素 sha 和 nay 組合而成。,,,,,,
男,Shane,,,愛爾蘭語，英語,Seán 的英語化形式。在西部電影《夏恩》（Shane，1953 年）上映後，它在美國開始普遍使用。,,,,,,
女,Shanelle,,,英語（現代）,Chanel 的變體。,,,,,,
女,Shanene,,,英語（罕見）,由語音元素 sha 和 neen 組合而成。,,,,,,
女,Shania,,,英語（現代）,例如歌手 Shania Twain（1965-），她選擇它作為自己的舞台名稱。,,,,,,
女,Shanna,,,英語,可能是 Shannon 的女性變體。,,,,,,
女,Shannah,,,英語（罕見）,Shanna 的變體。,,,,,,
女,Shannen,,,英語（現代）,Shannon 的變異。,,,,,,
女男,Shannon,,,英語,源自愛爾蘭最長的河流香農河 (River Shannon) 的名字，在愛爾蘭語中稱為 tSionainn。這個名字與傳奇人物 Sionann 有關，有時據說是以她的名字命名的。然而，更有可能的是，她的名字取自這條河，這可能與古愛爾蘭語 sen“古老的”有關。作為名字，它在 20 世紀 40 年代後在美國開始流行。,,,,,,
女男,Shanon,,,英語,Shannon 的變異。,,,,,,
女,Shantae,,,法語,"意義：石頭；寧靜
Shantae 是一個源自印度和法國的女孩名字。它與古老的法語名字 Chantal（意為“石頭”）和印度名字 Shanta（意為“寧靜”）有關。如果您正在為您的孩子尋找一個自然風格的名字，Shantae 或許是您的理想選擇。 Shantae 寶寶如同寶石般堅強明亮，能夠面對任何挑戰。在日常生活的起起伏伏中，她也會是您堅強的後盾，在棘手的情況下保持冷靜和放鬆。",,,,,,
女,Shantel,,,英語,Chantel 的變體。,,,,,,
女,Shantelle,,,英語（罕見）,Chantel 的變體。,,,,,,
女,Sharalyn,,,英語（罕見）,Cherilyn 的變體。,,,,,,
女,Shari,,,英語,Sharon 的暱稱，或 Sherry 的變體。,,,,,,
女,Sharise,,,英語（罕見）,Charisse 的變體。,,,,,,
女,Sharla,,,英語,Charla 的變體。,,,,,,
女,Sharleen,,,英語,Charlene 的變體。,,,,,,
女,Sharlene,,,英語,Charlene 的變體。,,,,,,
女,Sharmaine,,,英語（罕見）,Charmaine 的變體。,,,,,,
女男,Sharon,,,英語、希伯來語,源自《舊約》中的地名，希伯來文 שָׁרוֹן (Sharon) 意為“平原”，指以色列中西海岸一片肥沃的平原。這也是《聖經》中一種開花植物的名字──沙崙玫瑰，如今這個字被用來指稱幾種不同的花卉。自1920年代以來，它在英語世界中一直被用作女性名字，可能受到阿德拉·羅傑斯·聖約翰斯[1]的連載小說《沖天火箭》（1925年）中女主角的啟發。作為希伯來語名字，它是男女通用的。,,,,,,
女,Sharona,,,英語（罕見）,Sharon的複雜形式。,,,,,,
女,Sharron,,,英語,Sharon的變體。,,,,,,
女,Sharyl,,,英語,Cheryl的變體。,,,,,,
女,Sharyn,,,英語,Sharon的變體。,,,,,,
男,Shaun,,,英語,Seán的英語化形式。這是英國和澳洲更常見的拼寫，而Shawn在美國和加拿大更受歡迎（儘管在歌手Shaun Cassidy於1976年發行首張專輯後，它在美國得到了推廣）。,,,,,,
女,Shauna,,,英語,Shaun的女性形式。,,,,,,
女,Shavon,,,英語（現代），非裔美國人（現代）,Shavonne的變體。,,,,,,
女,Shavonne,,,英語（現代），非裔美國人（現代）,Siobhán 的英語化形式。在某些情況下，它可能被認為是語音元素 sha 和 Yvonne 的組合。,,,,,,
男,Shaw,,,英語（罕見）,源自姓氏。作為英語姓氏，它源自古英語 sceaga，意為“灌木叢”。作為蘇格蘭姓氏，它源自蓋爾語別名 Sitheach，意為“狼”。,,,,,,
男女,Shawn,,,英語,Seán 的英語化形式，偶爾用作陰性形式。這是該名字在美國和加拿大最常見的拼寫，而 Shaun 在英國和澳大利亞更為常見。,,,,,,
女,Shawna,,,英語,Shawn 的陰性形式。,,,,,,
女,Shawnda,,,英語,Shonda 的變體。,,,,,,
女,Shawnee,,,英語（現代）,在阿爾岡昆語中意為「南方人」。肖尼族是阿爾岡昆部落，最初居住在俄亥俄河谷。,,,,,,
女男,Shaye,,,英語（罕見）,Shea 的變體。,,,,,,
女,Shayla,,,英語,根據其他名字（例如 Sheila 和 Kayla）的發音自創的名字。,,,,,,
女,Shaylyn,,,英語（罕見）,根據 Shayla 的發音自創的名字，並使用了流行的名字後綴 lyn。,,,,,,
男,Shayne,,,英語,Shane 的變體。,,,,,,
男,Sheard,,,英語（罕見）,源自一個姓氏，該姓氏最初源自於一個地名，在古英語中意為「山間的縫隙」。,,,,,,
女,Sheelagh,,,英語（罕見）,Sheila 的變體。,,,,,,
女,Sheena,,,蘇格蘭語，英語,Sìne 的英語化形式。這個名字在 20 世紀 80 年代由歌手 Sheena Easton（1959-）在蘇格蘭以外地區流行起來。,,,,,,
女,Sheila,,,愛爾蘭語，英語,Sheila 是源自愛爾蘭語和拉丁語的女性名字。它源自於愛爾蘭語 Síle，意為「盲人」。寶寶的靈魂如同一道明亮耀眼的光芒，因此 Sheila 是個獨特的選擇。 Sheila 也源自於拉丁文 Celia，意為「天堂般的」。在澳洲和紐西蘭，Sheila 也是一個俚語，用來指稱女性或女孩。如果您將自己的寶貝視為甜美的天使，希望她成為您生命中的明燈，那麼 Sheila 這個名字將是您的絕佳選擇。,,,,,,
男,Shel,,,英語,Sheldon 的縮寫。,,,,,,
女,Shelagh,,,英語（罕見）,Sheila 的變體。,,,,,,
男女,Shelby,,,英語,源自於一個英語姓氏，可能是 Selby 的變體。雖然之前曾被用作罕見的男性名字，但後來因電影《紅衣女人》（1935 年）中的主角而作為女性名字而流行起來。後來，茱莉亞羅勃茲在電影《鋼木蘭》（1989 年）中飾演了同名角色，進一步強化了這項傳統。,,,,,,
男,Sheldon,Shel,,英語,源自於一個英語姓氏，該姓氏最初源自於一個地名，在古英語中意為「陡峭的山谷」。 Sheldon 是英格蘭多個地名的名稱。,,,,,,
女,Shelia,,,英語,Sheila 的變體。,,,,,,
女,Shell,,,英語,Michelle 或 Shelley 的縮寫。它也可以簡單地源自英語單字shell（最終源自古英語sciell）。,,,,,,
女男,Shelley,,,英語,源自於一個英語姓氏，該姓氏最初源自於一個地名，在古英語中意為「河岸上的空地」。姓氏的兩位著名傳承者是浪漫主義詩人珀西·比希·雪萊（1792-1822），其作品包括《阿多尼斯》和《奧茲曼迪亞斯》；以及他的妻子瑪麗·雪萊（1797-1851），恐怖小說《弗蘭肯斯坦》的作者。作為女性名字，它在20世紀40年代後開始普遍使用。,,,,,,
女男,Shelly,,,英語,雪萊的變體。,,,,,,
男,Shelton,,,英語,源自一個姓氏，該姓氏最初源自於一個地名，在古英語中意為「擱淺的城鎮」。,,,,,,
女,Shena,,,英語（現代）,Sheena 的變體。,,,,,,
男,Shepherd,,,英語,源自英語職業姓氏，意為「牧羊人」。,,,,,,
女,Sheree,,,英語,"Sherry 或 Cherie 的變體。這種拼法由美國女演員謝麗·諾斯 (Sheree North, 1932-2005) 推廣，她本名為 Dawn Shirley Crang。",,,,,,
女,Sheri,,,英語,Sherry 的變體。,,,,,,
男女,Sheridan,,,英語,源自愛爾蘭姓氏（由愛爾蘭蓋爾語 Ó Sirideáin 英語化而來），該姓氏源自於名字 Sirideán，可能意為「搜尋者」。,,,,,,
女,Sherie,,,英語,Sherry 或 Cherie 的變體。,,,,,,
女,Sherill,,,英語（罕見）,Cheryl 的變體。,,,,,,
女,Sherilyn,,,英語,Cherilyn 的變體。,,,,,,
女,Sherisse,,,英語（罕見）,Charisse 的變體。,,,,,,
女,Sherley,,,英語（罕見）,Shirley 的變體。,,,,,,
女,Sherlyn,,,英語（現代）,最近創建的名字，可能基於其他名字（例如 Sharon、Sherry 和 Charlene）的發音。,,,,,,
男,Sherman,,,英語,源自於一個英語姓氏，意為“剪佈人”，原指剪布的人。該姓氏的著名持有者包括美國政治家羅傑·謝爾曼（1721-1793）和美國內戰將軍威廉·特庫姆塞·謝爾曼（1820-1891）。,,,,,,
女,Sherri,,,英語,Sherry 的變體。,,,,,,
女,Sherrie,,,英語,Sherry 的變體。,,,,,,
女,Sherry,,,英語,可能受法語單字 chérie（意為“親愛的”）或英語單字 sherry（一種以西班牙小鎮赫雷斯命名的加強型葡萄酒）的啟發。這個名字在20世紀20年代開始流行，其靈感來自其他發音相似的名字，以及科萊特的小說《Chéri》（1920年出版，1929年英譯本）和《The Last of Chéri》（1926年出版，1932年英譯本），在這兩部小說中，這個名字都是男性名字。這也與一個愛爾蘭姓氏（愛爾蘭蓋爾語Mac Searraigh的英語化形式）相吻合，該姓氏源於別名Searrach，意為“小馬駒”。,,,,,,
男,Sherwood,,,英語,源自於一個英語地名（或衍生自該地名的姓氏），意為「明亮的森林」。這是傳奇俠盜羅賓漢居住的森林的名字。,,,,,,
女,Sheryl,,,英語,Cheryl 的變體。,,,,,,
女,Sheryll,,,英語,Cheryl 的變體。,,,,,,
女,Shevaun,,,英語（罕見）,Shavonne 的變體。,,,,,,
女,Shevon,,,英語（罕見）,Shavonne 的變體。,,,,,,
女,Shirlee,,,英語,Shirley 的變體。,,,,,,
女男,Shirley,,,英語,源自於一個英語姓氏，該姓氏最初源自於一個古英語地名，意為「明亮的空地」。這是夏洛特勃朗特的半自傳小說《雪莉》（1849 年）中一位主角的名字。雖然這個名字在美國早已很流行，但童星秀蘭‧鄧波兒（Shirley Temple，1928-2014）的出現又使其更加流行。到1935年，它已成為第二常見的女孩名字。,,,,,,
男,Shon,,,英語,Shawn 的變體。,,,,,,
女,Shonda,,,英語,自創的名字，可能基於 Shawna 和 Rhonda 的發音。,,,,,,
女,Shyanne,,,英語（現代）,Cheyenne 的變體。,,,,,,
女,Shyla,,,英語（現代）,英語（現代）,,,,,,
女,Sibyl,,,英語,源自希臘文 Σίβυλλα (Sibylla)，意為「女先知」。在希臘和羅馬傳說中，西比爾是指在古代世界不同聖地行醫的女性先知。在後來的基督教神學中，西碧爾被認為擁有神聖的知識，並受到與《舊約》先知類似的崇敬。因此，這個名字在中世紀的基督教世界中開始普遍使用。諾曼人將它傳入英國，在那裡它被拼寫為Sibyl或Sybil。宗教改革後，它變得罕見，但在19世紀又重新流行起來，這或許得益於本傑明·迪斯雷利的小說《西比爾》（1845年）。,,,,,,
男,Sid,,,英語,Sidney 的縮寫。,,,,,,
男女,Sidney,,,英語,源自英國姓氏Sidney。它最初用作名字是為了紀念被處決的政治家阿爾傑農·西德尼（Algernon Sidney，1622-1683）。另一位著名的姓氏持有者是詩人兼政治家菲利普·西德尼（Philip Sidney，1554-1586）。作為名字，它傳統上更傾向於陽性而非陰性。然而，在美國，隨著「Sydney」（雪梨）這個變體在女孩中流行起來，1993年至2019年間，Sidney這個名字在女孩中的使用率高於男孩。,,,,,,
女,Sidony,,,英語（古語）,Sidonius的陰性形式。這個名字在中世紀就已使用，當時它與sindon（源於希臘語）聯繫在一起，意為“亞麻布”，指的是都靈裹屍布。,,,,,,
女,Siena,,,英語（現代）,Sienna的變體，其拼寫可能受到義大利城市Sienna的影響。,,,,,,
女,Sienna,,,英語（現代）,源自英語單字“橙紅色”。它最終源自於義大利錫耶納市的名稱，因為那裡的黏土顏色不同。,,,,,,
女,Sierra,,,英語（現代）,在西班牙語中意為“山脈”，特別指峰巒起伏的山脈。,,,,,,
男,Sigmund,,,德語、挪威語、英語、北歐神話,源自古德語元素 sigu（勝利）和 munt（保護）（在斯堪的納維亞語同源詞中，源自古挪威語 sigr 和 mundr）。這個名字的早期變體是 Sigismund，由一位公元六世紀的聖徒和勃艮第國王所生。在北歐神話《沃爾松格薩迦》（Völsungasaga）中，Sigmund 是英雄西格德的父親，持有威力無比的寶劍格拉姆。一位著名的持有者是奧地利心理學家西格蒙德·弗洛伊德（1856-1939），他是革命性精神分析理論的創始人。,,,,,,
女,Sigourney,,,英語,源自一個源自法國小鎮西古爾奈（Sigournais）的英語姓氏，中世紀拉丁語稱為 Segurniacum，其意義不明。美國女演員西格妮·韋弗（1949-），本名蘇珊，於1963年根據F·斯科特·菲茨杰拉德的小說《了不起的蓋茨比》（1925）中的配角西格妮·霍華德取名。,,,,,,
男,Silas,,,英語、希臘語、丹麥語、德語、聖經、聖經拉丁語、聖經希臘語,新約聖經中聖保羅同伴的名字。它可能是Silvanus的縮寫，保羅在使徒書信中也用這個名字稱呼他。 Silvanus和Silas可能是希伯來語名字Saul的拉丁語和希臘語形式（透過亞蘭語）。作為英語名，它直到宗教改革後才被使用。喬治·艾略特在她的小說《織工馬南》（1861）中用它來指涉主角。,,,,,,
男女,Silver,,,英語（罕見）,源自英語中表示貴金屬或顏色的單詞，最終源自於古英語seolfor。,,,,,,
男,Silvester,,,斯洛伐克語、斯洛維尼亞語、塞爾維亞語、德語、英語、晚期羅馬語,源自拉丁語，意為“樹木繁茂、荒野”，源自 silva（木材、森林）。這是三位教宗的名字，其中包括聖西爾維斯特一世，據說他為第一位信奉基督教的羅馬皇帝君士坦丁大帝施洗。作為英語名，Silvester（或 Sylvester）自中世紀以來就一直使用，但在新教改革後變得不那麼常用了。,,,,,,
女,Silvia,,,義大利語、西班牙語、葡萄牙語、羅馬尼亞語、斯洛伐克語、德語、荷蘭語、英語、晚期羅馬語、羅馬神話,Silvius 的女性形式。雷亞·西爾維亞（Rhea Silvia）是羅馬的創造者羅慕路斯（Romulus）和雷穆斯（Remus）的母親。這也是一位公元六世紀聖徒的名字，她是教宗格里高利一世（Gregory the Great）的母親。自中世紀以來，它在義大利一直是一個常見的名字。莎士比亞將它引入英國，並在其戲劇《維洛那二紳士》（1594年）中用它塑造了一個角色。如今，在英語世界中，它更常見的拼寫是“Sylvia”。,,,,,,
m,Simon (1),,,英語、法語、瑞典語、挪威語、丹麥語、德語、荷蘭語、匈牙利語、斯洛維尼亞語、羅馬尼亞語、馬其頓語、喬治亞語、聖經語、聖經拉丁語、聖經希臘語,源自 Σίμων（西蒙），這是希伯來文名字 שִׁמְעוֹן（Shimʿon）意為「聽見、聆聽」的新約希臘語形式，源自 שָׁמַע（shamaʿ）意為「聽見、聆聽」。在許多舊約譯本中，這個名字的拼法為 Simeon，源自於希臘文 Συμεών，雅各的次子也叫這個名字。新約的拼法可能受到原本無關的希臘文名字 Simon 2 的影響。在新約聖經中，西蒙是多個人物的名字，包括為耶穌背十字架的那個人。然而，最重要的是，這個名字是由重要的使徒西蒙（又名彼得，耶穌給他起的名字）所用。由於這位使徒，這個名字在基督教世界中很常見。在中世紀的英國，這個名字很流行，但在新教改革之後，它變得越來越少見。,,,,,,
女,Simone (1),,,法語、英語、德語、荷蘭語、丹麥語、葡萄牙語,Simon 1 的法文陰性形式。一個著名的使用者是法國女性主義者和哲學家西蒙娜·德·波伏娃（1908-1986）。美國體操運動員西蒙娜·拜爾斯（1997-）也使用過這個名字。,,,,,,
女,Simonette,,,英語（罕見）,Simone 1 的暱稱。,,,,,,
男女,Sincere,,,英語（現代）,源自英語單字，意為真誠或真心。,,,,,,
男女,Sinclair,,,英語（罕見）,源自蘇格蘭姓氏，源自諾曼第法國小鎮「聖克萊爾」。一位著名的傳承者是美國作家辛克萊·劉易斯（1885-1951）。,,,,,,
女,Sindy,,,英語（罕見）,Cindy 的變體。,,,,,,
男,Sinjin,,,英語（英國，罕見）,St. John 的語音變體。,,,,,,
女,Sissie,,,英語,Sissy 的變體。,,,,,,
女,Sissy,,,英語,Cecilia、Frances 或 Priscilla 的暱稱。它也可以源自暱稱，該暱稱源自於「sister」一詞的育兒形式。,,,,,,
女男,Sky,,,英語（現代）,源自英語單字 sky，最終源自於古挪威語 ský“雲”。,,,,,,
女,Skye,,,英語（現代）,源自蘇格蘭西海岸斯凱島的名稱。有時被認為是 Sky 的變體。,,,,,,
女,Skyla,,,英語（現代）,Skyler 的陰性變體，由流行的名字後綴 la 構成。,,,,,,
女男,Skylar,,,英語（現代）,Skyler 的變體。最初在 20 世紀 80 年代，該名字更常用於男孩，但在 1989 年的美國肥皂劇《青春與躁動》和 1997 年的電影《心靈捕手》中均有使用，之後便開始用作女孩的名字。 2011 年，這個名字在美國的急劇流行，或許要歸功於電視劇《絕命毒師》（2008-2013 年）中的角色 Skyler White，或歌手 Skylar Grey（1986-），後者於 2010 年採用了該名字，此前她曾使用 Holly Brook 這個名字。,,,,,,
男女,Skyler,,,英語（現代）,Schuyler 的變體，基於姓氏的發音，但拼寫方式類似於英語單字 sky 與 Tyler 等名字的混合。 1980 年之前，該名字很少見，最初作為男孩名字而流行起來。現在，女孩們更常使用這個名字，儘管與更具女性氣質的變體 Skylar 相比，它的男女性別比例更高。,,,,,,
女,Skylynn,,,英語（罕見）,使用流行名稱後綴 lyn 的 Sky 的變體。,,,,,,
男,Slade,,,英語（現代）,源自於一個英語姓氏，該姓氏源自古英語 slæd，意為「山谷」。,,,,,,
女男,Sloan,,,英語（現代）,Sloane 的變體。,,,,,,
女,Sloane,,,英語（現代）,源自一個愛爾蘭姓氏，Ó Sluaghadháin 的英語化形式，而 Ó Sluaghadháin 本身源自於名字 Sluaghadhán。,,,,,,
男,Sly,,,英語,Sylvester 的縮寫。演員西爾維斯特史泰龍 (1946-) 是這個綽號的著名使用者。,,,,,,
男,Smith,,,英語,源自英語姓氏 Smith，意為“金屬工人、鐵匠”，源自古英語 smitan，意為“重擊、打擊”。它是大多數英語國家中最常見的姓氏。,,,,,,
女,Snow,,,英語（罕見）,源自英語單字，源自古英語 snāw。,,,,,,
女,Sofia,,,希臘語、義大利語、葡萄牙語、加泰隆尼亞語、瑞典語、挪威語、丹麥語、德語、芬蘭語、愛沙尼亞語、斯洛伐克語、羅馬尼亞語、英語、俄語、烏克蘭語、保加利亞語,Sophia 在多種語言中的使用形式。,,,,,,
男,Solomon,索爾，索利（猶太語）,,聖經、英語、猶太語、聖經拉丁語、聖經希臘語,源自希伯來文名字 שְׁלֹמֹה (Shelomo)，源自 שָׁלוֹם (shalom)，意為「和平」。根據《舊約》記載，所羅門是以色列王，大衛和拔示巴的兒子。他以智慧和財富而聞名。在統治末期，他轉向偶像崇拜，觸怒了上帝。據說他是《箴言書》、《傳道書》和《所羅門之歌》的作者。這個名字在基督教世界中並不常見，被認為是典型的猶太名字。然而，它是由一位11世紀的匈牙利國王所命名的。,,,,,,
女,Sommer,,,英語（現代）,,,,,,,
女,Sondra,,,英語,Summer 的變體，與德語中“夏天”一詞一致。,,,,,,
女,Sonia,,,英語、義大利語、西班牙語、葡萄牙語、羅馬尼亞語、波蘭語,Sandra 的變體。它因西奧多·德萊塞的小說《美國悲劇》（1925年）及其隨後的電影改編版（1931年）中的一個角色而在英語世界中流行起來。,,,,,,
男,Sonnie,,,英語（罕見）,Sonny 的變體。,,,,,,
男,Sonny,,,英語,源自於一個常用於指小男孩的暱稱，源自於英語單字 son。,,,,,,
女,Sonya,,,俄語、英語,Sophia 的俄語暱稱。這是列夫‧托爾斯泰小說《戰爭與和平》（1869 年，英譯本 1886 年）中人物的名字。,,,,,,
女,Sookie,,,英語,Susanna 或 Susan 的暱稱。,,,,,,
女,Sophia,,,英語、希臘語、德語、古希臘語,希臘文意為「智慧」。這是一位早期聖女的名字，可能源自神話，她在哈德良皇帝統治期間，三個女兒殉道後悲痛欲絕而死。關於她的傳說可能源自於中世紀對「聖索菲亞大教堂」（Hagia Sophia，意為「神聖的智慧」）的誤解，而聖索菲亞大教堂是君士坦丁堡一座大教堂的名字。這個名字在中世紀歐洲大陸的皇室中很常見，並在 18 世紀德國漢諾威王朝繼承英國王位後在英國推廣開來。這是亨利·菲爾丁的小說《湯姆·瓊斯》（1749年）和奧利佛·戈德史密斯的小說《威克菲爾德的牧師》（1766年）中人物的名字。在美國，這個名字並不常見，直到1990年代才開始流行起來，並最終成為2011年至2013年最受歡迎的女孩名字。義大利女演員索菲亞·羅蘭（1934-）是一個著名的使用這個名字的人。,,,,,,
女,Sophie,,,法語、英語、德語、荷蘭語,Sophia 的法語形式。,,,,,,
女,Sophy,,,英語（罕見）,Sophie 的變體或 Sophia 的暱稱。,,,,,,
男,Soren,,,英語（現代）,Søren 的英語形式。,,,,,,
女,Sorrel,,,英語（罕見）,源自於一種酸味植物的名稱，源自古法語 sur“sour”，該字源自法蘭克語。,,,,,,
男女,Sparrow,,,英語（罕見）,源自鳥名，最終源自古英語 spearwa。,,,,,,
男,Spencer,,,英語,源自一個英語姓氏，意為“食物分配者”，源自中世紀英語 spense（食品儲藏室）。美國演員史賓塞·屈塞（1900-1967）是該姓氏的著名使用者。戴安娜王妃（1961-1997）也使用了這個姓氏。,,,,,,
男,Spike,,,英語,源自於一個暱稱，最初可能是指頭髮尖尖的人。,,,,,,
女,Spirit,,,英語（罕見）,源自英語單字 spirit，最終源自於拉丁文 spiritus（呼吸，能量），spiro（吹，呼吸）的衍生字。,,,,,,
女,Spring,,,英語,源自季節名稱，最終源自於古英語 springan（跳躍，迸發）。,,,,,,
男女,Stace,,,中世紀英語，英語,Eustace 的中世紀縮寫形式。作為現代名字，它通常是 Stacy 的縮寫形式。,,,,,,
女,Stacee,,,英語（罕見）,Stacy 的女性變體。,,,,,,
女男,Stacey,,,英語,Stacy 的變體。,,,,,,
女,Staci,,,英語,Stacy 的女性變體。,,,,,,
女,Stacia,,,英語,Anastasia 或 Eustacia 的縮寫。,,,,,,
女,Stacie,,,英語,Stacy 的女性變體。,,,,,,
女男,Stacy,,,英語,作為女性名字，它通常被認為是 Anastasia 的縮寫，儘管它最初獨立於 Anastasia 使用，在 20 世紀 50 年代 Stacy 開始流行時，Anastasia 在美國很少見。它之前曾被用作一個不常見的男性名字，借用自姓氏 Stacy 或 Stacey（源自 Stace，Eustace 的中世紀形式）。,,,,,,
男,Stafford,,,英語,源自古英語中意為「淺灘登陸點」的地名姓氏。,,,,,,
男,Stan (1),,,英語,Stanley（史丹利）的縮寫。英國喜劇演員史丹勞雷爾（1890-1965）是該姓氏的著名使用者。,,,,,,
男,Stanford,,,英語,源自古英語中意為「石頭淺灘」的地名姓氏。,,,,,,
男,Stanley,Stan,,英語,源自古英語意為“石頭空地”的姓氏（古英語中 stan 為“石頭”，leah 為“林地、空地”）。姓氏的著名使用者是英裔美國探險家兼記者亨利·莫頓·斯坦利（1841-1904），他在非洲發現了大衛·利文斯通。美國導演史丹利庫柏力克（1928-1999）以及田納西威廉斯戲劇《慾望號街車》（1947）中的角色史丹利科瓦爾斯基都曾使用過這個名字。,,,,,,
女,Star,,,英語,源自英語中表示天體的單字，最後源自於古英語 steorra。,,,,,,
女,Starla,,,英語,Star 的複雜形式。,,,,,,
女,Starr,,,英語,Star 的變體。,,,,,,
男,Ste,,,英語,Stephen 的縮寫。,,,,,,
女,Stefani,,,英語，保加利亞語,Stephanie 的英語變體和保加利亞語形式。 Stefani Germanotta（1986-）是一位著名的使用這個名字的人，她是一位以 Lady Gaga 的名字而聞名的美國歌手。,,,,,,
女,Stella (1),,,英語，義大利語，荷蘭語，德語,在拉丁文中意為「星」。這個名字是由 16 世紀詩人菲利普·西德尼為其十四行詩集《Astrophel》和《Stella》的主題所創造的。這是喬納森·斯威夫特（Jonathan Swift）情人的暱稱，真名是埃絲特·約翰遜（Esther Johnson，1681-1728），但直到19世紀才被廣泛用作名字。它出現在田納西威廉斯（Tennessee Williams）的戲劇《慾望號街車》（1947）中，屬於布蘭奇杜波依斯（Blanche DuBois）的妹妹，斯坦利·科瓦爾斯基（Stanley Kowalski）的妻子。,,,,,,
女男,Steph,,,英語,Stephanie 或 Stephen 的簡稱。,,,,,,
女,Stephani,,,英語（現代）,Stephanie 的變體。,,,,,,
女,Stephania,,,英語,Stephen 的拉丁陰性形式。,,,,,,
女,Stephanie,"Steph, Stevie (英語) Steffi, Steffie (德語)",,英語，德語,Stephen 的陰性形式。,,,,,,
女,Stephany,"Steph, Stevie",,英語,Stephanie 的變體。,,,,,,
男,Stephen,"Ste, Steph, Steve, Stevie",,英語，聖經,源自希臘名 Στέφανος (Stephanos)，意為“王冠、花環”，更準確地說是“環繞之物”。聖斯蒂芬是一位執事，根據《新約使徒行傳》的記載，他被石頭砸死。他被認為是第一位基督教殉道者。由於他的緣故，這個名字在基督教世界中變得普遍。它由諾曼人在英國推廣開來。英格蘭、塞爾維亞和波蘭的國王以及十位教宗都使用了這個名字。匈牙利第一位信奉基督教的國王（11世紀）也使用了這個名字，他被認為是該國的守護神。近代使用這個名字的人包括英國物理學家史蒂芬霍金（1942-2018）和美國作家史蒂芬金（1947-）。,,,,,,
男,Sterling,,,英語,源自蘇格蘭姓氏，姓氏源自於斯特靈市，該市本身含義不明。此名稱亦可參考英語單字sterling，意為「優秀」。在這種情況下，這個詞源自於sterling silver，因一些諾曼硬幣上的徽章而得名，源自古英語，意為「小星星」。,,,,,,
男,Stetson,,,英語（現代）,源自於一個英語姓氏，該姓氏最初源自於德文郡斯蒂斯頓村的名字，意為「斯蒂斯韋德的小鎮」。這是一種寬邊帽，最初由 John B. Stetson 公司生產。,,,,,,
男,Steve,,,英語,Steven 的縮寫。一個著名的姓氏使用者是美國科技企業家史蒂夫‧賈伯斯（1955-2011）。,,,,,,
男,Steven,,,英語，荷蘭語,Stephen 的中世紀英語變體，以及 Stefan 的荷蘭語變體。 《E.T. 外星人》和《法櫃奇兵》的導演史蒂芬史匹柏（1946-）是這個名字的著名使用者。,,,,,,
男,Stevie,,,英語,Stephen 或 Stephanie 的暱稱。一個著名的姓氏使用者是美國音樂家史蒂夫·旺德（1950-）。,,,,,,
男,Stew,,,英語,Stewart 的縮寫。,,,,,,
男,Stewart,Stew,,英語，蘇格蘭語,源自姓氏，其變體為 Stuart。,,,,,,
男,Stirling,,,英語（罕見）,源自姓氏Sterling的變體。這是蘇格蘭一座城市的名字。,,,,,,
男,St John,,,英語（英國，罕見）,源自施洗者聖約翰或福音傳道者聖約翰的頭銜和名字（參見John）。,,,,,,
男,Stone,,,英語（現代）,源自英語詞彙，最後源自古英語stan。,,,,,,
男女,Storm,,,英語（現代）、荷蘭語（現代）、丹麥（現代）、挪威語（現代）,源自詞彙，最終源自古英語或古荷蘭語storm，或就斯堪的納維亞語名字而言，源自古挪威語stormr。作為英語名字，它是男女通用的，但在其他地方通常為男性。,,,,,,
女,Stormi,,,英語（現代）,Stormy的變體。,,,,,,
女,Stormy,,,英語（現代）,源自英語單詞，意為“暴風雨的、狂野的、動蕩的”，最終源自古英語stormig。,,,,,,
男,Stu,,,英語,Stuart的縮寫。,,,,,,
男,Stuart,,,英格蘭、蘇格蘭語,源自蘇格蘭職業姓氏，原屬於管家。其最終源自於古英語 stig（房屋）和 weard（衛兵）。作為名字，它起源於 19 世紀的蘇格蘭，以紀念斯圖亞特王室。該家族在 14 至 18 世紀期間孕育了多位蘇格蘭和英國國王和王后。,,,,,,
女,Sue,,,英格蘭,(Susanna) . (Susan) 的縮寫。,,,,,,
女,Suellen,,,英語,Susan 和 Ellen 1 的縮寫。瑪格麗特·米切爾在她的小說《亂世佳人》(1936) 中使用了這個名字，該名字屬於斯嘉麗的妹妹。,,,,,,
女,Suki,,,英語,蘇珊娜 (Susanna) 或蘇珊 (Susan) 的暱稱。,,,,,,
男,Sullivan,,,英語、法語,源自愛爾蘭姓氏，Ó Súileabháin 的英語化形式，其本身源自於名字 Súileabhán，源自於愛爾蘭語 súil（眼睛）和 dubh（黑暗、黑色）加上一個暱稱後綴。自 20 世紀 70 年代以來，這個名字在法國頗受歡迎。在美國，它在 20 世紀 90 年代之前很少見，之後開始穩步上升。動畫電影《怪獸電力公司》（2001）中的詹姆斯·P·沙利文（James P. Sullivan）是該姓氏的著名虛構人物。,,,,,,
男,Sully,,,英語,Sullivan 和其他發音相似的名字的縮寫。,,,,,,
女,Summer,,,英語,源自季節名稱，最終源自於古英語 sumor。自 20 世紀 70 年代以來，它一直用作名字。,,,,,,
男女,Sunday,,,英語,源自星期幾的名稱，最終源自古英語 sunnandæg，由 sunne“太陽”和 dæg“日子”組成。這個名字在尼日利亞和非洲其他地區最為常見。,,,,,,
女男,Sunny,,,英語,源自英語單字，意為「陽光明媚，開朗」。,,,,,,
女,Sunshine,,,英語,源自英語單詞，最終源自古英語 sunne“太陽”和 scinan“光芒”。,,,,,,
女,Susan,,,英語,Susanna 的英語變體。自 18 世紀以來，這種拼寫最為常見。 1940年代至1960年代，該名字在美國和英國尤為流行。其中一位著名代表人物是美國女權主義者蘇珊·B·安東尼（1820-1906）。,,,,,,
女,Susanna,"Sanna, Susann (瑞典語) Sanna, Sanni (芬蘭語) Sanne, Suus (荷蘭語) Sookie, Sue, Suki, Sukie, Susie, Suz, Suzi, Suzy, Zanna (英語) Syuzi (亞美尼亞語)",,源自義大利語、加泰隆尼亞語、瑞典語、芬蘭語、俄語、烏克蘭語、荷蘭語、英語、亞美尼亞語、聖經拉丁語、古教會斯拉夫語,源自 Σουσάννα (Sousanna)，這是希伯來語名字 שׁוֹשַׁנָּה (Shoshanna) 的希臘語形式。這個字源自於希伯來文 שׁוֹשָׁן (shoshan)，意為「百合花」（在現代希伯來文中也指「玫瑰」），可能最終源自於埃及文 sšn（蓮花）。在《舊約偽經》中，這是一個被誣告通姦的女子的名字。先知但以理透過欺騙指控她的人，最終使指控者自己也被判有罪，從而洗清了她的罪名。在《新約》中，它也出現在一位侍奉耶穌的女子身上。作為英語名，它在中世紀偶爾被用來紀念《舊約》中的女英雄。直到新教改革之後，它才變得普遍，當時它通常被拼寫為 Susan。,,,,,,
女,Susanne,"Susann, Suse, Susi (德語) Sanne, Susann, Sussi (丹麥語) Sanna, Susann (瑞典語) Susann (挪威語) Sanna, Sanni (芬蘭語) Sookie, Sue, Suki, Sukie, Susie, Suz, Suzi, Suzie, Suzy (英語)",,德語、丹麥語、瑞典語、挪威語、芬蘭語、英語,Susanna 的德語和斯堪的納維亞語形式。,,,,,,
女,Susie,,,英語,Susan 的暱稱。,,,,,,
女男,Sutton,,,英語（現代）,源自一個姓氏，該姓氏本身源自於眾多英國城鎮的名稱，其古英語起源於此，意為「南部城鎮」。,,,,,,
女,Suz,,,英語,Susan 的縮寫形式。,,,,,,
女,Suzan (1),,,英語,Susan 的變體。,,,,,,
女,Susanna,"Sanna, Susann (瑞典語) Sanna, Sanni (芬蘭語) Sanne, Suus (荷蘭語) Sookie, Sue, Suki, Sukie, Susie, Suz, Suzi, Suzy, Zanna (英語) Syuzi (亞美尼亞語)",,英語,Susanna 的變體。,,,,,,
女,Suzanne,"Suzette, Suzy (法語) Suzi, Suzie, Suzy (英語) Suze (荷蘭語)",,法語、英語、荷蘭語,Susanna 的法文形式。,,,,,,
女,Suzi,,,英語,Susan 的暱稱。,,,,,,
女,Suzy,,,英語、法語,Susan 或 Suzanne 的暱稱。,,,,,,
女,Sybella,,,英語（罕見）,Sibylla 的變體。,,,,,,
女,Sybil,,,英語,Sibyl 的變體。這種拼字變體自中世紀以來就已存在。,,,,,,
男女,Syd,,,英語,Sydney 的縮寫。,,,,,,
女,Sydne,,,英語（罕見）,Sydney 的變體。,,,,,,
女,Sydnee,,,英語（現代）,Sydney 的變體。,,,,,,
女男,Sydney,Syd,,英語,源自姓氏 Sidney 的變體。這是澳洲最大城市的名字，以 1788 年第一代雪梨子爵托馬斯湯森 (Thomas Townshend) 的名字命名。該名字以前男女均可使用，但自 20 世紀 80 年代以來，這種拼寫大多為女性化。,,,,,,
女,Sydnie,,,英語（現代）,Sydney 的變體。,,,,,,
男,Sylas,,,英語（現代），波蘭文聖經,Silas 的變體，以及波蘭語《新約》中的形式。,,,,,,
男,Sylvan,,,英語,Silvanus 的變體，或直接源自拉丁語 silva，意為「木頭、森林」。,,,,,,
男,Sylvanus,,,英語（古語）,Silvanus 的變體。,,,,,,
男,Sylvester,Sly (英語) Vester (丹麥語),,英語、德語、丹麥語,Silvester 的中世紀變體。這是目前該名字的常用英語拼字。美國演員西爾維斯特史泰龍（1946-）是其著名使用者。,,,,,,
女,Sylvia,Sylvi（瑞典語） Sølvi，Sylvi（挪威語） Sylvi（芬蘭語）,,英語、德語、荷蘭語、瑞典語、挪威語、丹麥語、芬蘭語,Silvia 的變體。這是自 19 世紀以來最常見的英語拼字。,,,,,,
女,Symphony,,,英語（罕見）,僅源自英語單字，最終源自希臘文 σύμφωνος (symphonos)，意為「聲音和諧」。,,,,,,
T,,,,,,,,,,,
女,Tabatha,"Tabby, Tibby",,英語,Tabitha 的變體。,,,,,,
女,Tabby,,,英語,Tabitha 的暱稱。,,,,,,
女,Tabitha,"Tabby, Tibby",,英語、聖經、聖經希臘語,在阿拉姆語中意為「瞪羚」。新約中的塔比莎（Tabitha）是一位被聖彼得復活的女子。她的名字被翻譯成希臘文為多加（Dorcas）（參考使徒行傳9:36）。塔比莎（Tabitha）作為英語名在宗教改革後變得普遍。 1960年代，電視劇《家有仙妻》（Bewitched）讓這個名字更加流行，劇中主角的女兒塔比莎（Tabitha，有時拼寫為Tabatha）就是其中的主角。,,,,,,
女,Tacey,,,英語（古語）,源自拉丁文tace，意為「保持沉默」。該詞從16世紀開始使用，但兩個世紀後逐漸消失。,,,,,,
男,Tad,,,英語,Thaddeus 的縮寫。,,,,,,
女,Teagan,,,英語,Tegan 的變體。,,,,,,
女,Tahlia,,,英語,Talia 2 的變體。,,,,,,
女,Tahnee,,,英語,Tawny 的變體。,,,,,,
男,Talbot,,,英語（罕見）,源自英國姓氏，源自諾曼語，可能源自於一個未經證實的日耳曼名字，由 dala（意為「摧毀」）和 bod（意為「訊息」）組成。,,,,,,
女,Talia (2),,,英語（澳洲）,源自南澳大利亞州一個城鎮的名稱，在澳洲土著語言中可能意為「靠近水」。,,,,,,
女,Tallulah,,,英語（罕見）,這是喬治亞州瀑布的名稱。在喬克托語中，它通常意為“跳躍的水”，但在克里克語中，它實際上可能意為“城鎮”。這個名字由美國女演員塔盧拉·班克黑德（1902-1968）命名，她的名字取自其祖母，而祖母的名字可能又取自瀑布。,,,,,,
男,Talon,,,英語（現代）,源自英語單字“talon，爪子”，最終（透過諾曼法語）源自拉丁語 talus（意為“踝骨”）。,,,,,,
女,Tamara,Toma（俄語） Tami、Tammi、Tammie、Tammy（英語）,,俄語、烏克蘭語、白俄羅斯語、捷克語、斯洛伐克語、波蘭語、斯洛維尼亞語、克羅埃西亞語、塞爾維亞語、馬其頓語、匈牙利語、英語、荷蘭語、西班牙語、義大利語、立陶宛語、喬治亞語,Tamar 的俄文形式。俄羅斯表演者，如 Tamara Karsavina（1885-1978）、Tamara Drasin（1905-1943）、Tamara Geva（1907-1997）和 Tamara Toumanova（1919-1996），將其引入英語世界。自 1957 年以來，它在美國迅速流行起來。另一位著名的傳承者是波蘭立體派畫家 Tamara de Lempicka（1898-1980）。,,,,,,
女,Tameka,Tammy,,英語,Tamika 的變體。,,,,,,
女,Tamela,,,英語,可能是 Tamara 和 Pamela 的混合體。它最早出現在 20 世紀 50 年代。,,,,,,
女,Tamera,"Tami, Tammi, Tammie, Tammy",,英語,Tamara 的變體。,,,,,,
女,Tami,,,英語,Tammy 的變體。,,,,,,
女,Tamika,Tammy,,英語,Tamiko 的變體，靈感來自美國爵士歌手 Tamiko Jones（1945-）或美國電影《一個叫 Tamiko 的女孩》（1963）。,,,,,,
女,Tammara,"Tami, Tammi, Tammie, Tammy",,英語（罕見）,Tamara 的變體。,,,,,,
女,Tammi,,,英語,Tammy 的變體。,,,,,,
女,Tammie,,,英語,Tammy 的變體。,,,,,,
女,Tammy,,,英語,Tamara 和其他以 Tam 開頭的名字的簡稱。,,,,,,
女,Tamra,,,英語,Tamara 的縮寫形式。,,,,,,
女,Tamsen,,,英語（罕見）,Tamsin 的變體。,,,,,,
女,Tamsin,,,英語（英式）,Thomasina 的縮寫形式。傳統上在康沃爾郡使用。,,,,,,
女,Tamsyn,,,英語（英式）,Tamsin 的變體。,,,,,,
女,Tamzen,,,英語（罕見）,Tamsin 的變體。,,,,,,
女,Tania,,,英語、義大利語、西班牙語,Tanya 的變體。,,,,,,
男,Tanner,,,英語,源自英語姓氏，意為「鞣製皮革的人」。,,,,,,
女,Tansy,,,英語（罕見）,源自一種花名，該花名源自古法語，源自晚期拉丁語 tanacita。,,,,,,
女,Tanya,,,俄語、保加利亞語、英語,Tatiana 的俄語暱稱。 20 世紀 30 年代開始在英語世界使用。,,,,,,
女,Tanzi,,,英語（罕見）,Tansy 的變體。,,,,,,
女,Tara (1),,,英語,愛爾蘭地名 Teamhair 的英語化形式，可能意為「高地」。這是都柏林附近一座聖山的名稱，愛爾蘭國王居住於此。它因小說《亂世佳人》（1936 年）及其後續電影改編（1939 年）而作為名字而廣為人知，在電影中，它是奧哈拉種植園的名字。,,,,,,
女,Tarah,,,英語（現代）,Tara 1 的變體。,,,,,,
女,Tarina,,,英語（罕見）,可能是 Tara 1 的改良形式。,,,,,,
女,Taryn,,,英語,可能是 Tyrone 的女性形式。演員 Tyrone Power 和 Linda Christian 為他們的女兒 Taryn Power（1953-）創作了這個詞。,,,,,,
女,Tasha,,,俄語、英語,Natasha 的縮寫。,,,,,,
男,Tate,,,英語,源自於一個英語姓氏，姓氏源自古英語名字 Tata。,,,,,,
女,Tatiana,"Tiana, Tianna",,義大利語、西班牙語、葡萄牙語、羅馬尼亞語、法語、斯洛伐克語、波蘭語、芬蘭語、瑞典語、挪威語、丹麥語、德語、荷蘭語、希臘語、格魯吉亞語、英語、俄語、保加利亞語、古羅馬語,羅馬名字 Tatianus 的女性形式，源自於羅馬名字 Tatius。 Tatianus 是一位公元 3 世紀的聖人的名字，她在亞歷山大·塞維魯皇帝統治時期於羅馬殉道。她在東正教中尤其受人尊敬，該名字在俄羅斯（以 Татьяна 的形式）和東歐也很常見。直到 20 世紀 80 年代，該名字才在英語世界中廣泛使用。,,,,,,
女,Tatianna,"Tiana, Tianna",,英語（現代）,Tatiana 的變體。,,,,,,
男,Tatum,,,英語（現代）,源自於一個英語姓氏，該姓氏最初源自於一個地名，在古英語中意為「塔塔的家」。 1970年代，童星塔圖姆·奧尼爾（1963-）將其引入公眾視野，但並未流行起來。 1996年之後，電影《驚聲尖叫》中的一個角色使用了Tatum，Tatum逐漸流行起來。,,,,,,
女,Tatyanna,"Tiana, Tianna",,英語（現代）,Tatiana的變體。,,,,,,
女,Tawnee,,,英語（罕見）,Tawny的變體。,,,,,,
女,Tawnie,,,英語（現代）,Tawny的變體。,,,,,,
女,Tawny,,,英語,源自英語單字，最終源自古法語tané，意為「淺棕色」。,,,,,,
女,Tawnya,,,英語,Tonya的變體。,,,,,,
女,Tayla,,,英語（現代）,可能是 Taylor 的女性化形式，受 Kayla 等發音相似的名字的影響。,,,,,,
女男,Tayler,,,英語,Taylor 的變體。,,,,,,
男女,Taylor,,,英語,源自英語姓氏，原指裁縫，源自諾曼法語 tailleur，最終源自拉丁文 talio（意為「裁縫」）。其現代女性化用法可能受到英裔美國作家 Taylor Caldwell（1900-1985）的影響。自 1990 年以來，它在美國女孩中更受歡迎。其他英語地區也紛紛效仿，但在英格蘭和威爾士，它在男孩中仍然略受歡迎。 1990 年代中期，它在美國男女性中的受歡迎程度達到頂峰，在女孩中排名第六，在男孩中排名第 51。美國音樂家 Taylor Swift（1989-）是其著名的使用者。,,,,,,
女,Teagan,,,英語（現代）,Tegan 的變體。它也與一個罕見的愛爾蘭姓氏 Teagan 相符。這個名字在 20 世紀 90 年代迅速躥紅，可能是因為它與 Megan 和 Reagan 等名字相似。,,,,,,
女,Teal,,,英語（罕見）,源自英語單字，意為鴨子的種類或藍綠色。,,,,,,
女,Teale,,,英語（罕見）,Teal 的變體。,,,,,,
男,Ted,,,英語,Edward 或 Theodore 的縮寫。美國棒球運動員 Ted Williams (1918-2002) 曾以 Theodore 為姓氏，是一位著名的姓氏使用者。,,,,,,
男女,Teddie,,,英語,Edward 或 Theodore 的暱稱，有時也被用作女性化形式。,,,,,,
男,Teddy,,,英語,Edward 或 Theodore 的暱稱。,,,,,,
女,Tegan,,,威爾斯語，現代英語,在威爾斯語中意為“親愛的”，源自威爾斯語 teg 的暱稱“美麗的，漂亮”。 1980年代和90年代，它在澳洲、紐西蘭、英國和加拿大頗為常見。 1981年至1984年，電視劇《神秘博士》中的一個澳洲角色就叫這個名字。,,,,,,
男,Tel,,,英語（英式）,Terence 或 Terry 1 的縮寫。,,,,,,
女,Temperance,"Tempie, Tempy",,英語,源自英語，意為「溫和」或「克制」。這是17世紀清教徒所採用的美德名之一。在美國電視劇《識骨尋蹤》（2005-2017）播出期間，這個名字經歷了溫和的復興，劇中的主角也用了這個名字。,,,,,,
女,Tempest,,,英語（罕見）,源自英語，意為「風暴」。它出現在威廉·莎士比亞的戲劇《暴風雨》（1611年）的標題中。,,,,,,
男女,Temple,,,英語（罕見）,源自於一個英語姓氏，原本屬於一位與聖殿騎士團（中世紀的宗教軍事組織）相關的人。,,,,,,
女,Tenley,,,英語（現代）,源自於一個英語姓氏，該姓氏本身可能源自一個地名，該地名源自古英語tind「點」和leah「林地、空地」。這個名字在2010年因真人秀節目《單身漢》的一位選手而廣為人知。,,,,,,
男女,Tnnyson,,,英語（罕見）,源自於一個英語姓氏，意為“坦尼的兒子”，Tenney是Denis的中世紀形式。英國詩人阿爾弗雷德·丁尼生（Alfred Tennyson，1809-1892）是該姓氏的著名傳承者，他在1884年封為男爵後，通常被稱為丁尼生勳爵（Lord Tennyson）。,,,,,,
女,Tera,,,英語,Tara 1 的變體。,,,,,,
男,Terance,Terry(英語) Tel(英語(英式)),,英語,Terence 的變體。,,,,,,
男,Terell,,,英語（現代），非裔美國人（現代）,Terrell 的變體。,,,,,,
男,Terence,Terry(英語) Tel(英語(英式)),,英語,源自羅馬姓氏 Terentius，意義不明。著名的傳承者包括羅馬劇作家普布利烏斯·特倫提烏斯·阿費爾（Publius Terentius Afer）和羅馬學者馬庫斯·特倫提烏斯·瓦羅（Marcus Terentius Varro）。幾位早期聖徒也使用過這個姓氏。在愛爾蘭，這個名字是 Toirdhealbhach 的英語化形式，但直到19世紀末才作為英語名出現。它在20世紀的流行程度並不高，但自1970年代以來，它已成為非裔美國人的常用名。,,,,,,
女,Teresa,"Tere, Teresita (西班牙文) Teresinha (葡萄牙文) Terezinha (葡萄牙文 (巴西)) Tessan (瑞典文) Teri, Terri, Terrie, Terry, Tess, Tessa, Tessie, Tracy, Tressa (英文)",,西班牙語、葡萄牙語、義大利語、加泰隆尼亞語、波蘭語、立陶宛語、芬蘭語、德語、瑞典語、挪威語、丹麥語、英語,Theresa 的變體，用於多種語言。阿維拉的聖女小德蘭是一位16世紀的西班牙修女，她改革了加爾默羅修道院，並撰寫了幾本靈修書籍。阿爾巴尼亞傳教士加爾各答的聖特蕾莎（1910-1997）也曾使用過這個名字，她更為人所知的名字是特蕾莎修女，她在印度為窮人服務。她採用這個名字是為了紀念法國聖女利雪的聖女小德蘭，她是傳教士的庇護人。,,,,,,
女,Teri,,,英語,Terry 1 的女性變體，或 Theresa 的暱稱。,,,,,,
女,Terra,,,英語,Tara 1 的變體，可能受拉丁語 terra（意為「土地、地球」）的影響。,,,,,,
男,Terrance,,,英語,Terence 的變體。,,,,,,
男,Terrell,,,英語，非裔美國人,"源自於一個英語姓氏，可能源自諾曼法語暱稱 tirel（意為「拉」），指固執的人。有時，該姓氏也可能是為了紀念民權運動家瑪麗·丘奇·特雷爾 (Mary Church Terrell, 1863-1954)。 1970 年代至 1990 年代，該姓氏在非裔美國人群體中很常見，通常重音在第二個音節上。美式足球員特雷爾歐文斯 (Terrell Owens, 1973-) 是該姓氏的著名使用者。",,,,,,
男,Terrence,,,英語,Terence 的變體。,,,,,,
女,Terri,,,英語,Terry 1 的陰性變體，或 Theresa 的暱稱。,,,,,,
f,Terrie,,,英語,Terry 1 的陰性變體，或 Theresa 的暱稱。,,,,,,
男女,Terry (1),,,英語,源自於一個英語姓氏，該姓氏源自中世紀姓氏Thierry，Thierry是諾曼法語中Theodoric的變體。,,,,,,
男女,Terry (2),,,英語,Terence 或 Theresa 的暱稱。一個著名的Terry Fox（1958-1981）的暱稱，他是一位裝有義肢的年輕人，試圖跑遍加拿大為癌症研究籌款。但他在跑遍加拿大之前就因病去世了。,,,,,,
女,Tess,,,英語，荷蘭語,Theresa的縮寫。這是托馬斯哈代的小說《德伯家的苔絲》（1891年）中主角的名字。,,,,,,
女,Tessa,,,英語，荷蘭語,Theresa 的縮寫。,,,,,,
女,Tessie,,,英語,Theresa 的暱稱。,,,,,,
女,Tetty,,,英語（古語）,Elizabeth的暱稱。,,,,,,
男,Tevin,,,英語（現代）,自創的名字，可能受Kevin和Devin的啟發。這個名字因美國歌手特文·坎貝爾（1976-）而廣為人知。,,,,,,
男,Tex,,,英語,源自於一個暱稱，指來自德州的人。一個著名的名字是美國動畫師特克斯·艾弗里（1908-1980），本名弗雷德里克，出生於德克薩斯州。,,,,,,
男,Thad,,,英語,Thaddeus 的縮寫。,,,,,,
男,Thaddeus,,,英語、聖經、拉丁語,源自 Θαδδαῖος (Thaddaios)，這是阿拉姆語名字 תַדַּי (Ṯaddai) 的希臘文形式。它可能源自阿拉姆語 תַּד (taḏ)，意為“心臟、乳房”，但實際上可能是希臘文名字（例如 Θεόδωρος）的阿拉姆語形式（參見 Theodore）。在《馬太福音》中，達太被列為十二使徒之一，但在《新約》的其他部分，他的名字被省略，取而代之的是猶大的名字。這兩個名字很可能指的是同一個人。,,,,,,
男,Thane,,,英語（罕見）,源自蘇格蘭和英格蘭的貴族頭銜，該頭銜最初源自古英語 thegn。,,,,,,
女,Thankful,,,英語（古語）,源自英語單字 thankful。這是17世紀清教徒使用的眾多美德名之一。,,,,,,
男,Thatcher,,,英語（現代）,源自於一個英語姓氏，指用稻草覆蓋屋頂的人，源自古英語þæc（意為「茅草屋頂」）。該姓氏由英國首相瑪格麗特·柴契爾（1925-2013）所擁有。,,,,,,
女,Thea,,,德語、瑞典語、丹麥語、挪威語、英語,Dorothea、Theodora、Theresa 和其他發音相似的名字的縮寫。,,,,,,
女,Thelma,,,英語,含義不明。英國作家瑪麗·科雷利在其小說《塞爾瑪》（1887年）中用這個名字來稱呼挪威女主角時，這個名字並不常見。小說出版後，這個名字在19世紀末左右開始流行。有時有人聲稱它源自希臘語θέλημα（thelema），意為“意志”，但這似乎不太可能。,,,,,,
男,Theo,,,英語、德語、荷蘭語,Theodore、Theobald 以及其他以 Theo 開頭的名字的縮寫。,,,,,,
男,Theobald,,,英語（罕見）、日耳曼語,意為“勇敢的人”，源自古德語元素 theod（意為“人”）（古高地德語 diota，古法蘭克語 þeoda）和 bald（意為“大膽、勇敢”）。這個名字由公元 6 世紀的一位奧斯特拉西亞法蘭克國王所用。諾曼人將這個名字帶到了英格蘭，並在那裡與一個現有的古英語同源詞融合。中世紀形式的 Tibald 和 Tebald 通常拉丁化為 Theobaldus。到 20 世紀，該名字已很少見。,,,,,,
女,Theodora,,,英語、希臘文、古希臘語,Theodore 的女性形式。這個名字在拜占庭帝國很常見，包括公元 6 世紀查士丁尼一世頗具影響力的妻子在內的幾位皇后都曾使用過這個名字。,,,,,,
男,Theodore,,,英語,源自希臘文名 Θεόδωρος (Theodoros)，意為“上帝的禮物”，源自希臘文 θεός (theos) 意為“上帝”，δῶρον (doron) 意為“禮物”。 Dorothea 這個名字源自於相同的字根，但順序相反。多蘿西亞 (Dorothea) 是多位聖人的名字，包括 4 世紀的希臘士兵阿馬西亞的西奧多 (Theodore of Amasea)、7 世紀的坎特伯雷大主教塔爾蘇斯的西奧多 (Theodore of Tarsus) 和 9 世紀的拜占庭僧侶「學者」西奧多 (Theodore the Studite)。兩位教皇也曾使用過這個名字。在古希臘，這是一個常見的名字，由於使用這個名字的聖徒以及其吉祥的含義，它在基督教世界中被廣泛使用，尤其是在東方基督徒中。然而，在 19 世紀以前的英國，這個名字並不常見。著名的持有者包括三位俄國沙皇（俄語形式為費奧多爾）和美國總統西奧多·羅斯福（1858-1919）。,,,,,,
女,Theresa,,,英語、德語,源自西班牙語和葡萄牙語名字Teresa。最早的記錄是Therasia，由諾拉聖保利努斯的西班牙妻子於4世紀所生。其意義尚不確定，但可能源自希臘語θέρος（theros），意為“夏天”，希臘語θερίζω（therizo），意為“收穫”，或源自希臘島嶼Therasia（聖托里尼島西部島嶼）的名稱。中世紀時期，名字主要局限於西班牙和葡萄牙。 16世紀後，由於西班牙修女兼宗教改革家阿維拉聖特蕾莎的名聲，該名字傳播到了基督教世界的其他地區。另一位著名的持有者是奧地利哈布斯堡王朝的女王瑪麗亞·特蕾莎（1717-1780），她繼承了其父神聖羅馬帝國皇帝查理六世的領地，從而引發了奧地利王位繼承戰爭。,,,,,,
女,Therese,,,德語、瑞典語、挪威語、丹麥語、英語,Theresa 的德語和斯堪的納維亞語變體。,,,,,,
男,Thom,,,英語,Thomas 的縮寫。,,,,,,
男,Thomas,Thom、Tom、Tommie、Tommy (英語) Tom (德語) Maas、Tom (荷蘭語) Tom (瑞典語) Tom (挪威語) Tom (丹麥語),,英語、法語、德語、荷蘭語、瑞典語、挪威語、丹麥語、希臘語、聖經語、聖經拉丁語、聖經希臘語,亞蘭文名字 תְּאוֹמָא (Teʾoma) 的希臘文形式，意為「雙胞胎」。在《新約》中，這是一位使徒的名字。當他聽到耶穌從死裡復活時，起初對這個故事表示懷疑，直到耶穌出現在他面前，他親自檢查了傷口。根據傳說，他在印度殉道。由於他的名聲，這個名字在基督教世界廣為流傳。在英國，諾曼人使用這個名字，並因12世紀坎特伯雷大主教兼殉道者聖托馬斯·貝克特而變得非常流行。從13世紀到19世紀，它一直是男孩最常見的五個英語名字之一，至今仍然很受歡迎。另一位以這個名字命名的著名聖人是13世紀的義大利哲學家和神學家托馬斯·阿奎那，他被認為是教會的聖師。其他著名的獲獎者包括哲學家托馬斯·霍布斯（1588-1679）、美國總統托馬斯·傑斐遜（1743-1826）、小說家托馬斯·哈代（1840-1928）和發明家托馬斯·愛迪生（1847-1931）。,,,,,,
女,Thomasina,,,英語,托馬斯的中世紀女性形式。,,,,,,
男,Thorburn,,,英語（罕見）,源自蘇格蘭和英國姓氏，源自挪威名字Þórbjǫrn（參見Torbjörn）。,,,,,,
男,Thorley,,,英語（罕見）,源自古英語中意為「荊棘林地」的地名姓氏。,,,,,,
男,Thornton,,,英語,源自古英語中意為「荊棘鎮」的地名姓氏。,,,,,,
男,Thurstan,,,英語（罕見）,源自於一個英語姓氏，該姓氏源自挪威語名字 Þórsteinn（參見 Torsten）。,,,,,,
女,Tia,,,英語,以 tia 結尾的姓名的縮寫形式。有人認為，自 1950 年代以來，該名稱的使用源自於咖啡利口酒 Tia Maria 的品牌名稱。在該品牌名稱中，Tia 並非名字，而是西班牙語或葡萄牙語中「阿姨」的意思。,,,,,,
女,Tiana,,,英語,Tatiana 或 Christiana 的縮寫形式。這個名字在美國很少見，直到 1975 年才開始流行，這可能是因為當時頗有名氣的越南裔美國女演員 Tiana Alexandra（1956-）。它曾被用作迪士尼電影《公主與青蛙》（2009 年）中公主的名字。,,,,,,
女,Tianna,,,英語（現代）,Tiana 的變體。,,,,,,
女,Tiara,,,英語（現代）,源自於英語中表示半圓形王冠的單詞，最終源自於希臘語。,,,,,,
女男,Tibby,,,英語,Tabitha 或 Theobald 的縮寫。,,,,,,
女,Tiffanie,,,英語,Tiffany 的變體。,,,,,,
女,Tiffany,,,英語,Theophania 的中世紀形式。這個名字傳統上是給在主顯節（1 月 6 日）出生的女孩起的，這個節日是為了紀念三博士探望聖嬰耶穌。這個名字在中世紀後逐漸消失，但在電影《蒂凡尼的早餐》（1961 年）中再次出現，該片名指的是紐約的蒂凡尼珠寶店。,,,,,,
女,Tiffiny,,,英語（罕見）,Tiffany 的變體。,,,,,,
男,Tiger,,,英語（罕見）,源自於大型條紋貓的名字，源自希臘語τίγρις（底格里斯河），經由古法語和拉丁語演變而來，最終源自伊朗。美國高爾夫球手泰格伍茲（1975-）是其著名的持有者。,,,,,,
女,Tigerlily,,,英語（罕見）,源自於虎百合（tiger lily），該名稱已用於多種橙色百合品種（例如捲葉百合（Lilium lancifolium））。虎百合也是J. M. Barrie 1904年戲劇《彼得潘》（Peter Pan）中美洲原住民公主的名字。,,,,,,
女,Tilda,,,英語、瑞典語、芬蘭語,Matilda的簡稱。,,,,,,
女,Tillie,,,英語,Matilda的暱稱。,,,,,,
女,Tilly,,,英語,Matilda的暱稱。,,,,,,
男,Tim,,,英語、德文、荷蘭語、斯洛維尼亞語、瑞典語、挪威語、丹麥語,Timothy或（在德國）Dietmar的簡稱。這個名字由查爾斯狄更斯的小說《聖誕頌歌》（1843年）中鮑勃克拉奇特患病的兒子、虛構人物蒂尼蒂姆所用。,,,,,,
男,Timmy,,,英語,Timothy 的暱稱。,,,,,,
女,Timotha,,,英語（罕見）,Timothy 的女性形式。,,,,,,
男,Timothy,,,英語，聖經用語,希臘文名字 Τιμόθεος (Timotheos) 的英語形式，意為“尊敬上帝”，源自於 τιμάω (timao) 意為「尊敬」和 θεός (theos) 意為「上帝」。聖提摩太是保羅傳教旅程中的同伴，也是保羅兩封收信人，這些書信收錄在《新約》中。他擁有猶太和希臘血統。根據傳統，他因抗議對阿耳忒彌斯的崇拜而在以弗所殉道。作為英語名字，Timothy 直到宗教改革後才被使用。,,,,,,
女,Tina,,,英語、義大利語、荷蘭語、丹麥語、瑞典語、挪威語、德語、斯洛維尼亞語、克羅埃西亞語、馬其頓語、喬治亞語,Christina、Martina 和其他以 tina 結尾的名字的縮寫。除這些名字外，它在荷蘭語中也用作 Catharina 的縮寫，在瑞典語和克羅地亞語中用作 Katarina 的縮寫，在格魯吉亞語中用作 Tinatin 的縮寫。美國音樂家蒂娜·特納 (1939-2023) 的本名安娜·梅·布洛克 (Anna Mae Bullock) 是一位著名的蒂娜·特納。,,,,,,
女,Tisha,,,英語、非裔美國人,Letitia 或 Latisha 的縮寫。,,,,,,
男,Titus,,,古羅馬語、英語、德語、聖經、聖經拉丁語,羅馬名字，意義不明，可能與拉丁文 titulus（榮譽稱號）有關。它更有可能源自奧斯坎語，因為傳說中的薩賓國王提圖斯·塔提烏斯 (Titus Tatius) 就是這個名字。這個名字出現在《新約》中，屬於聖保羅的一位同伴。他成為克里特島的第一任主教，並收到保羅的一封書信。這也是公元 1 世紀弗拉維王朝三位羅馬皇帝的名字，其中第二位皇帝在歷史上通常也是用這個名字命名的。莎士比亞後來在他的悲劇《泰特斯·安德洛尼克斯》(1593) 中用它來稱呼主角。作為英語名，Titus 自新教改革以來偶爾被使用。,,,,,,
男,Tobias,,,聖經語、德語、瑞典語、丹麥語、挪威語、英語、聖經拉丁語、聖經希臘語,Tobiah 的希臘文形式。這是偽經《托比特書》中英雄的名字，該書出現在許多英語版《舊約》中。故事講述了托比特的兒子托比亞斯在天使拉斐爾的幫助下驅趕了困擾薩拉的惡魔，薩拉後來成為了他的妻子。這個故事在中世紀很流行，當時這個名字在歐洲部分地區偶爾使用。在英國，它在新教改革後變得很普遍。,,,,,,
男,Tobin,,,英語,源自於一個英語姓氏，而這個姓氏本身又源自於名字 Tobias。,,,,,,
男女,Toby,,,英語,Tobias 的中世紀形式。受美國女演員托比溫（1915-2001）的影響，它在 1920 世紀 30 年代和 1940 年代有時被用作女性名字。,,,,,,
男,Tod,,,英語,Todd 的變體。,,,,,,
男,Todd,,,英語,源自英語姓氏 Todd，意為“狐狸”，源自中世紀英語 todde。作為名字，它在 1930 年之前並不常見。它在 20 世紀六、七十年代在英語世界的大部分地區達到頂峰，但此後逐漸衰落。,,,,,,
男,Tolly,,,英語（古語）,Bartholomew 的暱稱。,,,,,,
男,Tom (1),,,英語、荷蘭語、德語、挪威語、丹麥語、瑞典語,Thomas 的縮寫。湯姆索亞是馬克吐溫幾本小說的主角，首次出現在《湯姆索亞歷險記》（1876 年）。其他著名的湯姆·索亞名字包括美國演員湯姆·漢克斯（1956-）和湯姆·克魯斯（1962-），以及美國橄欖球運動員湯姆·布雷迪（1977-）。,,,,,,
男女,Tommie,,,英語,Thomas 的暱稱，有時用作陰性形式。,,,,,,
男,Tommy,,,英語,Thomas 的暱稱。,,,,,,
女,Toni (2),,,英語,Antonia 及其他相關名字的簡稱。,,,,,,
女,Tonia,,,英語,Tonya 的變體。,,,,,,
男,Tony,,,英語,Anthony 的簡稱。著名使用這個名字的人包括歌手 Tony Bennett（1926-2023）和滑板運動員 Tony Hawk（1968-）。這也是 1963 年創作的漫畫超級英雄鋼鐵人（Tony Stark）的真名，以及兩位反英雄犯罪角色：電影《疤面煞星》（1983 年）中的 Tony Montana 和電視劇《黑道家族》（1999-2007 年）中的 Tony Soprano。,,,,,,
女,Tonya,,,英語、俄語,Antonia 的英語暱稱或 Antonina 的俄語暱稱。在英語世界中，它的使用可能受到了Tanya這個名字的正面影響。,,,,,,
女,Topaz,,,英語（罕見）,源自英語中表示黃色寶石的單字，這種寶石是十一月的傳統誕生石，最終源自於希臘語τόπαζος（topazos）。,,,,,,
男,Topher,,,英語,Christopher的縮寫。,,,,,,
女,Topsy,,,英語（罕見）,源自於一個意義不明的暱稱，可能源自於英語單字top。這是哈里特·比徹·斯託的小說《湯姆叔叔的小屋》（1852年）中一位年輕奴隸的名字。,,,,,,
女,Tori,,,英語,Victoria的暱稱。,,,,,,
女,Toria,,,英語,Victoria的縮寫。,,,,,,
男,Torin,,,英語（現代）,含義不明。有人認為它起源於愛爾蘭，但目前尚未找到合適的字源。,,,,,,
男女,Tory,,,英語,Salvatore、Victoria 和其他包含相同發音的名字的暱稱。,,,,,,
女,Tottie,,,英語,Charlotte 的暱稱。,,,,,,
女,Totty,,,英語,Charlotte 的暱稱。,,,,,,
男,Trace,,,英語,Tracy 的縮寫。,,,,,,
女,Tracee,,,英語,Tracy 的陰性變異。,,,,,,
女男,Tracey,,,英語,Tracy 的變體。,,,,,,
女,Traci,,,英語,Tracy 的陰性變異。,,,,,,
女,Tracie,,,英語,Tracy 的陰性變異。,,,,,,
女男,Tracy,,,英語,源自於一個英語姓氏，該姓氏源自諾曼法語地名，意為「屬於色雷斯人的領地」。查爾斯·狄更斯在其小說《匹克威克外傳》（1837 年）中將其用作男性角色。後來，電影《費城故事》（1940 年）中的主角特蕾西·洛德將其作為女性名字而廣為人知。這個名字有時也用作 Theresa 的暱稱。,,,,,,
男,Trafford,,,英語（罕見）,源自一個姓氏，該姓氏源自一個地名，在古英語中意為“魚陷阱淺灘”。,,,,,,
男,Tranter,,,英語（罕見）,源自古英語中意為「貨車夫」的姓氏。,,,,,,
男,Travers,,,英語（罕見）,源自姓氏Travers。,,,,,,
男,Travis,,,英語,源自英語姓氏Travis，源自古法語traverser，意為「穿越」。在美國，該詞用於紀念阿拉莫戰役中德克薩斯軍隊的指揮官威廉·特拉維斯（1809-1836）。,,,,,,
女,Treasure,,,英語（現代）,源自英語單字，最終源自於希臘文θησαυρός（同義詞庫），意為「寶藏，收藏品」。,,,,,,
女,Trecia,,,英語（罕見）,Tricia的變體。,,,,,,
男,Trent,,,英語,源自於一個英語姓氏，原指居住在特倫特河畔的人。美國音樂家特倫特·雷茲諾（1965-）是該姓氏的著名使用者。特倫特也是義大利的一個城市，儘管字源與此無關。,,,,,,
男,Trenton,,,英語,源自威廉特倫特於17世紀建立的新澤西州城市的名稱。意為「特倫特的城鎮」。,,,,,,
女,Tresha,,,英語（罕見）,Tricia 的變體。,,,,,,
女,Tressa,,,英語（罕見）,Theresa 的縮寫形式。它也可能與英語單字 tress 有關，意為「長髮」。,,,,,,
男,Trev,,,威爾斯語、英語,Trevor 的縮寫形式。,,,,,,
男,Trevelyan,,,英語（罕見）,源自一個姓氏，該姓氏源自康沃爾郡的一個地名，意為“山上的家園”。,,,,,,
男,Trevor,,,威爾斯語，英語,源自威爾斯姓氏 Trevor，原取自威爾斯鎮的名稱，意為“大村莊”，源自於中古威爾斯語 tref“村莊”和 maur“大”。作為名字，它在20世紀中葉在英國流行起來，並於1960年代在美國流行起來。,,,,,,
男,Trey,,,英語,源自英語暱稱，意為「三」。,,,,,,
女,Tria,,,英語（罕見）,可能是 Demetria 和其他以類似發音結尾的名字的縮寫。,,,,,,
女,Tricia,,,英語,Patricia 的縮寫。,,,,,,
女,Trina,,,英語,Katrina 的縮寫。,,,,,,
女,Trinity,,,英語,源自英語單字 Trinity，以紀念基督教的信仰，即上帝只有一個本質，但存在有三種不同的表達方式：聖父、聖子和聖靈。它自20世紀才開始用作名字。,,,,,,
男,Tripp,,,英語（現代）,源自姓氏，源自中古英語trippen（意為「跳舞」）。它也可能受到英語單字trip（意為“旅程，跌倒”）的啟發。,,,,,,
女,Trish,,,英語,Patricia 的縮寫。,,,,,,
女,Trisha,,,英語,Patricia 的縮寫。,,,,,,
女,Trista,,,英語,Tristan 的陰性形式。,,,,,,
男,Tristan,,,英語、法語、亞瑟王傳奇,可能源自凱爾特語名稱Drustan，是Drust的縮寫，在一些威爾斯語資料中，Drust被寫成Drystan。作為Tristan，它最早出現在12世紀的法國故事中，可能與古法語triste（意為「悲傷」）聯繫在一起而有所改變。根據故事，特里斯坦被他的叔叔康沃爾國王馬克派往愛爾蘭，去迎接國王的新娘伊索德。在回程的路上，特里斯坦和伊索德不小心喝下了一種藥水，使他們墜入愛河。後來的版本將特里斯坦（Tristan）定為亞瑟王的騎士之一。他的悲劇故事在中世紀廣為流傳，此後這個名字偶爾也會被使用。,,,,,,
男女,Tristen,,,英語（現代）,Tristan 的變體，有時用作女性形式。,,,,,,
男女,Tristin,,,英語（現代）,Tristan 的變體，有時用作女性形式。,,,,,,
男,Triston,,,英語（現代）,Tristan 的變體。,,,,,,
男,Tristram,,,英語（英式）,Tristan 的中世紀英語形式。,,,,,,
女,Trix,,,英語,Beatrix 的縮寫。,,,,,,
女,Trixie,,,英語,Beatrix 的暱稱。,,,,,,
男,Troy,,,英語,最初源自於姓氏，指法國特魯瓦城的人。現在更可能用來指荷馬史詩《伊利亞德》中被希臘人圍攻的古城特洛伊。這座城市的名字源自於希臘語 Τροία（特洛亞），據說源自於其神話中的締造者 Τρώς（特羅斯），但更有可能源自盧維語或赫梯語。 1960 年代，演員特洛伊·多納休（1936-2001）將這個名字推向了流行，他的藝名取自這座古城的名字。,,,,,,
女,Trudi,,,德語、英語,Gertrude 和其他以「力量」元素 drud 結尾的日耳曼名字的縮寫。,,,,,,
女,Trudie,,,英語、荷蘭語,Gertrude 的縮寫。,,,,,,
女,Trudy,,,英語、荷蘭語,Gertrude 的縮寫。,,,,,,
男,Trueman,,,英語（罕見）,源自 Truman 的姓氏變體。,,,,,,
男,Truman,,,英語,源自中世紀英語中意為「值得信賴的人」的姓氏。美國總統哈里·S·杜魯門（1884-1972）是該姓氏的著名持有者。美國作家杜魯門·卡波特（1924-1984）也曾使用過這個名字。,,,,,,
男,Tucker,,,英語（現代）,源自漂布工的職業姓氏，源自古英語 tucian，意為「冒犯、折磨」。漂布工是指用捶打來清洗和加厚原布的人。,,,,,,
女,Tuesday,,,英語（罕見）,源自英語中表示星期幾的單字，源自古英語 tiwesdæg，意為「星期二」。,,,,,,
男,Turner,,,英語,源自英語姓氏 Turner，指使用車床工作的人，源自古英語 turnian，意為“轉動”，源自拉丁語。,,,,,,
女,Twila,,,英語,含義不明。可能源自於英語單字 twilight，也可能源自於法文 étoile（星星）的卡津語發音。它在 19 世紀末開始用作美國名字。,,,,,,
女,Twyla,,,英語,Twila 的變體。,,,,,,
男,Ty,,,英語,Tyler、Tyson、Tyrone 和其他以 Ty 開頭的名字的縮寫。,,,,,,
男,Tye,,,英語,源自中世紀英語中意為「牧場」的姓氏。,,,,,,
女,Tyla,,,英語（現代）,Tyler 的陰性形式，或常用語音元素 ty 和 la 的組合。,,,,,,
男女,Tylar,,,英語（罕見）,Tyler 的變體。,,,,,,
男,Tyler,,,英語,源自英語姓氏 Tyler，意為“屋頂瓦工”，源自古英語 tigele（瓦片）。該姓氏由美國總統約翰·泰勒（1790-1862）所擁有。,,,,,,
男,Tylor,,,英語（現代）,Tyler 的變體。,,,,,,
女,Tyra,,,瑞典語、英語、非裔美國人,源自古挪威語名字 Þýri，是挪威語名字 Þórví 或 Þórveig 的變體。該名字在英語世界（尤其是非裔美國人）的使用可能部分源於瑞典語名字 Þýri，儘管它也可能被視為 Tyrone 或 Tyree 的女性形式。美國模特兒兼演員泰拉班克斯 (1973-) 是這個名字的著名使用者。,,,,,,
男,Tyrell,,,英語（現代）、非裔美國人（現代）,源自 Terrell 的變體姓氏。受 Tyrone 和 Darrell 等發音相似的名字的影響，非裔美國父母也使用該名字，但通常重音在第二個音節上。,,,,,,
男,Tyron,,,英語,Tyrone 的變體。,,,,,,
男,Tyrone,,,英語，非裔美國人,源自北愛爾蘭一個郡名，郡名源自愛爾蘭蓋爾語Tir Eoghain，意為「Eoghan之地」。這個名字因美國演員泰隆·鮑華（1914-1958）而廣為人知，他的名字取自其曾祖父，一位愛爾蘭演員。,,,,,,
男,Tyrrell,,,英語（罕見）,源自Terrell的變體姓氏。,,,,,,
男,Tyson,,,英語,源自於一個英語姓氏，最初是指好爭吵的人的暱稱，源自於古法語tison，意為「煽動者」。該姓氏的著名使用者是拳擊手邁克·泰森（1966-）。在1960年之前，這個名字在美國並不常見，但在1960年代和1970年代逐漸流行起來，可能是因為它與Tyler和Tyrone等名字相似。,,,,,,
U,,,,,,,,,,,
男,Ulric,,,英語（罕見）,古英語名字Wulfric的中世紀英語形式。在現代使用時，它通常是 Ulrich 的變體。,,,,,,
女,Ulyssa,,,英語（罕見）,Ulysses 的陰性形式。,,,,,,
男,Ulysses,,,羅馬神話，英語,Odysseus 的拉丁語形式。它由尤利西斯·S·格蘭特（1822-1885）所用，他是美國內戰期間聯邦軍隊的指揮官，後來成為美國總統。愛爾蘭作家詹姆斯喬伊斯用它作為他的作品《尤利西斯》（1922 年）的標題，該書與荷馬史詩《奧德賽》略有相似之處。,,,,,,
女,Una,,,英語,愛爾蘭語 Úna 或蘇格蘭語 Ùna 的英語化形式。它也與拉丁語 una 有關，後者是 unus 的陰性形式，意為「一」。這個名字出現在埃德蒙·斯賓塞的詩歌《仙后》（1590 年）中。,,,,,,
女,Unice,,,英語（罕見）,Eunice 的變體。,,,,,,
女,Unique,,,英語（現代）,源自英語單字 unique，最後源自於拉丁文 unicus。,,,,,,
女,Unity,,,英語（罕見）,源自英語單字 unity，最終源自於拉丁文 unitas。,,,,,,
男,Upton,,,英語（罕見）,源自姓氏，該姓氏源自古英語中意為「上城」的地名。美國小說家厄普頓·辛克萊 (1878-1968) 曾經使用過這個名字。,,,,,,
女,Ursella,,,英語（罕見）,Ursula 的變體。,,,,,,
女,Ursula,,,英語、瑞典語、丹麥語、德語、荷蘭語、芬蘭語、晚期羅馬語,意為“小熊”，源自拉丁語 ursa（母熊）的暱稱。聖烏爾蘇拉是一位傳說中的公元 4 世紀的處女公主，她在朝聖歸來時被匈奴人殺害。在中世紀的英格蘭，這位聖女很受歡迎，這個名字在當時開始廣泛使用。,,,,,,
男,Usain,,,英語（加勒比海語，罕見）,可能是 Husayn 的一種形式，尤塞恩·博爾特（1986-）就是以他的名字命名的。他的名字似乎是由他的表弟根據一位同學的名字命名的。,,,,,,
V,,,,,,,,,,,
男女,Val,,,英語,Valentine 1、Valerie 和其他以 Val 開頭的名字的縮寫。,,,,,,
女,Valarie,Val,,英語,Valerie 的變體。,,,,,,
女,Valary,Val,,英語（罕見）,Valerie 的變體。,,,,,,
女,Vale,,,英語（罕見）,源自英語，意為「寬闊的河谷」。,,,,,,
男,Valentine (1),,,英語,源自羅馬姓氏 Valentinus，而 Valentinus 本身又源自拉丁文姓氏 Valens，意為「強壯、有力、健康」。聖瓦倫丁是一位公元 3 世紀的殉道者。他的節日與羅馬的生育節牧神節相同，因此情人節與愛情聯繫在一起。作為英語名，它自12世紀以來就偶爾被使用。它是莎士比亞戲劇《維羅納二紳士》（1594年）中一位核心人物的名字。,,,,,,
女,Valerie,Val,,英語、德語、捷克語,Valeria 的英語和德語形式，以及 Valérie 的捷克語變體。,,,,,,
女,Valorie,Val,,英語,Valerie 的變體。,,,,,,
男,Van,,,英語,包含“van”的姓名的縮寫，例如 Vance 或 Ivan。,,,,,,
男,Vance,,,英語,源自於一個英語姓氏，該姓氏源自古英語fenn，意為「沼澤，沼澤地」。,,,,,,
女,Vanessa,"Ness, Nessa",,英語、法語、義大利語、葡萄牙語、西班牙語、德語、荷蘭語,由作家喬納森·斯威夫特（Jonathan Swift）為其1726年的詩作《卡登努斯與凡妮莎》（Cadenus and Vanessa）創作。他透過重新排列其密友埃絲特·範霍姆裡（Esther Vanhomrigh）的名字和姓氏的首音節而得名。 Vanessa後來被用作一種蝴蝶的名稱。直到20世紀中期，它才成為一個罕見的名字，之後才變得相當流行。,,,,,,
男,Vaughan,,,威爾斯語、英語,源自威爾斯姓氏，該姓氏源自bychan（突變為fychan），意為「小」。,,,,,,
男,Vaughn,,,英語,源自於一個威爾斯姓氏，是Vaughan的變體。,,,,,,
女,Velda,,,英語,意義不明，可能源自古德語元素walt，意為「權力、權威」。,,,,,,
女,Velma,,,英語,可能是 Wilma 的變體，拼字中帶字母 e 可能是受《塞爾瑪一號》的影響。這個名字自 19 世紀以來一直沿用。,,,,,,
女,Velvet,,,英語,"源自英語中表示柔軟織物的單字。它因伊妮德·巴格諾德 (Enid Bagnold) 的著作《玉女神駒》(National Velvet, 1935) 以及該書的電影 (1944) 和電視劇 (1960) 中的主角而成為名字。",,,,,,
女,Venetia,,,英語（罕見）、希臘語,"源自義大利威尼托地區和威尼斯市的拉丁名（參見地名 Venetia）。這個名字由著名的英國美女 Venetia Stanley (1600-1633) 所取，但她的名字可能是威爾斯名字 Gwynedd 的拉丁化形式。班傑明‧迪斯雷利 (Benjamin Disraeli) 在他的小說《威尼托》(Venetia, 1837) 中用它作為女主角。",,,,,,
女,Vera (1),,,俄語、英語、德語、瑞典語、挪威語、丹麥語、荷蘭語、葡萄牙語、義大利語、西班牙語、匈牙利語、斯洛維尼亞語、塞爾維亞語、克羅埃西亞語、保加利亞語、馬其頓語、白俄羅斯語、喬治亞語,在俄語中意為“信仰”，但有時也與拉丁語 verus（意為“真實”）聯繫在一起。自19世紀末以來，該詞在英語世界普遍使用。,,,,,,
男,Vere,,,英語（罕見）,源自諾曼姓氏，該姓氏源自於一個法國地名，而該地名本身又源自於一個高盧語單詞，意為「赤楊」。,,,,,,
男,Virgil,,,英語,Virgil 的變體。,,,,,,
女,Verity,,,英語,源自英語，意為“真理”，源自拉丁語 verus，意為“真實的”。這是17世紀清教徒所採用的美德名稱之一。,,,,,,
男,Vern,,,英語,Vernon 的縮寫。,,,,,,
女,Verna,,,英語,Vernon 的陰性形式，有時與拉丁語 vernus（意為「春天」）相關。自19世紀以來一直在使用。,,,,,,
男,Vernon,,,英語,源自諾曼姓氏，姓氏源自法國地名，最終源自高盧語 vern，意思是「赤楊」。,,,,,,
女,Veronica,"Roni, Ronnie",,英語、義大利語、羅馬尼亞語、晚期羅馬語,Berenice 的拉丁語變體，其拼字受教會拉丁語短語 vera icon（意為「真實的形象」）的影響。這是一位傳奇聖徒的名字，他用毛巾擦拭耶穌的臉，然後發現耶穌的肖像印在了毛巾上。由於關於她的傳說故事廣為流傳，這個名字在中世紀的基督教世界中偶爾被使用。它是由義大利聖徒和神秘主義者維羅妮卡·朱利安尼（1660-1727）所使用。作為英語名，它直到19世紀才從法國和蘇格蘭傳入。,,,,,,
女,Virgil,,,英語,Violet 的縮寫。,,,,,,
女,Vianne,,,英語（罕見）,意義不明，可能是 Vi 和 Anne 1 的組合，或是 Vivianne 的縮寫。,,,,,,
男女,Vic,,,英語,Victor 或 Victoria 的縮寫。,,,,,,
女,Vicki,,,英語,Victoria 的暱稱。,,,,,,
女,Vickie,,,英語,Victoria 的暱稱。,,,,,,
女,Vicky,,,英語,Victoria 的暱稱。,,,,,,
男,Victor,Vic,,英語、法語、葡萄牙語、羅馬尼亞語、荷蘭語、瑞典語、丹麥語、挪威語、晚期羅馬語,拉丁文意為「勝利者、征服者」的羅馬名字。它在早期基督教徒中很常見，幾位早期聖徒和三位教宗都曾使用過這個名字。在中世紀，這個英語名字很少見，但在19世紀又重新流行起來。其中一位著名的使用者是法國作家維克多·雨果（1802-1885），他創作了《巴黎聖母院》和《悲慘世界》。,,,,,,
女,Victoria,"Tori, Toria, Tory, Vic, Vicki, Vickie, Vicky, Vikki",,英語、西班牙語、羅馬尼亞語、德語、瑞典語、挪威語、丹麥語、法語、晚期羅馬語、羅馬神話,在拉丁語中意為“勝利”，由羅馬勝利女神所生。它也是Victorius的女性形式。這個名字是由一位4世紀的北非聖徒和殉道者所生。雖然在歐洲其他地區也有使用，但直到19世紀維多利亞女王開始長期統治英國之前，這個名字在英語世界中非常罕見。她以她母親的名字命名，她的母親是德國皇室成員。許多地理區域以女王命名，包括澳洲的一個州和加拿大的一個城市。,,,,,,
女,Vienna,,,英語（現代）,源自奧地利首都維也納的名稱。,,,,,,
女,Vikki,,,英語,Victoria 的縮寫。,,,,,,
男,Vin,,,英語,Vincent 的縮寫。,,,,,,
男,Vinal,,,英語（罕見）,源自一個姓氏，該姓氏源自於中世紀英語中意為「葡萄園」的地名。,,,,,,
男,Vince,,,英語、匈牙利語,Vincent 的英語縮寫和匈牙利語標準形式。,,,,,,
男,Vincent,,,英語、法語、荷蘭語、丹麥語、瑞典語、斯洛伐克語,源自羅馬名字 Vincentius，名字源自拉丁文 vinco，意為「征服」。這個名字在早期基督徒中很流行，許多聖徒都使用過這個名字。作為一個英語名字，Vincent 自中世紀以來就一直被使用，但直到 19 世紀才變得普遍。擁有該名字的名人包括法國神父聖文森特·德·保羅（1581-1660）和荷蘭後印象派畫家文森·梵谷（1853-1890）。,,,,,,
男女,Vinnie,,,英語,Vincent 的暱稱，以及其他包含 vin 的名字。,,,,,,
男,Vinny,,,英語,Vincent 的暱稱。,,,,,,
女,Viola,,,英語、義大利語、瑞典語、丹麥語、芬蘭語、德語、匈牙利語、捷克語、斯洛伐克語,在拉丁文中意為「紫羅蘭」。這是威廉莎士比亞喜劇《第十二夜》（1602 年）女主角的名字。在劇中，她是一位海難倖存者，偽裝成一個名叫西薩裡奧的男人。作為奧西諾公爵的信使，她試圖說服奧利維亞嫁給他。然而，薇奧拉愛上了公爵。,,,,,,
女,Violet,,,英語,源自英語單字 violet，意為紫色花朵，最終源自於拉丁文 viola。從16世紀開始，它在蘇格蘭很常見，並在19世紀作為英語名字廣泛使用。,,,,,,
女,Viona,,,英語（罕見）,可能是受Viola影響的Fiona的變體。,,,,,,
女,Vergee,,,英語,Virginia 的暱稱。,,,,,,
女,Virgie,,,英語,Virginia的暱稱。,,,,,,
男,Virgil,,,英語、羅馬尼亞語,源自羅馬姓氏Vergilius，含義不明。這個名字由西元前1世紀的羅馬詩人Publius Vergilius Maro（俗稱Virgil）所創，他是《埃涅阿斯紀》的作者。由於他的影響，Virgil自19世紀以來一直在英語世界中用作名字。,,,,,,
女,Virginia,"Gena, Gina, Ginger, Ginnie, Ginny, Jeana, Jeanna, Jinny, Virgee, Virgie, Geena",,英語、義大利語、西班牙語、葡萄牙語、羅馬尼亞語、希臘語、古羅馬語,羅馬姓氏Verginius或Virginius的女性形式，含義不明，但長期以來與拉丁語virgo（意為「少女、處女」）聯繫在一起。據傳說，這名羅馬婦女被父親殺害，以求逃脫貪官的魔爪。這也是新大陸第一個英國嬰兒的名字：Virginia Dare，1587年出生於羅阿諾克島。或許正因如此，這個名字在美國比在英語世界其他地區更受歡迎，儘管在英國和美國，這個名字直到19世紀才開始被廣泛使用。這個嬰兒的名字取自維吉尼亞殖民地，而維吉尼亞殖民地本身又以童貞女王伊莉莎白一世的名字命名。較近的弗吉尼亞·伍爾夫（1882-1941）也以此為名。,,,,,,
女,Vivian,Vivi,,英語、瑞典語、挪威語、丹麥語,源自拉丁文Vivianus，此字源自於拉丁文vivus（意為「活的」）。聖維維安是一位法國主教，他在5世紀西哥德人入侵期間提供了保護。自中世紀以來，它偶爾也被用作英語（男性）名字。在現代，它也用作女性名字，在這種情況下，它要么是 Bébinn 的英語化形式，要么是 Vivien 2 的變體。,,,,,,
女,Viviette,Vivi,,英語（罕見）,Vivienne 的暱稱。威廉·約翰·洛克在他的小說《薇薇特》（1910 年）中以這個名字作為主角。,,,,,,
女,Vivyan,Vivi,,英語（罕見）,Vivian 的變體。,,,,,,
女,Vonda,,,英語,Wanda 的變體，反映了波蘭語的發音。,,,,,,
男,Vyvyan,Vivi,,英語（英式）,Vivian 的變體。這是奧斯卡王爾德的一個兒子的名字。,,,,,,
W,,,,,,,,,,,
男,Wade,,,英語,源自英語姓氏，Wade 1 或 Wade 2。,,,,,,
男,Waldo (1),,,英語,源自於一個源自盎格魯-斯堪的納維亞名字 Waltheof 的姓氏。在英語世界中，它現在的使用通常是為了紀念美國超驗主義者、詩人和作家拉爾夫·沃爾多·愛默生（1803-1882）。他的名字來自他父親家族的一個姓氏。,,,,,,
男,Walker,,,英語,源自於一個英語姓氏，指中世紀一種職業－「走工」（walker），也被稱為「漂洗工」（fuller）。走工會踩踏濕漉漉的、未經加工的羊毛，以清潔和加厚羊毛。這個字最後源自於古英語 wealcan，意為「行走」（to walk）。,,,,,,
男,Wallace,"Wallie, Wally",,英語，蘇格蘭語,源自蘇格蘭和英國姓氏，源自諾曼法語 waleis，意為「外國人、凱爾特人、威爾斯人」（源自日耳曼語）。它最初用作名字，是為了紀念威廉·華萊士（William Wallace），一位在13世紀領導對抗英國的蘇格蘭英雄。,,,,,,
男,Wallie,,,英語,Walter 或 Wallace 的暱稱。,,,,,,
男女,Wallis,,,英語（罕見）,源自華萊士（Wallace）變體的姓氏。沃利斯·辛普森（Wallis Simpson，1895-1986）是一位離婚女子，愛德華八世娶她為妻，迫使他退位英國王位。,,,,,,
男,Wally,,,英語,Walter 或 Wallace 的暱稱。,,,,,,
男,Walt,,,英語,Walter 的縮寫。美國動畫師兼電影製片人華特迪士尼（Walt Disney，1901-1966）是該姓氏的著名代表。,,,,,,
男,Walter,"Wallie, Wally, Walt, Wat",,英語、德語、瑞典語、挪威語、丹麥語、波蘭語、義大利語、日耳曼語,源自日耳曼語名 Waltheri，意為“軍隊的力量”，由元素 walt（權力、權威）和 heri（軍隊）組成。在中世紀德國故事中（尤其是聖加爾的埃克哈德（Ekkehard of Saint Gall）的《Waltharius》），阿基坦的沃爾特（Walter of Aquitaine）是一位英勇的西哥特國王。這個名字也由11世紀的法國聖徒蓬圖瓦茲的沃爾特（Walter of Pontoise）使用。諾曼人將它帶到了英格蘭，並在那裡取代了古英語同源詞“Wealdhere”。這個名字的著名使用者是英國廷臣、詩人和探險家沃爾特·羅利（Walter Raleigh，1552-1618）。蘇格蘭小說家沃爾特·斯科特（Walter Scott，1771-1832）也使用了它，他創作了《艾凡赫》（Ivanhoe）和其他著名作品。,,,,,,
男,Walton,,,英語,源自一個姓氏，該姓氏原取自各種古英語地名，意為「溪流之城」、「樹林之城」或「城牆之城」。,,,,,,
女,Wanda,,,波蘭語、英語、德語、法語,可能源自日耳曼語名字，意為「溫德」（Wend），指的是居住在德國東部的斯拉夫人。在波蘭傳說中，這是克拉科夫國王克拉克（Krak）女兒的名字，克拉克國王是克拉科夫的傳奇創始人。作家奧伊達 (Ouida) 將它引入英語世界，並用它來指小說《旺達》(Wanda) (1883 年) 中的女主角。,,,,,,
男,Ward (1),,,英語,源自守望者的職業姓氏，源自於古英語中意為「守衛」的字根weard。,,,,,,
男,Wardell,,,英語,源自姓氏，該姓氏源自古英語中意為「守望山」的地名。,,,,,,
男,Warner,,,英語,源自諾曼姓氏，該姓氏源自於名字Werner。,,,,,,
男,Warren,,,英語,源自於一個英語姓氏，該姓氏要么源於諾曼法語中意為“動物圍欄”的warrene，要么源於諾曼底的拉瓦雷納鎮。美國總統哈定 (Warren G. Harding，1865-1923) 和投資者沃倫巴菲特 (Warren Buffett，1930-) 都曾使用過這個名字。,,,,,,
男,Warrick,,,英語（罕見）,源自一個姓氏，是Warwick的變體。,,,,,,
男,Warwick,,,英語（罕見）,源自一個姓氏，該姓氏源於英格蘭的一個城鎮名稱，其本身源於古英語，wer 為“堰，壩”，wic 為“定居點”。,,,,,,
男,Washington,,,英語、西班牙語（拉丁美洲）、葡萄牙語（巴西）,源自一個姓氏，該姓氏最初源於一個英國城鎮的名稱，其含義為“屬於瓦薩人的定居點”。這個名字通常是為了紀念喬治華盛頓（1732-1799），他是美國獨立戰爭期間大陸軍的指揮官，也是美國第一任總統。,,,,,,
男,Wat,,,英語,Walter 的中世紀縮寫形式。,,,,,,
男,Watson,,,英語,源自於一個英語姓氏，意為「沃特之子」。這個姓氏的著名虛構人物是華生醫生，他是亞瑟·柯南·道爾自1887年起創作的偵探小說中夏洛克·福爾摩斯的助手。,,,,,,
女男,Waverly,,,英語,源自一個罕見的英語姓氏 Waverley，該姓氏源於薩裡郡的一個地名，其含義可能源於古英語 wæfre（意為“閃爍的、搖擺的”）和 leah（意為“林地、空地”）。這個姓氏源自於華特‧史考特小說《韋弗利》（1814年）中的主角。紐約和舊金山的街道都以這部小說命名，而譚恩美小說《喜福會》（1989年）中的一個女性角色也以舊金山的這條街道命名。 1993年小說改編的電影上映後，這個姓氏在女孩中的人氣略有提升，而電視劇《少年魔法師》（2007-2012年）首播後，這個姓氏更是人氣飆升。,,,,,,
男,Wayland,,,英語，盎格魯撒克遜神話,源自古英語Weland，可能源自日耳曼語字根*wīlą，意為「工藝、狡猾」。在日耳曼傳說中，Weland（古挪威語稱為Vǫlundr）是一位鐵匠和工匠大師。他被尼哈德國王俘虜並打斷腿筋，但為了報仇，他殺死了國王的兒子們。,,,,,,
男,Waylon,,,英語,"Wayland的變體。這個名字因鄉村音樂歌手韋倫詹寧斯 (Waylon Jennings, 1937-2002) 而廣為人知，他原名韋蘭 (Wayland)。",,,,,,
男,Wayne,,,英語,"源自於一個職業姓氏，意為“馬車製造商”，源自古英語 wægn（馬車）。將其用作名字，部分原因在於演員約翰韋恩 (John Wayne, 1907-1979) 的受歡迎程度。另一位著名的姓氏是加拿大冰球運動員韋恩·格雷茨基 (Wayne Gretzky, 1961-)，他被公認為冰球史上最偉大的運動員。",,,,,,
男,Webster,,,英語,源自於一個職業姓氏，意為“織布工”，源自古英語 webba。,,,,,,
男,Weldon,,,英語,源自於一個英語姓氏，該姓氏源自於一個地名，在古英語中意為「泉水附近的山丘」。,,,,,,
男,Wells,,,英語,源自於一個英語姓氏，該姓氏最初指居住在井或泉水附近的人，源自中世紀英語 wille。,,,,,,
女,Wenda,,,英語（罕見）,溫迪 (Wendy) 的變體。,,,,,,
男,Wendell,,,英語,源自德國和荷蘭姓氏，源自於名字 Wendel。在美國，這個名字是為了紀念詩人 Oliver Wendell Holmes Sr.（1809-1894）和他的兒子、最高法院法官 Oliver Wendell Holmes Jr.（1841-1935）。這位長者的中間名源自於其母親的娘家姓（該姓氏由一位荷蘭祖先以 Wendel 的形式帶到美國，後來添加了一個 l）。,,,,,,
女,Wendi,,,英語,Wendy 的變體。,,,,,,
女,Wendy,,,英語,J. M. Barrie 的戲劇《彼得潘》（1904 年）中的角色 Wendell 源自於作者年輕朋友給其起的暱稱 fwendy（朋友）。然而，該名字在戲劇上演之前就已使用（很少），在這種情況下，它可能與威爾士名字 Gwendolen 以及其他以 gwen（意為“白色、受祝福的”）開頭的名字有關。這個名字直到巴里的戲劇上演後才變得普遍。,,,,,,
女,Wenona,,,英語（罕見）,Winona 的變體。,,,,,,
男,Wes,,,英語,Wesley 和其他以 Wes 開頭的名字的簡稱。,,,,,,
男,Wesley,Wes,,英語,源自於一個源自地名的英語姓氏，其本身意為“西草地”，源自古英語 west（西）和 leah（林地、空地）。有時，人們會用這個名字來紀念衛理公會的創始人約翰衛斯理 (1703-1791)。,,,,,,
男,Westley,Wes,,英語,源自姓氏，是 Wesley 的變體。,,,,,,
男,Weston,Wes,,英語,源自於一個源自地名的英語姓氏，其本身意為“西”，源自古英語 west（西）和 tun（圍場、院子、城鎮）。,,,,,,
男,Whitaker,,,英語（罕見）,源自於一個源自地名的姓氏，其本身意為“白田”，源自古英語。,,,,,,
女男,Whitney,,,英語,源自於一個英語姓氏，該姓氏最初源自於古英語中意為「白色島嶼」的地名。該姓氏作為女性名字的流行使用始於20世紀60年代，由女演員惠特尼·布萊克（1925-2002）開創，並在20世紀80年代由歌手惠特尼·休斯頓（1963-2012）進一步推廣。,,,,,,
男女,Wil,,,英語、荷蘭語,William 和其他以 Wil 開頭的名字的縮寫。,,,,,,
男,Wilbur,,,英語,源自於一個英語姓氏，該姓氏最初源自於暱稱 Wildbor，在中世紀英語中意為「野豬」。這個名字由威爾伯·萊特 (Wilbur Wright，1867-1912) 所用，他是萊特兄弟之一，兩人共同發明了第一架成功的飛機。萊特以衛理公會牧師威爾伯·菲斯克 (Wilbur Fisk，1792-1839) 的名字命名。 E. B. 懷特 (E. B. White) 創作的兒童小說《夏洛特的網》(Charlotte's Web，1952 年) 中的主角（一頭豬）為萊特命名。,,,,,,
男,Wilburn,,,英語,源自於一個英語姓氏，該姓氏最初可能源自於一個未知地名。第二個元素對應古英語 burne「溪流」。,,,,,,
女,Wilda,,,英語,意義不確定，可能源自德語姓氏，也可能源自英語單字 wild。該名字自 19 世紀以來一直在使用。,,,,,,
男,Wilder,,,英語,源自於一個英語姓氏，意為“野性的、未馴服的、不受控制的”，源自古英語 wilde。,,,,,,
男,Wiley,,,英語,源自一個姓氏，該姓氏源自於多個英語地名：名為 Willey 或 Wylye 河的城鎮。,,,,,,
男,Wilf,,,英語,Wilfred 的縮寫。,,,,,,
男,Wilford,,,英語,源自一個姓氏，該姓氏最初源自於一個地名，在古英語中意為「柳樹淺灘」。,,,,,,
男,Wilfred,,,英語,意為“渴望和平”，源自古英語 willa（意願、渴望）和 friþ（和平）。聖威爾弗里德是一位公元七世紀的盎格魯-撒克遜主教。諾曼征服後，名字很少使用，但在十九世紀又重新流行起來。,,,,,,
女,Wilfreda,,,英語（罕見）,Wilfred 的女性形式。,,,,,,
男,Wilfrid,,,英語,Wilfred 的變體。,,,,,,
女,Wilhelmina,,,荷蘭語、德語（罕見）、英語,Wilhelm 的荷蘭語和德語陰性形式。名字由荷蘭女王（1880-1962）所用。,,,,,,
男,Wilkie,,,英語,源自於一個英語姓氏，最初源自於名字 William 的縮寫。,,,,,,
女,Will,,,英語,William 和其他以 Will 開頭的名字的縮寫。美國演員威爾史密斯（1968年－）的著名名字是 Willard。,,,,,,
女,Willa,,,英語,William 的陰性形式。,,,,,,
男,Willard,,,英語,源自於一個英語姓氏，源自古德語名字 Willihard（或古英語同源詞 Wilheard）。,,,,,,
男,William,"Bill, Billie, Billy, Liam, Wil, Will, Willie, Willy",,英語,源自日耳曼名字 Willehelm，意思是 「意志頭盔」，由 willo 「意志、渴望 」和 helm 「頭盔、保護 」兩個元素組成。這個名字的早期聖人是 8 世紀的 William of Gellone，他是查理曼大帝的表弟，後來出家為僧。這個名字在諾曼人中很常見，在 11 世紀征服者威廉（William the Conqueror）被認定為英格蘭第一位諾曼人國王之後，這個名字在英格蘭變得非常流行。從那時起直到現代，它一直是最常見的英語名字之一（與 John、Thomas 和 Robert 並列）。這個名字後來被其他三位英國國王，以及蘇格蘭、西西里島（諾曼起源）、荷蘭和普魯士的統治者所使用。其他著名的姓氏包括 13 世紀蘇格蘭英雄 William Wallace 和 14 世紀瑞士傳奇英雄 William Tell（德語稱為 Wilhelm，法語稱為 Guillaume，意大利語稱為 Guglielmo）。在文學界，它由戲劇家 William Shakespeare (1564 -1616)、詩人 William Blake (1757 -1827)、詩人 William Wordsworth (1770 -1850)、戲劇家 William Butler Yeats (1865 -1939)、作家 William Faulkner (1897 - 1962) 和作家 William S. Burroughs (1914 -1997) 所擁有。在美國的排名中（自1880年起），這個名字從未跌出前20名，使其成為最持續流行的名字之一（雖然從未達到最高排名）。在現代，其簡稱 Liam 定期比 William 本身更受歡迎，在 1990 年代的英國和 2010 年代的美國。,,,,,,
男女,Willie,,,英語,William的陽性或陰性暱稱。著名姓氏包括美國棒球運動員威利·梅斯（1931-2024）和音樂家威利·納爾遜（1933-）。,,,,,,
男,Willis,,,英語,來自英文姓氏，源自 Will，是 William 的縮寫。,,,,,,
男女,Wiloughby,,,英語（罕見）,源自一個姓氏，該姓氏最初源自於古英語中意為「柳樹鎮」的地名。,,,,,,
女,Willow,,,英語（現代）,源自樹名，最終源自古英語 welig。,,,,,,
男女,Willy,,,英語、德語、荷蘭語,William、Wilhelm 或 Willem 的暱稱。在荷蘭語中，它既有陽性也有陰性。,,,,,,
女,Wilma,,,德語、荷蘭語、英語、瑞典語、葡萄牙語（巴西）、西班牙語（拉丁美洲）,Wilhelmina 的縮寫。 19 世紀，德國殖民者將其引入美國。,,,,,,
男,Wilmer,,,英語、西班牙語（拉丁美洲）、瑞典語,源自古英語名 Wilmǣr，可能源自於一個姓氏。在某些情況下，它可能被視為 Wilma 的陽性形式。,,,,,,
男,Wilson,,,英語、西班牙語（拉丁美洲）、葡萄牙語,源自於一個英語姓氏，意為「威廉之子」。此姓氏由一戰期間的美國總統伍德羅·威爾遜（Woodrow Wilson，1856-1924）所使用。,,,,,,
男,Wilt,,,英語,Wilton 的簡稱。這個名字是籃球運動員 Wilt Chamberlain（1936-1999 年）的名字。,,,,,,
男,Wilton,,,英語,源自一個姓氏，該姓氏源自於多個英國城鎮的名稱。這些城鎮名稱在古英語中含義各異，包括“柳樹鎮”、“井鎮”或“威利河畔小鎮”。這條河的名稱本身源自凱爾特語，可能意為「棘手」。,,,,,,
男女,Windsor,,,英語（罕見）,源自於一個英語姓氏，該姓氏源自於一個地名，在古英語中意為「帶有絞盤的河岸」（絞盤是一種起重設備）。自1917年以來，該姓氏一直是英國王室的姓氏。,,,,,,
男,Winfield,,,英語,源自姓氏，姓氏源自多個英國地名，這些地名本身源自古英語winn「草地、牧場」和feld「田野」。,,,,,,
男,Winfred,,,英語,意為“和平之友”，源自古英語元素wine“朋友”和friþ“和平”。這是公元8世紀傳教士聖博尼法斯的本名。諾曼征服後，這個名字變得罕見，但在19世紀又重新流行起來。,,,,,,
女,Winifred,"Freda, Freddie, Winnie(English)",,英語，威爾斯語,源自拉丁文Winifreda，可能源自威爾斯語名字Gwenfrewi（可能受到古英語男性名字Winfred的影響）。聖溫妮弗雷德是一位公元7世紀的威爾斯殉道者，可能是個傳奇人物。根據傳說，她拒絕了一位王子的求愛後被斬首。她的頭顱墜落之處湧現一處具有治癒功效的泉水，自中世紀以來一直是朝聖地。她的故事由什魯斯伯里的羅伯特於12世紀記錄下來，歷史上她在英格蘭比在威爾斯受到更廣泛的崇敬。該名字至少從16世紀開始在英格蘭使用。,,,,,,
女,Winnie,,,英語,Winifred的暱稱。小熊維尼（Winnie-the-Pooh）是A. A. Milne兒童讀物中的一隻毛絨熊，其名字取自倫敦動物園裡一隻名叫溫尼伯的真實熊。,,,,,,
女,Winnifred,"Freda, Freddie, Winnie(English)",,英語，威爾斯語,Winifred的變體。,,,,,,
女,Winona,,,英語，蘇族,在達科塔語或拉科塔語中意為「長女」。根據民間傳說，這是達科塔族一位酋長（可能是瓦帕沙三世）的女兒的名字，她為了不嫁給她討厭的男人，毅然跳崖自盡。美國許多地方都以她的名字命名。女演員薇諾娜·瑞德（Winona Ryder，1971-）的名字取自她出生的明尼蘇達州城市。,,,,,,
男女,Winslow,,,英語（罕見）,姓氏源自於一個古英語地名，意為「屬於葡萄酒的山丘」。美國畫家溫斯洛荷馬（Winslow Homer，1836-1910）是該姓氏的著名傳承者。,,,,,,
男,Winston,,,英語,源自於一個源自古英語名字 Wynnstan 的英語姓氏。二戰期間英國首相邱吉爾 (1874-1965) 就是其中一位著名的姓氏。喬治‧歐威爾 1949 年出版的小說《1984》中的主角溫斯頓‧史密斯也曾經使用過這個名字。,,,,,,
女,Winter,,,英語（現代）,源自英語中表示季節的單詞，源自古英語 winter。,,,,,,
男,Winthrop,,,英語（罕見）,源自一個姓氏，該姓氏原取自古英語中意為「葡萄酒之村」或「威格蒙德之村」的城鎮名稱。,,,,,,
男,Winton,,,英語,源自於一個源自古英語中意為「屬於葡萄酒的圍場」的地名的姓氏。,,,,,,
女男,Wisdom,,,英語（罕見）,源自英語單字 wis（智慧），源自於古英語中意為「wise」的字根。,,,,,,
女,Wisteria,,,英語（罕見）,源自開花植物的名稱，以美國解剖學家卡斯帕·威斯塔 (Caspar Wistar) 的名字命名。,,,,,,
男,Wolf,,,德語、意第緒語、英語（罕見）、日耳曼語,Wolfgang、Wolfram 以及其他包含古德語元素 wolf（意為「狼」）的名稱的縮寫（原始日耳曼語 *wulfaz）。它也可以直接源自德語或英語單字。作為猶太名字，它可以被認為是 Zeev 的方言形式。,,,,,,
男,Wolfe,,,英語（罕見）,Wolf 的變體，受姓氏拼字的影響（姓氏拼字也源自於該動物）。,,,,,,
男,Woodie,,,英語,Woody 的變體。,,,,,,
男,Woodrow,,,英語,"源自於一個英語姓氏，該姓氏最初源自於一個地名，在古英語中意為「樹林邊的一排房子」。美國總統伍德羅·威爾遜 (Woodrow Wilson, 1856-1924) 曾經使用過這個姓氏，他的中間名取自其母親的娘家姓（他的名字是 Thomas）。在他擔任候選人和總統期間（1912-1921），這個名字開始流行，1913年達到第44位，但此後迅速下滑。",,,,,,
男,Woody,,,英語,要么是包含“木頭”的姓名的縮寫，例如Woodrow，要么是源自英語單字wood的暱稱。著名的使用這個名字的人包括民謠歌手伍德羅·“伍迪”·格思裡（1912-1967）、喜劇演員兼電影導演海伍德·“伍迪”·艾倫（1935-；本名艾倫·斯圖爾特·科尼斯堡）和演員伍德羅·“伍迪”·哈里森（1961-）。卡通人物啄木鳥伍迪（1940年首次亮相）和《玩具總動員》電影中的伍迪（1995年起）也使用這個名字。,,,,,,
女,Wren,,,英語（現代）,源自英語中表示小鳴禽的單字。它最終源自於古英語 wrenna。,,,,,,
女,Wrenlee,,,英語（現代）,Wrenley 的變體。,,,,,,
女,Wrenley,,,英語（現代）,使用流行名稱後綴 ley 對 Wren 進行修飾。,,,,,,
男,Wright,,,英語,來自一個職業姓氏，意思是「工匠」，最終來自古英語 wyrhta。該姓氏的著名傳承人包括第一架成功飛機的發明者 Wright 兄弟（Wilbur 1867-1912 和 Orville 1871-1948），以及美國建築師 Frank Lloyd Wright（1867-1959）。,,,,,,
男,Wyatt,,,英語,源自於一個英語姓氏，姓氏源自中世紀名字 Wyard 或 Wyot，而 Wyard 或 Wyot 又源自於古英語名字 Wigheard。 Wyatt Earp（1848-1929 年）是一位美國執法人員和槍手，參與了著名的 OK Corral 槍戰。,,,,,,
男女,Wynne (2),,,英語（罕見）,源自一個英語姓氏，該姓氏源自於名字 Wine。,,,,,,
女,Wynona,,,英語,Winona 的變體。,,,,,,
女,Wynonna,,,英語（罕見）,Winona 的變體。,,,,,,
女,Wynter,,,英語（現代）,Winter 的變體。,,,,,,
男,Wystan,,,英語（罕見）,源自古英語名稱 Wigstan，由 wig（戰鬥）和 stan（石頭）兩個字組成。這是一位 9 世紀盎格魯撒克遜聖徒的名字。諾曼征服後，該名稱變得稀少，在現代，它主要以英國詩人 W. H. Auden (1907-1973) 的名字而聞名。,,,,,,
X,,,,,,,,,,,
男,Xander,,,荷蘭語，英語（現代）,Alexander 的縮寫。這個名字因電視劇《吸血鬼獵人巴菲》（1997-2003）中的一個角色在英語世界中流行起來。,,,,,,
女,Xanthia,,,英語（罕見）,Xanthe 的現代修飾形式。,,,,,,
女,Xavia,,,英語（罕見）,Xavier 的現代陰性形式。,,,,,,
男,Xavier,,,英語、法語、葡萄牙語、加泰隆尼亞語、西班牙語,"源自巴斯克地名 Etxeberria，意為「新房子」。這是耶穌會神父聖方濟澤維爾 (1506-1552) 的姓氏，他出生在一個以該名字命名的村莊。他曾前往印度、日本、中國和東亞其他地區傳教，是東方和傳教士的守護神。此後，他的姓氏被用作名字以紀念他，尤其是在天主教徒中。
Xaviera f 英語",,,,,,
女,Xaviera,,,英語（罕見）,Xavier 的女性形式。,,,,,,
男,Xavior,,,英語（罕見）,Xavier 的變體。,,,,,,
男,Xzavier,,,英語（現代）,Xavier 的變體。,,,,,,
Y,,,,,,,,,,,
男,Yale,,,英語（罕見）,源自威爾斯姓氏，姓氏本身源自於一個地名，意為「肥沃的高地」（源自威爾斯語 ial）。,,,,,,
男女,Yancy,,,英語,源自一個姓氏，該姓氏是荷蘭姓氏 Jansen 的美式化形式，意為「Jan 1 的兒子」。,,,,,,
女,Yasmin,,,阿拉伯語、希伯來語、烏爾都語、英語（現代）、西班牙語（現代）、葡萄牙語（現代）,在阿拉伯語和希伯來語中意為“茉莉花”，源自波斯語 یاسمین (yāsamīn)。現代西方世界將其用作 Jasmine 的一個受阿拉伯語影響的變體。,,,,,,
女,Yasmine,,,阿拉伯語、法語（現代）、英語（現代）,阿拉伯語 ياسمين 的替代音標（參見 Yasmin）。,,,,,,
女,Yazmin,,,英語（現代）,Jasmine 的變體。,,,,,,
女,Yolanda,,,西班牙語、英語,源自中世紀法文名稱 Yolande，該名可能是 Violante 的一種形式，而 Violante 本身又源自於拉丁文 viola（紫羅蘭）。也可能源自日耳曼語。這個名字源自於12世紀君士坦丁堡拉丁帝國的一位皇后，她原籍佛蘭德斯。她的後代在匈牙利（拼寫為Jolánta）和西班牙（有時拼寫為Violante）的王室也使用這個名字。波蘭的受祝福的尤蘭達（Yolanda of Poland）是匈牙利國王貝拉四世的女兒，嫁給了一位波蘭公爵。維安登的尤蘭達（Yolanda of Vianden）也使用了這個名字，她是13世紀盧森堡的一位伯爵夫人，她違背父母的意願加入了修道院，後來成為中世紀傳奇人物。另一位著名的尤蘭達是15世紀洛林的一位公爵夫人，她是彼得·伊里奇·柴可夫斯基歌劇《約蘭塔》（Iolanta，1892年）的主角。,,,,,,
女,Yolonda,,,英語,Yolanda 的變體。,,,,,,
男,Yorick,,,文學、英語、荷蘭語,可能是 Jörg 的變體。莎士比亞在其戲劇《哈姆雷特》（1600 年）中用此名指一位已故的宮廷小丑。,,,,,,
男,York,,,英語,源自於一個英語姓氏，該姓氏源自於英格蘭北部城市約克（York）。該城市名稱原為 Eburacon，拉丁化為 Eboracum，在布立吞語中意為「紫杉」。在盎格魯-撒克遜時期，它被訥用為 Eoforwic，類似於古英語 eofor“野豬”和 wic“村莊”的用法。維京人將其譯為 Jórvík，最後簡化為 York。,,,,,,
男,Yves,Yvon,,法語、英語,Ivo 1 的中世紀法文形式。這是兩位法國聖人的名字：一位是 11 世紀的沙特爾主教，另一位是 13 世紀的教區牧師兼律師，又稱為 Ivo of Kermartin，是布列塔尼的保護神。,,,,,,
女,Yvette,,,法語、英語,Yves 的法語陰性形式。,,,,,,
女,Yvonne,,,法語、英語、德語、荷蘭語、瑞典語、挪威語、丹麥語,Yvon 的法語陰性形式。自 19 世紀末以來，它在英語世界中經常使用。,,,,,,
Z,,,,,,,,,,,
男,Zac,,,英語,Zachary 的縮寫。,,,,,,
男,Zach,,,英語,Zachary 的縮寫。,,,,,,
男,Zachariah,,,英語，聖經用語,Zechariah 的變體。此拼法在《舊約》欽定本中用於指稱以色列的一位國王（在其他版本中被稱為 Zechariah）。,,,,,,
男,Zachary,,,英語，聖經用語,Zacharias 常用的英語形式，用於某些英語版《新約》。此形式自中世紀以來一直使用，但直到宗教改革後才變得普遍。美國軍事指揮官兼總統扎卡里·泰勒（1784-1850）曾使用此名稱。,,,,,,
男,Zachery,,,英語,Zachary 的變體。,,,,,,
男,Zack,,,英語,Zachary 的縮寫,,,,,,
男,Zackary,,,英語,Zachary 的變體。,,,,,,
男,Zackery,,,英語,Zachary 的變體。,,,,,,
男,Zaiden,,,英語（現代）,Zayden 的變體。,,,,,,
男,Zak,,,英語,Zachary 的縮寫。,,,,,,
男,Zander,,,英語（現代）,Xander 的變體。,,,,,,
女,Zandra,,,英語,Alexandra 的縮寫。,,,,,,
男,Zane (1),,,英語,源自一個含義不明的英語姓氏。它是由美國作家贊恩·格雷（1872-1939）作為名字引入。 Zane 實際上是他的中間名——這是他母親的娘家姓。,,,,,,
女,Zanna,,,英語,Suzanna 的縮寫。,,,,,,
女,Zara (1),,,文學，英語,威廉·康格里夫在其悲劇《哀悼的新娘》（1697 年）中用它塑造一個角色，該角色屬於一位被俘的北非女王。康格里夫可能以阿拉伯語名字 Zahra 1 為基礎。 1736 年，英國作家亞倫·希爾（Aaron Hill）在其改編自伏爾泰法國戲劇《扎伊爾》（1732 年）的熱門作品中，用它來翻譯 Zaïre。在英國，這個名字因安妮公主於 1981 年將其賜予女兒而廣為流傳。該名字的使用也可能受到西班牙時尚服飾零售商 Zara 的影響。,,,,,,
女,Zaria,,,英語（現代）,可能源自 Zahra 2 或尼日利亞城市扎里亞。,,,,,,
女,Zariah,,,英語（現代）,Zaria 或 Sariah 的變體。,,,,,,
女,Zavanna,,,英語（罕見）,Savannah 的變體。,,,,,,
女,Zavia,,,英語（罕見）,Xavier 的現代女性形式。,,,,,,
男,Zavier,,,英語（現代）,Xavier 的變體。,,,,,,
男,Zayden,,,英語（現代）,一個自創的名字，使用了常見的 den 後綴發音，例如 Braden、Hayden、Jayden 和 Aidan。,,,,,,
男,Zayne,,,英語（現代）,Zane 1 的變體。,,,,,,
男,Zeb,,,英語,Zebulun 或 Zebedee 的縮寫。,,,,,,
男,Zechariah,,,聖經英語,源自希伯來文名字זְכַרְיָה (Zeḵarya)，意為「耶和華記得」，其字根זָכַר (zaḵar) 意為「記得」，以及יָהּ (yah) 指希伯來文中的上帝。舊約中許多人物都用這個名字命名，包括先知撒迦利亞，他是《撒迦利亞書》的作者。在新約聖經中，施洗約翰的父親也用這個名字命名，他因不信而暫時啞口無言。他被基督徒視為聖徒。在《新約》的某些版本中，他的名字拼寫為希臘語 Zacharias 或英語 Zachary。 Zechariah 作為英語名，自宗教改革以來偶爾使用。,,,,,,
男,Zed,,,英語,Zedekiah 的縮寫。,,,,,,
男,Zeke,,,英語,Ezekiel 的縮寫。,,,,,,
女,Zelda (2),,,英語,Griselda 的縮寫。這是電子遊戲《薩爾達傳說》中一位公主的名字，該遊戲於 1986 年首次亮相，日文名為ゼルダ（Zeruda）。據其創作者宮本茂稱，她的名字取自美國社交名媛澤爾達·菲茨杰拉德 (1900-1948)。,,,,,,
女,Zella,,,英語,意義不明，可能是虛構的名字。起源於 19 世紀。,,,,,,
女,Zelma,,,英語,Selma 1 的變體。,,,,,,
女,Zena,,,英語,含義不明。它可能是 Xenia 的變體，也可能是包含此發音的名字的縮寫，例如 Alexina、Rosina 或 Zenobia。此名字自 19 世紀以來偶爾使用。,,,,,,
女,Zenia,,,英語（罕見）,Xenia 的變體。,,,,,,
男,Zeph,,,英語,Zephaniah 的縮寫。,,,,,,
女,Zinnia,,,英語（罕見）,源自於一種花名，該花以德國植物學家約翰·津恩 (Johann Zinn) 的名字命名。,,,,,,
女,Zoe,,,英語、義大利語、西班牙語、德語、捷克語、古希臘語,希臘文意為「生命」。早期，希臘化的猶太人用它來翻譯夏娃 (Eve)。兩位早期基督徒聖人都使用過這個名字，一位在哈德良皇帝統治下殉道，另一位在戴克里先統治下殉道。這個名字在拜占庭帝國很常見，由11世紀的一位在位皇后所使用。作為英語名，Zoe（有時帶分音符，拼寫為Zoë）自19世紀才開始使用。它在東方基督徒中更為常見（有多種拼寫方式）。,,,,,,
女,Zoë,,,荷蘭語、英語,Zoe 的荷蘭語形式和英語變體。,,,,,,
女,Zoey,,,英語（現代）,Zoe 的變體。,,,,,,
女,Zoie,,,英語（現代）,Zoe 的變體。,,,,,,
女,Zola (1),,,英語,意義不明，可能是自創的名字。自19世紀以來，它在英語世界中偶爾使用。它與一個義大利姓氏重合，著名的持有者是法裔義大利作家埃米爾·左拉（1840-1902）。,,,,,,
女,Zowie,,,英語（罕見）,Zoe 的變體。,,,,,,
女,Zula (2),,,英語,含義不明。自19世紀以來一直在使用。它可能與主要居住在南非的非洲部落祖魯人的名字有關。 19 世紀，祖魯人在領袖沙卡的領導下成為一個強大的國家。,,,,,,
